participant_id,data_source_nature,age,gender,height_cm,weight_kg,bmi,bmi_category,occupation,sleep_duration_hrs,sleep_time_dec,wake_up_time_dec,sleep_time_str,wake_up_time_str,sleep_quality,work_study_hrs,screen_time_hrs,physical_activity_min,water_intake_liters,meal_regularity,outdoor_time_min,stress_level,mood,relaxation_activity,breakfast_regular,fruit_veg_intake,processed_food_freq,caffeine_freq,meal_timing_consistency,health_conditions,sleep_score,activity_score,stress_score,hydration_score,routine_score,nutrition_score,lifestyle_wellness_score,wellness_category
HS-OBS-0001,Empirical Lifestyle Survey (Academic Observational Cohort),27,Male,165.8,72.3,26.3,Overweight,Working Professional (IT/Corporate),6.1,1.0,7.1,01:00 AM,07:06 AM,Moderate,9.2,8.4,42.0,2.5,Regular,23.8,6,Neutral,True,True,Medium,Medium,Medium,Irregular,None,70.1,87.5,51.0,86.8,56.0,65.0,68.5,Moderate (Madhyama)
HS-OBS-0002,Empirical Lifestyle Survey (Academic Observational Cohort),28,Male,170.0,59.3,20.5,Normal,Healthcare Worker,6.2,1.5,7.7,01:30 AM,07:42 AM,Moderate,8.5,4.2,60.0,1.6,Irregular,46.6,8,Low,True,False,Low,High,High,Irregular,Anxiety/stress-related concerns,70.7,100.0,33.8,62.1,53.0,10.0,54.7,Needs Attention (Hina Vihara)
HS-OBS-0003,Empirical Lifestyle Survey (Academic Observational Cohort),28,Male,181.3,71.5,21.8,Normal,Healthcare Worker,6.2,1.0,7.2,01:00 AM,07:12 AM,Moderate,9.1,5.7,60.0,2.9,Regular,48.1,8,Low,False,True,Low,High,High,Regular,Anxiety/stress-related concerns,71.7,100.0,31.9,99.6,83.0,17.0,63.1,Moderate (Madhyama)
HS-OBS-0004,Empirical Lifestyle Survey (Academic Observational Cohort),28,Male,171.9,93.2,31.5,Obesity Range,Working Professional (IT/Corporate),5.9,0.5,6.4,12:30 AM,06:24 AM,Poor,8.1,8.1,30.0,3.3,Irregular,40.3,8,Low,False,True,Low,High,High,Irregular,Sleep Apnea; Hypertension; Anxiety/stress-related concerns,64.1,76.3,31.9,99.2,53.0,17.0,53.6,Needs Attention (Hina Vihara)
HS-OBS-0005,Empirical Lifestyle Survey (Academic Observational Cohort),28,Male,164.9,82.0,30.2,Obesity Range,Working Professional (IT/Corporate),5.9,0.5,6.4,12:30 AM,06:24 AM,Poor,10.1,7.8,30.0,3.1,Irregular,24.1,8,Low,True,True,Low,High,High,Irregular,Sleep Apnea; Hypertension; Anxiety/stress-related concerns,64.1,70.8,33.8,99.9,52.2,17.0,52.9,Needs Attention (Hina Vihara)
HS-OBS-0006,Empirical Lifestyle Survey (Academic Observational Cohort),28,Male,179.7,98.4,30.5,Obesity Range,Working Professional (IT/Corporate),5.9,1.5,7.4,01:30 AM,07:24 AM,Poor,8.7,8.0,30.0,3.1,Regular,19.7,8,Low,False,True,Low,High,High,Regular,Insomnia; Hypertension,63.1,66.4,31.9,83.9,76.0,17.0,52.8,Needs Attention (Hina Vihara)
HS-OBS-0007,Empirical Lifestyle Survey (Academic Observational Cohort),29,Male,176.0,91.8,29.6,Obesity Range,Educator / Academic,6.3,1.0,7.3,01:00 AM,07:18 AM,Moderate,8.4,6.6,40.0,3.9,Regular,31.7,7,Neutral,False,False,Medium,Medium,High,Regular,Insomnia; Hypertension,73.2,92.2,41.7,98.8,86.0,32.0,67.0,Moderate (Madhyama)
HS-OBS-0008,Empirical Lifestyle Survey (Academic Observational Cohort),29,Male,176.1,70.6,22.8,Normal,Healthcare Worker,7.8,23.0,6.8,11:00 PM,06:48 AM,Moderate,11.0,7.4,75.0,2.9,Irregular,53.8,6,Neutral,True,True,Medium,Medium,High,Irregular,None,85.5,100.0,51.0,99.2,38.0,52.0,70.8,Good (Prasanna)
HS-OBS-0009,Empirical Lifestyle Survey (Academic Observational Cohort),29,Male,172.3,66.5,22.4,Normal,Healthcare Worker,7.8,22.0,5.8,10:00 PM,05:48 AM,Moderate,12.3,4.6,75.0,2.9,Regular,34.7,6,Neutral,True,True,Medium,Medium,High,Regular,None,86.0,100.0,51.0,99.8,81.6,52.0,76.3,Good (Prasanna)
HS-OBS-0010,Empirical Lifestyle Survey (Academic Observational Cohort),29,Male,170.8,61.2,21.0,Normal,Healthcare Worker,7.8,23.0,6.8,11:00 PM,06:48 AM,Moderate,6.9,5.8,75.0,2.7,Regular,50.6,6,Neutral,True,True,Medium,Medium,Low,Regular,None,85.5,100.0,51.0,99.7,93.0,70.0,80.7,Good (Prasanna)
HS-OBS-0011,Empirical Lifestyle Survey (Academic Observational Cohort),29,Male,171.9,63.5,21.5,Normal,Healthcare Worker,6.1,1.5,7.6,01:30 AM,07:36 AM,Moderate,7.8,7.4,30.0,2.5,Irregular,23.0,8,Low,False,True,Low,High,High,Irregular,Anxiety/stress-related concerns,69.1,69.7,31.9,99.9,46.0,17.0,52.7,Needs Attention (Hina Vihara)
HS-OBS-0012,Empirical Lifestyle Survey (Academic Observational Cohort),29,Male,176.5,72.5,23.3,Normal,Healthcare Worker,7.8,22.0,5.8,10:00 PM,05:48 AM,Moderate,7.9,4.8,75.0,2.6,Regular,69.3,6,Neutral,False,True,Medium,Medium,Medium,Regular,None,86.0,100.0,49.2,82.2,100.0,65.0,78.7,Good (Prasanna)
HS-OBS-0013,Empirical Lifestyle Survey (Academic Observational Cohort),29,Male,174.3,64.0,21.1,Normal,Healthcare Worker,6.1,1.5,7.6,01:30 AM,07:36 AM,Moderate,6.9,5.9,30.0,2.4,Irregular,10.1,8,Low,False,True,Low,High,High,Irregular,Anxiety/stress-related concerns,69.1,56.8,31.9,99.5,53.0,17.0,51.2,Needs Attention (Hina Vihara)
HS-OBS-0014,Empirical Lifestyle Survey (Academic Observational Cohort),29,Male,172.3,65.9,22.2,Normal,Healthcare Worker,6.0,2.0,8.0,02:00 AM,08:00 AM,Moderate,11.7,3.5,30.0,2.6,Irregular,41.3,8,Low,True,True,Low,High,High,Irregular,Anxiety/stress-related concerns,67.6,76.7,33.8,99.8,39.4,17.0,53.2,Needs Attention (Hina Vihara)
HS-OBS-0015,Empirical Lifestyle Survey (Academic Observational Cohort),29,Male,164.6,56.3,20.8,Normal,Healthcare Worker,6.0,2.0,8.0,02:00 AM,08:00 AM,Moderate,8.3,7.5,30.0,2.7,Regular,18.5,8,Low,False,True,Low,High,High,Regular,Anxiety/stress-related concerns,67.6,65.2,31.9,97.3,86.0,17.0,56.1,Moderate (Madhyama)
HS-OBS-0016,Empirical Lifestyle Survey (Academic Observational Cohort),29,Male,173.0,68.2,22.8,Normal,Healthcare Worker,6.0,1.0,7.0,01:00 AM,07:00 AM,Moderate,11.1,6.3,30.0,2.3,Regular,23.3,8,Low,False,True,Low,High,High,Regular,Anxiety/stress-related concerns,68.6,70.0,31.9,87.2,77.2,17.0,55.1,Moderate (Madhyama)
HS-OBS-0017,Empirical Lifestyle Survey (Academic Observational Cohort),29,Female,156.4,55.8,22.8,Normal,Healthcare Worker,6.5,23.25,5.75,11:15 PM,05:45 AM,Poor,10.7,6.6,40.0,1.8,Regular,31.8,7,Neutral,False,True,Medium,Medium,High,Irregular,Sleep Apnea,74.8,92.2,41.7,78.7,67.4,52.0,66.7,Moderate (Madhyama)
HS-OBS-0018,Empirical Lifestyle Survey (Academic Observational Cohort),29,Male,180.3,76.6,23.6,Normal,Healthcare Worker,6.0,1.0,7.0,01:00 AM,07:00 AM,Moderate,8.4,4.3,30.0,3.2,Regular,29.3,8,Low,True,True,Low,High,High,Regular,Sleep Apnea; Anxiety/stress-related concerns,68.6,76.0,33.8,98.9,93.0,17.0,59.6,Moderate (Madhyama)
HS-OBS-0019,Empirical Lifestyle Survey (Academic Observational Cohort),29,Female,164.6,64.2,23.7,Normal,Healthcare Worker,6.5,23.5,6.0,11:30 PM,06:00 AM,Poor,11.5,6.3,40.0,2.5,Irregular,28.9,7,Neutral,True,False,Medium,Medium,High,Irregular,Insomnia,74.8,91.1,43.5,99.6,41.0,32.0,62.2,Moderate (Madhyama)
HS-OBS-0020,Empirical Lifestyle Survey (Academic Observational Cohort),30,Male,160.9,57.4,22.2,Normal,Healthcare Worker,7.6,22.75,6.35,10:45 PM,06:21 AM,Moderate,11.9,4.5,75.0,2.2,Regular,54.6,6,Neutral,True,True,Medium,Medium,High,Regular,None,85.5,100.0,51.0,83.5,84.8,52.0,74.9,Good (Prasanna)
HS-OBS-0021,Empirical Lifestyle Survey (Academic Observational Cohort),30,Male,172.4,66.9,22.5,Normal,Healthcare Worker,7.7,22.5,6.2,10:30 PM,06:12 AM,Moderate,10.2,2.8,75.0,2.5,Regular,56.7,6,Neutral,False,True,Medium,Medium,High,Irregular,None,86.0,100.0,49.2,84.3,78.4,52.0,74.0,Good (Prasanna)
HS-OBS-0022,Empirical Lifestyle Survey (Academic Observational Cohort),30,Male,179.5,74.5,23.1,Normal,Healthcare Worker,7.7,22.0,5.7,10:00 PM,05:42 AM,Moderate,9.5,5.8,75.0,3.3,Regular,43.0,6,Neutral,False,True,Medium,Medium,High,Regular,None,86.0,100.0,49.2,99.7,90.0,52.0,76.9,Good (Prasanna)
HS-OBS-0023,Empirical Lifestyle Survey (Academic Observational Cohort),30,Male,166.8,62.4,22.4,Normal,Healthcare Worker,7.7,22.0,5.7,10:00 PM,05:42 AM,Moderate,8.4,4.2,75.0,2.5,Regular,51.4,6,Neutral,True,True,Medium,Medium,Medium,Regular,None,86.0,100.0,51.0,89.0,100.0,65.0,79.7,Good (Prasanna)
HS-OBS-0024,Empirical Lifestyle Survey (Academic Observational Cohort),30,Male,173.1,71.5,23.9,Normal,Healthcare Worker,7.7,22.25,5.95,10:15 PM,05:57 AM,Moderate,8.0,4.1,75.0,3.3,Regular,42.2,6,Neutral,True,True,Medium,Medium,Medium,Irregular,None,86.0,100.0,51.0,99.3,80.0,65.0,78.3,Good (Prasanna)
HS-OBS-0025,Empirical Lifestyle Survey (Academic Observational Cohort),30,Male,163.2,57.3,21.5,Normal,Healthcare Worker,7.8,23.0,6.8,11:00 PM,06:48 AM,Moderate,8.6,3.8,75.0,2.7,Regular,44.4,6,Neutral,True,True,Medium,Medium,Medium,Irregular,None,85.5,100.0,51.0,99.7,63.0,65.0,76.2,Good (Prasanna)
HS-OBS-0026,Empirical Lifestyle Survey (Academic Observational Cohort),30,Male,168.4,62.4,22.0,Normal,Healthcare Worker,7.9,22.5,6.4,10:30 PM,06:24 AM,Moderate,13.7,2.9,75.0,2.9,Irregular,32.8,6,Neutral,False,True,Medium,Medium,High,Irregular,None,86.0,100.0,49.2,99.6,40.0,52.0,70.9,Good (Prasanna)
HS-OBS-0027,Empirical Lifestyle Survey (Academic Observational Cohort),30,Male,172.9,64.9,21.7,Normal,Healthcare Worker,7.8,23.0,6.8,11:00 PM,06:48 AM,Moderate,7.6,7.2,75.0,2.7,Regular,42.8,6,Neutral,False,True,Medium,Medium,Medium,Regular,None,85.5,100.0,49.2,99.2,86.0,65.0,78.6,Good (Prasanna)
HS-OBS-0028,Empirical Lifestyle Survey (Academic Observational Cohort),30,Male,164.8,62.3,22.9,Normal,Healthcare Worker,7.9,22.5,6.4,10:30 PM,06:24 AM,Moderate,8.3,6.7,75.0,2.4,Regular,44.8,6,Neutral,True,True,Medium,Medium,Medium,Irregular,None,86.0,100.0,51.0,85.5,73.0,65.0,76.1,Good (Prasanna)
HS-OBS-0029,Empirical Lifestyle Survey (Academic Observational Cohort),30,Male,165.3,62.5,22.9,Normal,Healthcare Worker,7.9,22.0,5.9,10:00 PM,05:54 AM,Moderate,8.9,3.3,75.0,2.6,Regular,47.2,6,Neutral,True,True,Medium,Medium,Medium,Regular,None,86.0,100.0,51.0,99.1,90.0,65.0,79.5,Good (Prasanna)
HS-OBS-0030,Empirical Lifestyle Survey (Academic Observational Cohort),30,Male,176.0,71.2,23.0,Normal,Healthcare Worker,7.9,22.5,6.4,10:30 PM,06:24 AM,Moderate,8.2,3.7,75.0,2.9,Regular,60.7,6,Neutral,False,True,Medium,Medium,Medium,Irregular,None,86.0,100.0,49.2,99.1,80.0,65.0,78.0,Good (Prasanna)
HS-OBS-0031,Empirical Lifestyle Survey (Academic Observational Cohort),30,Female,150.0,47.4,21.1,Normal,Healthcare Worker,6.4,0.5,6.9,12:30 AM,06:54 AM,Poor,7.2,5.5,35.0,2.2,Regular,43.2,7,Neutral,True,True,Medium,Medium,High,Regular,Sleep Apnea,71.8,84.4,43.5,98.8,93.0,52.0,70.1,Good (Prasanna)
HS-OBS-0032,Empirical Lifestyle Survey (Academic Observational Cohort),30,Female,163.3,60.4,22.6,Normal,Healthcare Worker,6.4,1.5,7.9,01:30 AM,07:54 AM,Poor,6.1,7.3,35.0,2.1,Regular,44.6,7,Neutral,False,True,Medium,Medium,High,Regular,Insomnia,70.8,84.4,41.7,87.3,86.0,52.0,67.5,Moderate (Madhyama)
HS-OBS-0033,Empirical Lifestyle Survey (Academic Observational Cohort),31,Female,162.5,62.3,23.6,Normal,Healthcare Worker,7.9,22.0,5.9,10:00 PM,05:54 AM,Good,8.4,3.9,75.0,3.2,Regular,36.8,4,Good,True,True,High,Low,Medium,Regular,None,88.4,100.0,67.5,98.2,100.0,95.0,89.9,Excellent (Svastha)
HS-OBS-0034,Empirical Lifestyle Survey (Academic Observational Cohort),31,Male,180.2,74.2,22.9,Normal,Healthcare Worker,6.1,0.5,6.6,12:30 AM,06:36 AM,Moderate,11.1,5.9,30.0,3.1,Irregular,30.5,8,Low,False,True,Low,High,High,Irregular,Anxiety/stress-related concerns,70.1,76.7,31.9,98.9,44.2,17.0,53.9,Needs Attention (Hina Vihara)
HS-OBS-0035,Empirical Lifestyle Survey (Academic Observational Cohort),31,Male,172.4,69.1,23.2,Normal,Healthcare Worker,7.7,22.25,5.95,10:15 PM,05:57 AM,Moderate,9.7,6.2,75.0,2.4,Irregular,47.2,6,Neutral,True,True,Medium,Medium,High,Irregular,None,86.0,100.0,51.0,78.9,43.0,52.0,69.5,Moderate (Madhyama)
HS-OBS-0036,Empirical Lifestyle Survey (Academic Observational Cohort),31,Male,178.9,68.2,21.3,Normal,Healthcare Worker,6.1,0.0,6.1,12:00 AM,06:06 AM,Moderate,8.9,10.1,30.0,2.0,Irregular,18.8,8,Low,False,True,Low,High,High,Irregular,Anxiety/stress-related concerns,70.1,57.1,31.9,75.8,42.0,17.0,47.8,Needs Attention (Hina Vihara)
HS-OBS-0037,Empirical Lifestyle Survey (Academic Observational Cohort),31,Male,174.9,71.5,23.4,Normal,Healthcare Worker,6.1,1.5,7.6,01:30 AM,07:36 AM,Moderate,9.3,8.2,30.0,3.1,Irregular,11.2,8,Low,True,True,Low,High,High,Irregular,Anxiety/stress-related concerns,69.1,57.1,33.8,98.4,36.0,17.0,49.5,Needs Attention (Hina Vihara)
HS-OBS-0038,Empirical Lifestyle Survey (Academic Observational Cohort),31,Male,169.8,66.9,23.2,Normal,Healthcare Worker,7.6,22.0,5.6,10:00 PM,05:36 AM,Moderate,12.8,6.1,75.0,2.9,Regular,46.4,6,Neutral,False,True,Medium,Medium,High,Regular,None,86.0,100.0,49.2,99.7,73.0,52.0,74.9,Good (Prasanna)
HS-OBS-0039,Empirical Lifestyle Survey (Academic Observational Cohort),31,Male,172.8,70.3,23.5,Normal,Healthcare Worker,7.6,22.5,6.1,10:30 PM,06:06 AM,Moderate,7.4,7.0,75.0,3.0,Regular,43.2,6,Neutral,True,True,Medium,Medium,Low,Regular,None,86.0,100.0,51.0,99.7,93.0,70.0,80.9,Good (Prasanna)
HS-OBS-0040,Empirical Lifestyle Survey (Academic Observational Cohort),31,Male,175.3,70.4,22.9,Normal,Healthcare Worker,7.6,22.5,6.1,10:30 PM,06:06 AM,Moderate,10.1,7.6,75.0,3.3,Irregular,44.5,6,Neutral,False,False,Medium,Medium,High,Irregular,None,86.0,100.0,49.2,99.1,52.2,32.0,68.7,Moderate (Madhyama)
HS-OBS-0041,Empirical Lifestyle Survey (Academic Observational Cohort),31,Male,180.1,67.1,20.7,Normal,Healthcare Worker,7.7,23.0,6.7,11:00 PM,06:42 AM,Moderate,10.9,4.7,75.0,2.4,Regular,39.0,6,Neutral,True,True,Medium,Medium,High,Regular,None,85.5,100.0,51.0,80.7,85.8,52.0,74.7,Good (Prasanna)
HS-OBS-0042,Empirical Lifestyle Survey (Academic Observational Cohort),31,Male,172.2,66.4,22.4,Normal,Healthcare Worker,7.7,23.0,6.7,11:00 PM,06:42 AM,Moderate,9.2,5.9,75.0,2.7,Irregular,47.5,6,Neutral,False,True,Medium,Medium,Medium,Irregular,None,85.5,100.0,49.2,98.9,43.0,65.0,73.4,Good (Prasanna)
HS-OBS-0043,Empirical Lifestyle Survey (Academic Observational Cohort),31,Male,167.1,66.7,23.9,Normal,Healthcare Worker,7.7,22.0,5.7,10:00 PM,05:42 AM,Moderate,12.2,5.3,75.0,2.6,Irregular,43.3,6,Neutral,True,True,Medium,Medium,High,Irregular,None,86.0,100.0,51.0,87.9,42.4,52.0,70.4,Good (Prasanna)
HS-OBS-0044,Empirical Lifestyle Survey (Academic Observational Cohort),31,Male,168.1,60.1,21.3,Normal,Healthcare Worker,7.8,22.75,6.55,10:45 PM,06:33 AM,Moderate,6.1,6.0,75.0,2.8,Regular,53.5,6,Neutral,True,True,Medium,Medium,Low,Irregular,None,85.5,100.0,51.0,99.7,73.0,70.0,78.3,Good (Prasanna)
HS-OBS-0045,Empirical Lifestyle Survey (Academic Observational Cohort),31,Male,177.0,74.3,23.7,Normal,Healthcare Worker,7.7,22.25,5.95,10:15 PM,05:57 AM,Moderate,12.2,3.8,75.0,3.2,Regular,56.9,6,Neutral,False,True,Medium,Medium,High,Regular,None,86.0,100.0,49.2,99.9,82.4,52.0,76.0,Good (Prasanna)
HS-OBS-0046,Empirical Lifestyle Survey (Academic Observational Cohort),31,Male,169.8,63.0,21.9,Normal,Healthcare Worker,7.8,22.5,6.3,10:30 PM,06:18 AM,Moderate,10.0,5.9,75.0,1.8,Irregular,38.5,6,Neutral,False,True,Medium,Medium,High,Irregular,None,86.0,100.0,49.2,63.6,50.0,52.0,68.5,Moderate (Madhyama)
HS-OBS-0047,Empirical Lifestyle Survey (Academic Observational Cohort),31,Male,181.6,76.7,23.3,Normal,Healthcare Worker,7.7,23.0,6.7,11:00 PM,06:42 AM,Moderate,10.1,4.6,75.0,3.7,Irregular,39.8,6,Neutral,False,True,Medium,Medium,High,Irregular,None,85.5,100.0,49.2,98.5,52.2,52.0,72.1,Good (Prasanna)
HS-OBS-0048,Empirical Lifestyle Survey (Academic Observational Cohort),31,Male,168.6,66.8,23.5,Normal,Healthcare Worker,7.8,22.25,6.05,10:15 PM,06:03 AM,Moderate,8.0,5.1,75.0,2.9,Regular,62.1,6,Neutral,False,True,Medium,Medium,Medium,Regular,None,86.0,100.0,49.2,99.7,100.0,65.0,80.4,Good (Prasanna)
HS-OBS-0049,Empirical Lifestyle Survey (Academic Observational Cohort),31,Male,178.7,71.5,22.4,Normal,Healthcare Worker,7.7,22.0,5.7,10:00 PM,05:42 AM,Moderate,9.8,4.7,75.0,3.9,Regular,56.9,6,Neutral,True,True,Medium,Medium,High,Regular,None,86.0,100.0,51.0,96.9,90.0,52.0,77.0,Good (Prasanna)
HS-OBS-0050,Empirical Lifestyle Survey (Academic Observational Cohort),31,Male,170.2,69.0,23.8,Normal,Healthcare Worker,7.7,22.25,5.95,10:15 PM,05:57 AM,Moderate,6.4,7.5,75.0,3.2,Regular,44.7,6,Neutral,False,True,Medium,Medium,Low,Regular,Sleep Apnea,86.0,100.0,49.2,99.3,93.0,70.0,80.5,Good (Prasanna)
HS-OBS-0051,Empirical Lifestyle Survey (Academic Observational Cohort),32,Male,178.4,69.5,21.8,Normal,Working Professional (IT/Corporate),7.5,23.0,6.5,11:00 PM,06:30 AM,Good,9.2,8.2,45.0,3.2,Irregular,35.9,3,Good,True,True,High,Medium,Medium,Irregular,None,87.9,99.2,75.0,98.3,43.0,80.0,81.6,Good (Prasanna)
HS-OBS-0052,Empirical Lifestyle Survey (Academic Observational Cohort),32,Male,176.0,67.2,21.7,Normal,Working Professional (IT/Corporate),7.5,22.5,6.0,10:30 PM,06:00 AM,Good,6.6,9.9,45.0,1.9,Regular,48.5,3,Good,True,True,High,Low,Low,Regular,None,88.4,92.4,75.0,69.7,93.0,100.0,87.2,Excellent (Svastha)
HS-OBS-0053,Empirical Lifestyle Survey (Academic Observational Cohort),32,Male,175.9,70.8,22.9,Normal,Healthcare Worker,6.0,0.0,6.0,12:00 AM,06:00 AM,Moderate,7.9,5.4,30.0,3.0,Irregular,17.6,8,Low,False,False,Low,High,High,Irregular,Anxiety/stress-related concerns,68.6,64.3,31.9,98.8,60.0,10.0,51.9,Needs Attention (Hina Vihara)
HS-OBS-0054,Empirical Lifestyle Survey (Academic Observational Cohort),32,Male,175.5,65.0,21.1,Normal,Healthcare Worker,7.6,23.0,6.6,11:00 PM,06:36 AM,Moderate,12.5,8.8,75.0,3.1,Irregular,43.5,6,Neutral,False,True,Medium,Medium,High,Irregular,None,85.5,96.8,49.2,99.1,31.5,52.0,69.1,Moderate (Madhyama)
HS-OBS-0055,Empirical Lifestyle Survey (Academic Observational Cohort),32,Male,184.3,70.7,20.8,Normal,Healthcare Worker,6.0,1.0,7.0,01:00 AM,07:00 AM,Moderate,9.1,6.7,30.0,2.5,Irregular,19.6,8,Low,False,True,Low,High,High,Irregular,Anxiety/stress-related concerns,68.6,66.3,31.9,99.0,36.0,17.0,50.7,Needs Attention (Hina Vihara)
HS-OBS-0056,Empirical Lifestyle Survey (Academic Observational Cohort),32,Male,176.0,70.0,22.6,Normal,Healthcare Worker,6.0,0.5,6.5,12:30 AM,06:30 AM,Moderate,11.0,4.1,30.0,2.7,Regular,33.2,8,Low,False,True,Low,High,High,Irregular,Anxiety/stress-related concerns,68.6,76.7,31.9,100.0,72.0,17.0,57.0,Moderate (Madhyama)
HS-OBS-0057,Empirical Lifestyle Survey (Academic Observational Cohort),32,Male,168.0,60.2,21.3,Normal,Healthcare Worker,7.7,22.25,5.95,10:15 PM,05:57 AM,Moderate,6.9,7.2,75.0,2.7,Regular,46.4,6,Neutral,False,True,Medium,Medium,Low,Irregular,None,86.0,100.0,49.2,99.9,73.0,70.0,78.1,Good (Prasanna)
HS-OBS-0058,Empirical Lifestyle Survey (Academic Observational Cohort),32,Male,167.2,60.7,21.7,Normal,Healthcare Worker,6.0,0.0,6.0,12:00 AM,06:00 AM,Moderate,7.9,5.5,30.0,3.2,Regular,33.6,8,Low,False,True,Low,High,High,Regular,Anxiety/stress-related concerns,68.6,76.7,31.9,97.6,100.0,17.0,60.1,Moderate (Madhyama)
HS-OBS-0059,Empirical Lifestyle Survey (Academic Observational Cohort),32,Male,178.1,68.9,21.7,Normal,Healthcare Worker,6.0,1.0,7.0,01:00 AM,07:00 AM,Moderate,12.9,5.5,30.0,2.7,Irregular,22.6,8,Low,False,False,Low,High,High,Irregular,Anxiety/stress-related concerns,68.6,69.3,31.9,99.8,33.0,10.0,49.7,Needs Attention (Hina Vihara)
HS-OBS-0060,Empirical Lifestyle Survey (Academic Observational Cohort),32,Male,171.1,62.9,21.5,Normal,Healthcare Worker,7.7,22.0,5.7,10:00 PM,05:42 AM,Moderate,9.6,4.3,75.0,2.8,Irregular,45.3,6,Neutral,False,True,Medium,Medium,High,Irregular,None,86.0,100.0,49.2,99.9,50.0,52.0,72.1,Good (Prasanna)
HS-OBS-0061,Empirical Lifestyle Survey (Academic Observational Cohort),32,Male,169.0,67.0,23.5,Normal,Healthcare Worker,6.0,1.0,7.0,01:00 AM,07:00 AM,Moderate,10.9,6.3,30.0,2.8,Regular,11.5,8,Low,True,True,Low,High,High,Irregular,Anxiety/stress-related concerns,68.6,58.2,33.8,99.0,58.8,17.0,52.3,Needs Attention (Hina Vihara)
HS-OBS-0062,Empirical Lifestyle Survey (Academic Observational Cohort),32,Male,188.2,75.0,21.2,Normal,Healthcare Worker,6.0,1.5,7.5,01:30 AM,07:30 AM,Moderate,8.7,5.1,30.0,2.3,Regular,31.9,8,Low,False,True,Low,High,High,Irregular,Anxiety/stress-related concerns,67.6,76.7,31.9,80.0,63.0,17.0,53.7,Needs Attention (Hina Vihara)
HS-OBS-0063,Empirical Lifestyle Survey (Academic Observational Cohort),32,Male,167.3,57.9,20.7,Normal,Healthcare Worker,6.2,0.5,6.7,12:30 AM,06:42 AM,Moderate,8.8,4.7,30.0,2.5,Regular,34.4,8,Low,False,True,Low,High,High,Regular,Anxiety/stress-related concerns,71.7,76.7,31.9,98.8,83.0,17.0,58.9,Moderate (Madhyama)
HS-OBS-0064,Empirical Lifestyle Survey (Academic Observational Cohort),32,Male,177.1,74.2,23.7,Normal,Healthcare Worker,6.2,1.5,7.7,01:30 AM,07:42 AM,Moderate,9.8,5.6,30.0,3.0,Regular,38.1,8,Low,True,True,Low,High,High,Irregular,Anxiety/stress-related concerns,70.7,76.7,33.8,99.3,63.0,17.0,56.7,Moderate (Madhyama)
HS-OBS-0065,Empirical Lifestyle Survey (Academic Observational Cohort),32,Male,174.9,64.4,21.1,Normal,Healthcare Worker,6.2,1.0,7.2,01:00 AM,07:12 AM,Moderate,8.7,6.5,30.0,2.5,Regular,32.1,8,Low,True,True,Low,High,High,Regular,Anxiety/stress-related concerns,71.7,76.7,33.8,100.0,76.0,17.0,58.5,Moderate (Madhyama)
HS-OBS-0066,Empirical Lifestyle Survey (Academic Observational Cohort),32,Male,162.3,59.6,22.6,Normal,Healthcare Worker,6.2,0.0,6.2,12:00 AM,06:12 AM,Moderate,9.5,7.8,30.0,2.4,Irregular,23.7,8,Low,False,True,Low,High,High,Irregular,Anxiety/stress-related concerns,71.7,70.4,31.9,99.7,43.0,17.0,53.0,Needs Attention (Hina Vihara)
HS-OBS-0067,Empirical Lifestyle Survey (Academic Observational Cohort),32,Male,163.6,60.5,22.6,Normal,Working Professional (IT/Corporate),7.2,23.75,6.95,11:45 PM,06:57 AM,Good,10.2,9.3,50.0,2.9,Regular,42.2,6,Neutral,False,False,Medium,Medium,High,Irregular,None,86.4,94.8,49.2,98.2,67.4,32.0,69.6,Moderate (Madhyama)
HS-OBS-0068,Empirical Lifestyle Survey (Academic Observational Cohort),33,Male,173.0,68.9,23.0,Normal,Healthcare Worker,6.0,1.5,7.5,01:30 AM,07:30 AM,Moderate,12.2,6.1,30.0,2.5,Regular,32.1,8,Low,True,False,Low,High,High,Irregular,Insomnia,67.6,76.7,33.8,99.2,48.4,10.0,53.0,Needs Attention (Hina Vihara)
HS-OBS-0069,Empirical Lifestyle Survey (Academic Observational Cohort),33,Female,158.6,69.9,27.8,Overweight,Educator / Academic,6.2,1.5,7.7,01:30 AM,07:42 AM,Moderate,6.9,7.6,50.0,3.5,Regular,40.2,6,Neutral,True,True,Medium,Medium,Low,Regular,None,70.7,100.0,51.0,97.2,86.0,70.0,76.4,Good (Prasanna)
HS-OBS-0070,Empirical Lifestyle Survey (Academic Observational Cohort),33,Female,169.6,74.2,25.8,Overweight,Educator / Academic,6.2,0.5,6.7,12:30 AM,06:42 AM,Moderate,7.7,9.2,50.0,2.9,Regular,34.9,6,Neutral,True,True,Medium,Medium,Medium,Regular,None,71.7,95.2,51.0,99.5,89.5,65.0,75.5,Good (Prasanna)
HS-OBS-0071,Empirical Lifestyle Survey (Academic Observational Cohort),33,Male,173.8,69.1,22.9,Normal,Healthcare Worker,6.1,0.5,6.6,12:30 AM,06:36 AM,Moderate,10.3,4.7,30.0,3.1,Irregular,20.5,8,Low,True,True,Low,High,High,Irregular,Anxiety/stress-related concerns,70.1,67.2,33.8,98.0,50.6,17.0,53.2,Needs Attention (Hina Vihara)
HS-OBS-0072,Empirical Lifestyle Survey (Academic Observational Cohort),33,Male,169.5,61.9,21.5,Normal,Healthcare Worker,6.1,1.0,7.1,01:00 AM,07:06 AM,Moderate,6.5,7.6,30.0,2.3,Regular,22.1,8,Low,False,True,Low,High,High,Irregular,Anxiety/stress-related concerns,70.1,68.8,31.9,99.4,66.0,17.0,55.1,Moderate (Madhyama)
HS-OBS-0073,Empirical Lifestyle Survey (Academic Observational Cohort),33,Male,171.1,65.4,22.3,Normal,Healthcare Worker,6.1,0.5,6.6,12:30 AM,06:36 AM,Moderate,10.6,6.7,30.0,2.5,Regular,22.0,8,Low,True,False,Low,High,High,Irregular,Anxiety/stress-related concerns,70.1,68.7,33.8,99.8,61.2,10.0,53.7,Needs Attention (Hina Vihara)
HS-OBS-0074,Empirical Lifestyle Survey (Academic Observational Cohort),33,Male,173.0,64.5,21.6,Normal,Healthcare Worker,6.1,2.0,8.1,02:00 AM,08:06 AM,Moderate,12.8,7.1,30.0,2.4,Irregular,16.6,8,Low,True,True,Low,High,High,Irregular,Anxiety/stress-related concerns,69.1,63.3,33.8,99.5,20.0,17.0,48.8,Needs Attention (Hina Vihara)
HS-OBS-0075,Empirical Lifestyle Survey (Academic Observational Cohort),33,Male,172.6,67.1,22.5,Normal,Healthcare Worker,6.0,1.0,7.0,01:00 AM,07:00 AM,Moderate,9.5,4.7,30.0,2.9,Irregular,43.6,8,Low,True,True,Low,High,High,Irregular,Anxiety/stress-related concerns,68.6,76.7,33.8,98.5,43.0,17.0,53.7,Needs Attention (Hina Vihara)
HS-OBS-0076,Empirical Lifestyle Survey (Academic Observational Cohort),33,Male,169.1,61.5,21.5,Normal,Healthcare Worker,6.0,1.0,7.0,01:00 AM,07:00 AM,Moderate,12.0,2.0,30.0,1.6,Regular,15.6,8,Low,False,True,Low,High,High,Irregular,Anxiety/stress-related concerns,68.6,62.3,31.9,66.6,57.0,17.0,49.2,Needs Attention (Hina Vihara)
HS-OBS-0077,Empirical Lifestyle Survey (Academic Observational Cohort),33,Male,164.1,63.9,23.7,Normal,Healthcare Worker,6.0,0.5,6.5,12:30 AM,06:30 AM,Moderate,8.1,5.0,30.0,2.4,Regular,29.4,8,Low,False,True,Low,High,High,Irregular,Anxiety/stress-related concerns,68.6,76.1,31.9,99.6,80.0,17.0,57.8,Moderate (Madhyama)
HS-OBS-0078,Empirical Lifestyle Survey (Academic Observational Cohort),33,Male,167.9,64.2,22.8,Normal,Healthcare Worker,6.0,2.0,8.0,02:00 AM,08:00 AM,Moderate,6.4,6.9,30.0,2.8,Regular,26.9,8,Low,True,True,Low,High,High,Regular,Anxiety/stress-related concerns,67.6,73.6,33.8,98.5,86.0,17.0,58.1,Moderate (Madhyama)
HS-OBS-0079,Empirical Lifestyle Survey (Academic Observational Cohort),33,Male,162.3,59.4,22.6,Normal,Healthcare Worker,6.0,0.5,6.5,12:30 AM,06:30 AM,Moderate,7.9,6.0,30.0,1.8,Regular,32.9,8,Low,False,True,Low,High,High,Regular,Anxiety/stress-related concerns,68.6,76.7,31.9,77.3,100.0,17.0,58.1,Moderate (Madhyama)
HS-OBS-0080,Empirical Lifestyle Survey (Academic Observational Cohort),33,Male,171.4,66.1,22.5,Normal,Healthcare Worker,6.0,1.5,7.5,01:30 AM,07:30 AM,Moderate,8.6,6.9,30.0,2.3,Regular,35.5,8,Low,True,True,Low,High,High,Irregular,Anxiety/stress-related concerns,67.6,76.7,33.8,89.7,56.0,17.0,54.2,Needs Attention (Hina Vihara)
HS-OBS-0081,Empirical Lifestyle Survey (Academic Observational Cohort),34,Female,162.6,67.2,25.4,Overweight,Educator / Academic,5.8,0.0,5.8,12:00 AM,05:48 AM,Poor,7.5,8.7,32.0,1.6,Irregular,33.4,8,Low,False,True,Low,High,High,Irregular,Sleep Apnea; Anxiety/stress-related concerns,62.5,77.0,31.9,61.1,59.0,17.0,50.2,Needs Attention (Hina Vihara)
HS-OBS-0082,Empirical Lifestyle Survey (Academic Observational Cohort),34,Female,166.8,73.7,26.5,Overweight,Educator / Academic,5.8,0.5,6.3,12:30 AM,06:18 AM,Poor,6.2,6.1,32.0,2.2,Regular,30.8,8,Low,True,True,Low,High,High,Regular,Sleep Apnea; Anxiety/stress-related concerns,62.5,79.8,33.8,77.3,93.0,17.0,56.8,Moderate (Madhyama)
HS-OBS-0083,Empirical Lifestyle Survey (Academic Observational Cohort),35,Male,174.0,75.8,25.0,Overweight,Educator / Academic,6.7,23.75,6.45,11:45 PM,06:27 AM,Moderate,8.5,5.9,40.0,3.7,Regular,39.5,5,Neutral,True,True,Medium,Medium,Medium,Regular,None,79.4,92.2,58.5,97.0,100.0,65.0,79.2,Good (Prasanna)
HS-OBS-0084,Empirical Lifestyle Survey (Academic Observational Cohort),35,Male,174.0,80.2,26.5,Overweight,Educator / Academic,6.7,23.25,5.95,11:15 PM,05:57 AM,Moderate,8.0,5.1,40.0,3.1,Regular,24.0,5,Neutral,True,True,Medium,Medium,Medium,Irregular,None,80.9,86.2,58.5,99.8,80.0,65.0,76.3,Good (Prasanna)
HS-OBS-0085,Empirical Lifestyle Survey (Academic Observational Cohort),35,Male,180.5,70.0,21.5,Normal,Working Professional (IT/Corporate),7.5,22.5,6.0,10:30 PM,06:00 AM,Good,7.7,8.3,60.0,3.0,Regular,25.0,5,Neutral,True,True,Medium,Medium,Medium,Regular,None,88.4,93.8,58.5,99.8,93.0,65.0,80.9,Good (Prasanna)
HS-OBS-0086,Empirical Lifestyle Survey (Academic Observational Cohort),35,Female,160.3,60.1,23.4,Normal,Working Professional (IT/Corporate),7.2,23.5,6.7,11:30 PM,06:42 AM,Good,6.8,10.0,60.0,2.4,Regular,40.9,4,Good,True,True,High,Low,Low,Irregular,None,87.9,92.0,67.5,99.0,65.5,100.0,85.2,Excellent (Svastha)
HS-OBS-0087,Empirical Lifestyle Survey (Academic Observational Cohort),35,Male,168.7,63.1,22.2,Normal,Working Professional (IT/Corporate),7.2,23.5,6.7,11:30 PM,06:42 AM,Good,11.0,9.2,60.0,2.8,Regular,30.3,4,Good,True,True,High,Low,High,Regular,None,87.9,95.2,67.5,99.6,81.5,82.0,84.5,Good (Prasanna)
HS-OBS-0088,Empirical Lifestyle Survey (Academic Observational Cohort),35,Male,178.1,66.5,21.0,Normal,Working Professional (IT/Corporate),7.2,23.25,6.45,11:15 PM,06:27 AM,Good,9.1,11.4,60.0,3.0,Regular,49.3,4,Good,True,True,High,Low,Medium,Regular,None,87.9,86.4,67.5,99.2,75.5,95.0,84.5,Good (Prasanna)
HS-OBS-0089,Empirical Lifestyle Survey (Academic Observational Cohort),35,Male,174.1,72.2,23.8,Normal,Working Professional (IT/Corporate),7.3,23.5,6.8,11:30 PM,06:48 AM,Good,9.7,9.7,60.0,3.0,Regular,42.6,4,Good,True,True,High,Low,High,Regular,None,87.9,93.2,67.5,99.9,77.0,82.0,83.6,Good (Prasanna)
HS-OBS-0090,Empirical Lifestyle Survey (Academic Observational Cohort),35,Male,171.2,68.7,23.4,Normal,Working Professional (IT/Corporate),7.3,23.5,6.8,11:30 PM,06:48 AM,Good,9.9,7.7,60.0,2.8,Irregular,35.3,4,Good,True,False,High,Medium,High,Irregular,None,87.9,100.0,67.5,99.6,36.0,47.0,73.6,Good (Prasanna)
HS-OBS-0091,Empirical Lifestyle Survey (Academic Observational Cohort),35,Male,180.0,74.1,22.9,Normal,Working Professional (IT/Corporate),7.3,23.75,7.05,11:45 PM,07:03 AM,Good,7.7,10.5,60.0,3.1,Regular,55.3,4,Good,True,True,High,Low,Medium,Regular,None,86.4,90.0,67.5,100.0,83.0,95.0,85.8,Excellent (Svastha)
HS-OBS-0092,Empirical Lifestyle Survey (Academic Observational Cohort),35,Male,175.4,67.5,21.9,Normal,Working Professional (IT/Corporate),7.3,23.75,7.05,11:45 PM,07:03 AM,Good,8.9,10.1,60.0,2.6,Regular,50.3,4,Good,True,True,High,Low,Medium,Regular,None,86.4,91.6,67.5,98.9,75.0,95.0,85.0,Excellent (Svastha)
HS-OBS-0093,Empirical Lifestyle Survey (Academic Observational Cohort),35,Male,162.4,61.9,23.5,Normal,Working Professional (IT/Corporate),7.5,23.0,6.5,11:00 PM,06:30 AM,Good,6.7,5.7,60.0,2.5,Regular,42.6,5,Neutral,True,True,Medium,Medium,Low,Regular,None,87.9,100.0,58.5,99.2,100.0,70.0,83.6,Good (Prasanna)
HS-OBS-0094,Empirical Lifestyle Survey (Academic Observational Cohort),35,Male,177.0,103.7,33.1,Obesity Range,Self-Employed / Business,7.4,23.0,6.4,11:00 PM,06:24 AM,Moderate,7.7,5.2,60.0,3.8,Regular,45.4,5,Neutral,True,True,Medium,Medium,Medium,Regular,Sleep Apnea; Hypertension,85.5,100.0,58.5,99.4,100.0,65.0,82.1,Good (Prasanna)
HS-OBS-0095,Empirical Lifestyle Survey (Academic Observational Cohort),36,Female,165.6,64.5,23.5,Normal,Working Professional (IT/Corporate),7.2,23.25,6.45,11:15 PM,06:27 AM,Good,9.0,10.3,60.0,3.2,Regular,26.4,4,Good,True,True,High,Low,Medium,Irregular,Insomnia,87.9,87.2,67.5,98.0,61.0,95.0,82.8,Good (Prasanna)
HS-OBS-0096,Empirical Lifestyle Survey (Academic Observational Cohort),36,Female,161.4,55.1,21.2,Normal,Working Professional (IT/Corporate),7.1,23.5,6.6,11:30 PM,06:36 AM,Good,9.4,9.3,60.0,1.9,Regular,43.6,4,Good,True,True,High,Low,Medium,Regular,None,87.9,94.8,67.5,78.2,79.0,95.0,84.3,Good (Prasanna)
HS-OBS-0097,Empirical Lifestyle Survey (Academic Observational Cohort),36,Female,150.9,48.7,21.4,Normal,Working Professional (IT/Corporate),7.2,23.0,6.2,11:00 PM,06:12 AM,Good,12.6,9.0,60.0,2.0,Regular,33.4,4,Good,True,True,High,Low,High,Regular,None,87.9,96.0,67.5,98.8,77.5,82.0,84.1,Good (Prasanna)
HS-OBS-0098,Empirical Lifestyle Survey (Academic Observational Cohort),36,Female,157.1,51.4,20.8,Normal,Working Professional (IT/Corporate),7.1,23.0,6.1,11:00 PM,06:06 AM,Good,7.0,7.4,60.0,2.0,Regular,38.8,4,Good,True,False,High,Low,Low,Regular,None,87.9,100.0,67.5,87.0,93.0,80.0,85.1,Excellent (Svastha)
HS-OBS-0099,Empirical Lifestyle Survey (Academic Observational Cohort),36,Female,156.0,57.6,23.7,Normal,Educator / Academic,7.1,23.75,6.85,11:45 PM,06:51 AM,Good,8.5,4.3,60.0,2.2,Regular,38.7,4,Good,True,False,High,Low,Medium,Irregular,None,86.4,100.0,67.5,87.4,73.0,75.0,81.5,Good (Prasanna)
HS-OBS-0100,Empirical Lifestyle Survey (Academic Observational Cohort),36,Female,170.9,66.7,22.8,Normal,Educator / Academic,7.1,0.0,7.1,12:00 AM,07:06 AM,Good,7.5,7.2,60.0,2.8,Regular,45.9,4,Good,True,True,High,Low,Medium,Regular,None,86.4,100.0,67.5,99.8,86.0,95.0,87.9,Excellent (Svastha)
HS-OBS-0101,Empirical Lifestyle Survey (Academic Observational Cohort),36,Female,161.9,61.4,23.4,Normal,Educator / Academic,7.2,23.75,6.95,11:45 PM,06:57 AM,Good,9.2,7.0,60.0,2.7,Regular,47.5,4,Good,True,False,High,Low,Medium,Regular,None,86.4,100.0,67.5,99.8,76.0,75.0,83.1,Good (Prasanna)
HS-OBS-0102,Empirical Lifestyle Survey (Academic Observational Cohort),36,Female,167.4,65.8,23.5,Normal,Educator / Academic,7.2,23.25,6.45,11:15 PM,06:27 AM,Good,8.5,5.9,60.0,2.8,Regular,37.8,4,Good,True,True,High,Low,Medium,Irregular,None,87.9,100.0,67.5,100.0,80.0,95.0,87.5,Excellent (Svastha)
HS-OBS-0103,Empirical Lifestyle Survey (Academic Observational Cohort),36,Female,156.7,56.7,23.1,Normal,Educator / Academic,7.2,0.0,7.2,12:00 AM,07:12 AM,Good,6.9,6.2,60.0,2.4,Regular,28.1,4,Good,True,True,High,Low,Low,Regular,None,86.4,98.1,67.5,99.6,86.0,100.0,88.4,Excellent (Svastha)
HS-OBS-0104,Empirical Lifestyle Survey (Academic Observational Cohort),36,Male,177.0,86.9,27.7,Overweight,Educator / Academic,6.6,23.5,6.1,11:30 PM,06:06 AM,Poor,7.7,7.9,35.0,3.2,Regular,30.0,7,Neutral,False,True,Medium,Medium,High,Regular,Sleep Apnea,76.3,84.4,41.7,99.5,93.0,52.0,70.8,Good (Prasanna)
HS-OBS-0105,Empirical Lifestyle Survey (Academic Observational Cohort),36,Female,160.0,58.5,22.9,Normal,Educator / Academic,7.2,23.0,6.2,11:00 PM,06:12 AM,Good,7.1,6.9,60.0,2.8,Regular,33.4,4,Good,True,True,High,Low,Low,Irregular,Sleep Apnea,87.9,100.0,67.5,98.8,73.0,100.0,87.5,Excellent (Svastha)
HS-OBS-0106,Empirical Lifestyle Survey (Academic Observational Cohort),36,Male,172.3,84.5,28.5,Overweight,Educator / Academic,6.6,0.0,6.6,12:00 AM,06:36 AM,Poor,9.5,5.1,35.0,2.6,Irregular,38.8,7,Neutral,True,True,Medium,Medium,High,Irregular,Insomnia,74.8,84.4,43.5,80.0,43.0,52.0,62.9,Moderate (Madhyama)
HS-OBS-0107,Empirical Lifestyle Survey (Academic Observational Cohort),37,Female,160.4,71.7,27.9,Overweight,Healthcare Worker,6.1,1.5,7.6,01:30 AM,07:36 AM,Moderate,7.3,3.5,42.0,2.0,Regular,34.4,6,Neutral,False,True,Medium,Medium,Low,Regular,None,69.1,95.3,49.2,69.9,93.0,70.0,72.9,Good (Prasanna)
HS-OBS-0108,Empirical Lifestyle Survey (Academic Observational Cohort),37,Male,169.5,65.3,22.7,Normal,Working Professional (IT/Corporate),7.8,22.5,6.3,10:30 PM,06:18 AM,Good,6.6,7.6,70.0,3.2,Regular,36.1,4,Good,True,True,High,Low,Low,Regular,None,88.4,100.0,67.5,98.6,93.0,100.0,90.0,Excellent (Svastha)
HS-OBS-0109,Empirical Lifestyle Survey (Academic Observational Cohort),37,Male,175.5,72.2,23.4,Normal,Working Professional (IT/Corporate),7.8,22.75,6.55,10:45 PM,06:33 AM,Good,10.9,9.3,70.0,3.0,Regular,45.7,4,Good,True,True,High,Low,High,Regular,None,87.9,94.8,67.5,99.6,81.8,82.0,84.4,Good (Prasanna)
HS-OBS-0110,Empirical Lifestyle Survey (Academic Observational Cohort),37,Male,171.1,67.6,23.1,Normal,Self-Employed / Business,7.4,23.5,6.9,11:30 PM,06:54 AM,Good,7.2,7.9,60.0,2.7,Regular,28.3,5,Neutral,True,True,Medium,Medium,Low,Irregular,None,87.9,98.3,58.5,99.3,66.0,70.0,79.2,Good (Prasanna)
HS-OBS-0111,Empirical Lifestyle Survey (Academic Observational Cohort),37,Female,163.0,60.0,22.6,Normal,Working Professional (IT/Corporate),7.2,23.0,6.2,11:00 PM,06:12 AM,Good,6.9,9.2,60.0,2.2,Regular,46.1,4,Good,True,True,High,Low,Low,Regular,None,87.9,95.2,67.5,84.6,96.5,100.0,88.0,Excellent (Svastha)
HS-OBS-0112,Empirical Lifestyle Survey (Academic Observational Cohort),37,Male,162.2,55.3,21.0,Normal,Self-Employed / Business,7.4,0.0,7.4,12:00 AM,07:24 AM,Good,7.8,5.5,60.0,3.2,Regular,35.0,5,Neutral,True,True,Medium,Medium,Medium,Regular,None,86.4,100.0,58.5,99.3,93.0,65.0,81.5,Good (Prasanna)
HS-OBS-0113,Empirical Lifestyle Survey (Academic Observational Cohort),37,Female,155.7,56.8,23.4,Normal,Working Professional (IT/Corporate),7.2,23.0,6.2,11:00 PM,06:12 AM,Good,8.7,8.7,60.0,2.1,Regular,38.9,4,Good,True,True,High,Low,Medium,Irregular,None,87.9,97.2,67.5,84.4,69.0,95.0,84.2,Good (Prasanna)
HS-OBS-0114,Empirical Lifestyle Survey (Academic Observational Cohort),37,Male,170.2,67.0,23.1,Normal,Self-Employed / Business,7.4,23.25,6.65,11:15 PM,06:39 AM,Good,8.3,3.4,60.0,2.7,Regular,33.5,5,Neutral,True,False,Medium,Medium,Medium,Irregular,None,87.9,100.0,58.5,99.4,73.0,45.0,75.8,Good (Prasanna)
HS-OBS-0115,Empirical Lifestyle Survey (Academic Observational Cohort),37,Female,170.9,61.2,21.0,Normal,Working Professional (IT/Corporate),7.2,23.25,6.45,11:15 PM,06:27 AM,Good,9.6,9.0,60.0,2.6,Regular,52.6,4,Good,True,True,High,Low,High,Regular,None,87.9,96.0,67.5,99.8,87.5,82.0,85.4,Excellent (Svastha)
HS-OBS-0116,Empirical Lifestyle Survey (Academic Observational Cohort),37,Female,168.6,67.4,23.7,Normal,Working Professional (IT/Corporate),7.2,23.75,6.95,11:45 PM,06:57 AM,Good,8.1,10.1,60.0,2.8,Regular,46.6,4,Good,True,False,High,Low,Medium,Regular,None,86.4,91.6,67.5,99.7,85.0,75.0,82.7,Good (Prasanna)
HS-OBS-0117,Empirical Lifestyle Survey (Academic Observational Cohort),37,Female,170.5,66.0,22.7,Normal,Working Professional (IT/Corporate),7.2,23.5,6.7,11:30 PM,06:42 AM,Good,9.0,9.5,60.0,3.3,Regular,36.6,4,Good,True,True,High,Low,Medium,Regular,None,87.9,94.0,67.5,97.8,78.0,95.0,86.0,Excellent (Svastha)
HS-OBS-0118,Empirical Lifestyle Survey (Academic Observational Cohort),37,Female,172.9,66.1,22.1,Normal,Working Professional (IT/Corporate),7.2,0.0,7.2,12:00 AM,07:12 AM,Good,9.4,7.6,60.0,2.7,Regular,56.1,4,Good,True,True,High,Low,Medium,Regular,None,86.4,100.0,67.5,99.5,76.0,95.0,86.7,Excellent (Svastha)
HS-OBS-0119,Empirical Lifestyle Survey (Academic Observational Cohort),37,Female,161.2,62.1,23.9,Normal,Working Professional (IT/Corporate),7.2,23.25,6.45,11:15 PM,06:27 AM,Good,8.9,6.4,60.0,2.4,Regular,28.2,4,Good,True,True,High,Low,Medium,Regular,None,87.9,98.2,67.5,89.8,83.0,95.0,86.6,Excellent (Svastha)
HS-OBS-0120,Empirical Lifestyle Survey (Academic Observational Cohort),37,Female,159.0,55.4,21.9,Normal,Working Professional (IT/Corporate),7.2,23.75,6.95,11:45 PM,06:57 AM,Good,10.5,9.6,60.0,2.3,Regular,51.6,4,Good,True,True,High,Low,High,Regular,None,86.4,93.6,67.5,99.3,83.5,82.0,84.1,Good (Prasanna)
HS-OBS-0121,Empirical Lifestyle Survey (Academic Observational Cohort),37,Female,169.6,59.3,20.6,Normal,Working Professional (IT/Corporate),7.2,23.25,6.45,11:15 PM,06:27 AM,Good,6.9,9.4,60.0,2.9,Regular,28.8,4,Good,True,True,High,Low,Low,Regular,None,87.9,93.2,67.5,98.4,95.5,100.0,88.9,Excellent (Svastha)
HS-OBS-0122,Empirical Lifestyle Survey (Academic Observational Cohort),37,Female,152.5,49.5,21.3,Normal,Working Professional (IT/Corporate),7.2,23.25,6.45,11:15 PM,06:27 AM,Good,9.4,8.9,60.0,1.9,Regular,33.6,4,Good,True,True,High,Low,Medium,Irregular,None,87.9,96.4,67.5,85.1,68.0,95.0,84.0,Good (Prasanna)
HS-OBS-0123,Empirical Lifestyle Survey (Academic Observational Cohort),37,Female,164.0,59.6,22.2,Normal,Working Professional (IT/Corporate),7.2,23.0,6.2,11:00 PM,06:12 AM,Good,8.4,7.5,60.0,2.6,Regular,28.4,4,Good,True,True,High,Low,Medium,Regular,None,87.9,98.4,67.5,99.9,93.0,95.0,88.8,Excellent (Svastha)
HS-OBS-0124,Empirical Lifestyle Survey (Academic Observational Cohort),37,Female,166.9,57.2,20.5,Normal,Working Professional (IT/Corporate),7.2,23.0,6.2,11:00 PM,06:12 AM,Good,8.2,9.0,60.0,2.4,Regular,42.8,4,Good,True,False,High,Low,Medium,Irregular,None,87.9,96.0,67.5,99.5,77.5,75.0,82.9,Good (Prasanna)
HS-OBS-0125,Empirical Lifestyle Survey (Academic Observational Cohort),37,Female,166.5,61.7,22.3,Normal,Working Professional (IT/Corporate),7.2,23.0,6.2,11:00 PM,06:12 AM,Good,8.2,11.8,60.0,2.1,Regular,28.6,4,Good,True,True,High,Low,Medium,Regular,None,87.9,83.4,67.5,79.0,85.0,95.0,83.1,Good (Prasanna)
HS-OBS-0126,Empirical Lifestyle Survey (Academic Observational Cohort),37,Female,152.7,52.0,22.3,Normal,Healthcare Worker,7.5,22.0,5.5,10:00 PM,05:30 AM,Good,10.2,6.1,60.0,2.6,Irregular,40.9,4,Good,True,False,High,Medium,High,Irregular,None,88.4,100.0,67.5,98.5,51.4,47.0,75.4,Good (Prasanna)
HS-OBS-0127,Empirical Lifestyle Survey (Academic Observational Cohort),38,Male,176.9,64.8,20.7,Normal,Self-Employed / Business,7.3,0.0,7.3,12:00 AM,07:18 AM,Good,8.1,4.6,60.0,2.9,Regular,40.5,5,Neutral,True,True,Medium,Medium,Medium,Regular,None,86.4,100.0,58.5,99.4,93.0,65.0,81.5,Good (Prasanna)
HS-OBS-0128,Empirical Lifestyle Survey (Academic Observational Cohort),38,Female,156.1,53.9,22.1,Normal,Working Professional (IT/Corporate),7.1,23.5,6.6,11:30 PM,06:36 AM,Good,9.9,9.0,60.0,2.6,Regular,15.8,4,Good,True,False,High,Low,High,Regular,None,87.9,81.8,67.5,98.9,80.5,62.0,78.3,Good (Prasanna)
HS-OBS-0129,Empirical Lifestyle Survey (Academic Observational Cohort),38,Male,166.9,60.0,21.5,Normal,Self-Employed / Business,7.3,23.25,6.55,11:15 PM,06:33 AM,Good,8.8,7.4,60.0,2.2,Regular,35.3,5,Neutral,True,True,Medium,Medium,Medium,Regular,None,87.9,100.0,58.5,84.6,76.0,65.0,78.3,Good (Prasanna)
HS-OBS-0130,Empirical Lifestyle Survey (Academic Observational Cohort),38,Male,168.9,64.9,22.8,Normal,Self-Employed / Business,7.3,23.25,6.55,11:15 PM,06:33 AM,Good,7.9,6.5,60.0,2.9,Regular,34.9,5,Neutral,True,True,Medium,Medium,Medium,Regular,None,87.9,100.0,58.5,99.4,86.0,65.0,81.0,Good (Prasanna)
HS-OBS-0131,Empirical Lifestyle Survey (Academic Observational Cohort),38,Female,164.4,56.4,20.9,Normal,Working Professional (IT/Corporate),7.1,0.0,7.1,12:00 AM,07:06 AM,Good,9.0,9.8,60.0,3.0,Regular,31.1,4,Good,True,True,High,Low,Medium,Regular,None,86.4,92.8,67.5,97.3,76.5,95.0,85.2,Excellent (Svastha)
HS-OBS-0132,Empirical Lifestyle Survey (Academic Observational Cohort),38,Male,169.9,67.7,23.5,Normal,Self-Employed / Business,7.3,23.0,6.3,11:00 PM,06:18 AM,Good,8.4,7.1,60.0,3.3,Regular,42.6,5,Neutral,True,True,Medium,Medium,Medium,Regular,None,87.9,100.0,58.5,98.1,93.0,65.0,81.7,Good (Prasanna)
HS-OBS-0133,Empirical Lifestyle Survey (Academic Observational Cohort),38,Male,178.8,69.1,21.6,Normal,Self-Employed / Business,7.3,23.25,6.55,11:15 PM,06:33 AM,Good,8.7,6.0,60.0,3.1,Regular,36.4,5,Neutral,True,True,Medium,Medium,Medium,Regular,None,87.9,100.0,58.5,99.2,83.0,65.0,80.6,Good (Prasanna)
HS-OBS-0134,Empirical Lifestyle Survey (Academic Observational Cohort),38,Female,166.2,59.7,21.6,Normal,Working Professional (IT/Corporate),7.1,23.0,6.1,11:00 PM,06:06 AM,Good,7.3,6.0,60.0,2.2,Regular,51.4,4,Good,True,True,High,Low,Low,Regular,None,87.9,100.0,67.5,85.0,100.0,100.0,89.3,Excellent (Svastha)
HS-OBS-0135,Empirical Lifestyle Survey (Academic Observational Cohort),38,Male,182.4,72.4,21.8,Normal,Self-Employed / Business,7.3,23.25,6.55,11:15 PM,06:33 AM,Good,9.2,6.5,60.0,3.5,Regular,44.0,5,Neutral,True,True,Medium,Medium,Medium,Regular,None,87.9,100.0,58.5,98.1,76.0,65.0,79.7,Good (Prasanna)
HS-OBS-0136,Empirical Lifestyle Survey (Academic Observational Cohort),38,Male,172.9,62.4,20.9,Normal,Self-Employed / Business,7.3,0.0,7.3,12:00 AM,07:18 AM,Good,9.7,3.8,60.0,3.4,Regular,44.8,5,Neutral,True,True,Medium,Medium,High,Regular,None,86.4,100.0,58.5,96.7,83.0,52.0,77.7,Good (Prasanna)
HS-OBS-0137,Empirical Lifestyle Survey (Academic Observational Cohort),38,Female,159.6,60.5,23.8,Normal,Working Professional (IT/Corporate),7.1,23.5,6.6,11:30 PM,06:36 AM,Good,9.3,6.7,60.0,2.3,Irregular,27.8,4,Good,True,True,High,Medium,Medium,Irregular,None,87.9,97.8,67.5,87.9,36.0,80.0,78.0,Good (Prasanna)
HS-OBS-0138,Empirical Lifestyle Survey (Academic Observational Cohort),38,Male,171.9,65.8,22.3,Normal,Self-Employed / Business,7.1,23.5,6.6,11:30 PM,06:36 AM,Good,8.1,7.7,60.0,2.4,Regular,40.3,5,Neutral,True,True,Medium,Medium,Medium,Regular,None,87.9,100.0,58.5,85.6,86.0,65.0,79.6,Good (Prasanna)
HS-OBS-0139,Empirical Lifestyle Survey (Academic Observational Cohort),38,Female,161.5,62.1,23.8,Normal,Working Professional (IT/Corporate),7.1,23.75,6.85,11:45 PM,06:51 AM,Good,10.4,8.7,60.0,2.1,Regular,34.2,4,Good,True,True,High,Low,High,Regular,None,86.4,97.2,67.5,78.5,88.8,82.0,83.3,Good (Prasanna)
HS-OBS-0140,Empirical Lifestyle Survey (Academic Observational Cohort),38,Male,174.4,67.4,22.2,Normal,Self-Employed / Business,7.1,23.0,6.1,11:00 PM,06:06 AM,Good,8.6,3.1,60.0,2.8,Regular,57.0,5,Neutral,True,True,Medium,Medium,Medium,Regular,None,87.9,100.0,58.5,99.7,90.0,65.0,81.5,Good (Prasanna)
HS-OBS-0141,Empirical Lifestyle Survey (Academic Observational Cohort),38,Female,158.5,57.0,22.7,Normal,Working Professional (IT/Corporate),7.1,23.25,6.35,11:15 PM,06:21 AM,Good,7.5,8.1,60.0,2.7,Regular,45.0,4,Good,True,True,High,Low,Medium,Regular,None,87.9,99.6,67.5,99.0,93.0,95.0,88.9,Excellent (Svastha)
HS-OBS-0142,Empirical Lifestyle Survey (Academic Observational Cohort),38,Male,168.3,62.1,21.9,Normal,Self-Employed / Business,7.1,23.25,6.35,11:15 PM,06:21 AM,Good,8.7,7.5,60.0,2.5,Regular,30.0,5,Neutral,True,True,Medium,Medium,Medium,Irregular,None,87.9,100.0,58.5,99.2,63.0,65.0,78.2,Good (Prasanna)
HS-OBS-0143,Empirical Lifestyle Survey (Academic Observational Cohort),38,Female,174.6,71.5,23.5,Normal,Working Professional (IT/Corporate),7.1,0.0,7.1,12:00 AM,07:06 AM,Good,6.5,10.3,60.0,3.5,Regular,26.7,4,Good,True,True,High,Low,Low,Regular,None,86.4,87.5,67.5,97.9,84.0,100.0,86.1,Excellent (Svastha)
HS-OBS-0144,Empirical Lifestyle Survey (Academic Observational Cohort),38,Female,162.5,58.6,22.2,Normal,Working Professional (IT/Corporate),7.1,23.25,6.35,11:15 PM,06:21 AM,Good,9.6,6.2,60.0,2.2,Irregular,54.2,4,Good,True,True,High,Medium,High,Irregular,None,87.9,100.0,67.5,86.2,43.0,67.0,76.7,Good (Prasanna)
HS-OBS-0145,Empirical Lifestyle Survey (Academic Observational Cohort),38,Male,178.8,65.7,20.6,Normal,Self-Employed / Business,7.1,23.75,6.85,11:45 PM,06:51 AM,Good,7.4,7.4,60.0,3.3,Regular,36.0,5,Neutral,True,True,Medium,Medium,Low,Irregular,Sleep Apnea,86.4,100.0,58.5,97.8,66.0,70.0,79.0,Good (Prasanna)
HS-OBS-0146,Empirical Lifestyle Survey (Academic Observational Cohort),38,Female,159.9,76.4,29.9,Obesity Range,Self-Employed / Business,7.4,23.0,6.4,11:00 PM,06:24 AM,Moderate,7.2,4.7,60.0,3.1,Regular,32.8,5,Neutral,True,True,Medium,Medium,Low,Irregular,Sleep Apnea; Hypertension,85.5,100.0,58.5,99.7,80.0,70.0,80.7,Good (Prasanna)
HS-OBS-0147,Empirical Lifestyle Survey (Academic Observational Cohort),39,Male,178.7,68.0,21.3,Normal,Self-Employed / Business,7.2,23.25,6.45,11:15 PM,06:27 AM,Good,8.1,4.9,60.0,3.0,Regular,28.1,5,Neutral,True,True,Medium,Medium,Medium,Irregular,Insomnia,87.9,98.1,58.5,99.5,80.0,65.0,79.9,Good (Prasanna)
HS-OBS-0148,Empirical Lifestyle Survey (Academic Observational Cohort),39,Male,171.4,77.2,26.3,Overweight,Working Professional (IT/Corporate),6.5,23.5,6.0,11:30 PM,06:00 AM,Poor,8.5,11.1,40.0,3.0,Regular,24.6,7,Neutral,True,True,Medium,Medium,High,Irregular,Insomnia,74.8,74.4,43.5,99.9,67.0,52.0,65.9,Moderate (Madhyama)
HS-OBS-0149,Empirical Lifestyle Survey (Academic Observational Cohort),39,Female,160.4,57.4,22.3,Normal,Self-Employed / Business,6.9,23.75,6.65,11:45 PM,06:39 AM,Moderate,6.9,8.5,50.0,1.9,Regular,30.2,6,Neutral,True,True,Medium,Medium,Low,Irregular,None,82.5,98.0,51.0,78.3,66.0,70.0,74.3,Good (Prasanna)
HS-OBS-0150,Empirical Lifestyle Survey (Academic Observational Cohort),39,Female,153.3,52.5,22.3,Normal,Working Professional (IT/Corporate),8.0,22.0,6.0,10:00 PM,06:00 AM,Good,8.0,8.9,80.0,2.7,Regular,42.5,3,Good,True,True,High,Low,Medium,Regular,None,88.4,96.4,75.0,99.0,98.0,95.0,90.6,Excellent (Svastha)
HS-OBS-0151,Empirical Lifestyle Survey (Academic Observational Cohort),39,Female,159.4,56.5,22.2,Normal,Working Professional (IT/Corporate),8.0,23.0,7.0,11:00 PM,07:00 AM,Good,8.3,7.4,80.0,2.4,Regular,48.7,3,Good,True,True,High,Low,Medium,Regular,None,87.9,100.0,75.0,98.8,86.0,95.0,89.6,Excellent (Svastha)
HS-OBS-0152,Empirical Lifestyle Survey (Academic Observational Cohort),39,Male,176.7,68.8,22.0,Normal,Self-Employed / Business,7.2,23.75,6.95,11:45 PM,06:57 AM,Good,8.4,8.6,60.0,2.1,Regular,48.7,5,Neutral,True,False,Medium,Medium,Medium,Regular,None,86.4,97.6,58.5,72.2,92.5,45.0,74.7,Good (Prasanna)
HS-OBS-0153,Empirical Lifestyle Survey (Academic Observational Cohort),39,Male,181.4,73.5,22.3,Normal,Self-Employed / Business,7.2,23.25,6.45,11:15 PM,06:27 AM,Good,9.3,6.9,60.0,3.1,Irregular,33.7,5,Neutral,True,True,Medium,Medium,Medium,Irregular,None,87.9,100.0,58.5,99.9,43.0,65.0,75.9,Good (Prasanna)
HS-OBS-0154,Empirical Lifestyle Survey (Academic Observational Cohort),39,Male,178.5,67.2,21.1,Normal,Self-Employed / Business,7.2,23.25,6.45,11:15 PM,06:27 AM,Good,8.9,6.7,60.0,2.5,Regular,60.0,5,Neutral,True,True,Medium,Medium,Medium,Regular,None,87.9,100.0,58.5,87.7,83.0,65.0,79.5,Good (Prasanna)
HS-OBS-0155,Empirical Lifestyle Survey (Academic Observational Cohort),39,Male,174.2,63.6,21.0,Normal,Self-Employed / Business,7.2,23.0,6.2,11:00 PM,06:12 AM,Good,7.9,5.3,60.0,2.7,Regular,46.6,5,Neutral,True,True,Medium,Medium,Medium,Irregular,None,87.9,100.0,58.5,99.9,80.0,65.0,80.3,Good (Prasanna)
HS-OBS-0156,Empirical Lifestyle Survey (Academic Observational Cohort),39,Male,152.2,48.4,20.9,Normal,Self-Employed / Business,7.2,23.75,6.95,11:45 PM,06:57 AM,Good,8.1,3.5,60.0,1.8,Regular,37.8,5,Neutral,True,False,Medium,Medium,Medium,Regular,None,86.4,100.0,58.5,82.0,93.0,45.0,76.2,Good (Prasanna)
HS-OBS-0157,Empirical Lifestyle Survey (Academic Observational Cohort),39,Male,166.7,62.8,22.6,Normal,Self-Employed / Business,7.2,23.5,6.7,11:30 PM,06:42 AM,Good,8.5,4.5,60.0,2.7,Regular,38.4,5,Neutral,True,True,Medium,Medium,Medium,Regular,None,87.9,100.0,58.5,100.0,93.0,65.0,81.9,Good (Prasanna)
HS-OBS-0158,Empirical Lifestyle Survey (Academic Observational Cohort),39,Male,163.6,57.6,21.5,Normal,Self-Employed / Business,7.2,23.5,6.7,11:30 PM,06:42 AM,Good,7.1,7.8,60.0,2.6,Regular,31.6,5,Neutral,True,True,Medium,Medium,Low,Regular,None,87.9,100.0,58.5,99.6,86.0,70.0,81.9,Good (Prasanna)
HS-OBS-0159,Empirical Lifestyle Survey (Academic Observational Cohort),39,Male,168.1,60.1,21.3,Normal,Self-Employed / Business,7.2,0.0,7.2,12:00 AM,07:12 AM,Good,7.2,7.2,60.0,3.3,Regular,30.6,5,Neutral,True,True,Medium,Medium,Low,Regular,None,86.4,100.0,58.5,96.7,86.0,70.0,81.3,Good (Prasanna)
HS-OBS-0160,Empirical Lifestyle Survey (Academic Observational Cohort),39,Male,171.2,62.0,21.2,Normal,Self-Employed / Business,7.2,23.5,6.7,11:30 PM,06:42 AM,Good,9.4,6.0,60.0,2.9,Irregular,45.1,5,Neutral,True,True,Medium,Medium,Medium,Irregular,None,87.9,100.0,58.5,98.9,43.0,65.0,75.8,Good (Prasanna)
HS-OBS-0161,Empirical Lifestyle Survey (Academic Observational Cohort),39,Male,169.2,63.4,22.1,Normal,Self-Employed / Business,7.2,0.0,7.2,12:00 AM,07:12 AM,Good,8.5,5.0,60.0,2.6,Regular,23.3,5,Neutral,True,False,Medium,Medium,Medium,Regular,None,86.4,93.3,58.5,99.5,93.0,45.0,76.7,Good (Prasanna)
HS-OBS-0162,Empirical Lifestyle Survey (Academic Observational Cohort),40,Female,172.3,62.4,21.0,Normal,Working Professional (IT/Corporate),7.2,23.75,6.95,11:45 PM,06:57 AM,Good,9.7,6.6,55.0,2.7,Regular,46.4,6,Neutral,True,False,Medium,Medium,High,Regular,None,86.4,100.0,51.0,99.7,76.0,32.0,72.1,Good (Prasanna)
HS-OBS-0163,Empirical Lifestyle Survey (Academic Observational Cohort),40,Female,163.6,55.8,20.8,Normal,Working Professional (IT/Corporate),7.2,23.25,6.45,11:15 PM,06:27 AM,Good,9.0,6.1,55.0,2.2,Regular,36.0,6,Neutral,True,True,Medium,Medium,Medium,Regular,None,87.9,100.0,51.0,98.9,83.0,65.0,79.1,Good (Prasanna)
HS-OBS-0164,Empirical Lifestyle Survey (Academic Observational Cohort),40,Male,178.0,71.8,22.7,Normal,Self-Employed / Business,7.9,22.0,5.9,10:00 PM,05:54 AM,Good,8.0,5.4,90.0,3.3,Regular,47.1,5,Neutral,True,True,Medium,Medium,Medium,Regular,None,88.4,100.0,58.5,99.9,100.0,65.0,82.8,Good (Prasanna)
HS-OBS-0165,Empirical Lifestyle Survey (Academic Observational Cohort),40,Male,173.9,62.4,20.6,Normal,Self-Employed / Business,7.9,23.0,6.9,11:00 PM,06:54 AM,Good,7.5,6.3,90.0,2.8,Regular,52.6,5,Neutral,True,True,Medium,Medium,Medium,Regular,None,87.9,100.0,58.5,99.4,86.0,65.0,81.0,Good (Prasanna)
HS-OBS-0166,Empirical Lifestyle Survey (Academic Observational Cohort),41,Male,169.2,68.3,23.9,Normal,Self-Employed / Business,7.6,22.75,6.35,10:45 PM,06:21 AM,Good,8.8,8.2,90.0,2.8,Regular,49.0,5,Neutral,True,True,Medium,Medium,Medium,Irregular,Insomnia,87.9,99.2,58.5,89.2,63.0,65.0,77.1,Good (Prasanna)
HS-OBS-0167,Empirical Lifestyle Survey (Academic Observational Cohort),41,Male,178.5,73.6,23.1,Normal,Working Professional (IT/Corporate),7.3,23.0,6.3,11:00 PM,06:18 AM,Good,7.9,8.2,70.0,3.0,Regular,43.3,6,Neutral,False,False,Medium,Medium,Medium,Regular,None,87.9,99.2,49.2,99.4,93.0,45.0,76.2,Good (Prasanna)
HS-OBS-0168,Empirical Lifestyle Survey (Academic Observational Cohort),41,Male,175.9,78.6,25.4,Overweight,Self-Employed / Business,7.1,0.0,7.1,12:00 AM,07:06 AM,Moderate,9.8,7.3,55.0,3.3,Irregular,45.3,6,Neutral,False,True,Medium,Medium,High,Irregular,None,84.0,100.0,49.2,99.6,36.0,52.0,70.0,Good (Prasanna)
HS-OBS-0169,Empirical Lifestyle Survey (Academic Observational Cohort),41,Male,166.2,71.2,25.8,Overweight,Self-Employed / Business,7.1,23.75,6.85,11:45 PM,06:51 AM,Moderate,5.6,4.8,55.0,2.7,Regular,39.3,6,Neutral,False,False,Medium,Medium,Low,Regular,None,84.0,100.0,49.2,98.9,93.0,50.0,76.4,Good (Prasanna)
HS-OBS-0170,Empirical Lifestyle Survey (Academic Observational Cohort),41,Male,171.5,70.2,23.9,Normal,Self-Employed / Business,7.7,22.25,5.95,10:15 PM,05:57 AM,Good,8.4,6.9,90.0,3.4,Regular,46.0,5,Neutral,True,True,Medium,Medium,Medium,Regular,None,88.4,100.0,58.5,99.2,93.0,65.0,81.9,Good (Prasanna)
HS-OBS-0171,Empirical Lifestyle Survey (Academic Observational Cohort),41,Male,176.5,71.6,23.0,Normal,Self-Employed / Business,7.7,22.5,6.2,10:30 PM,06:12 AM,Good,9.4,8.2,90.0,2.8,Regular,54.9,5,Neutral,True,True,Medium,Medium,Medium,Irregular,None,88.4,99.2,58.5,86.0,63.0,65.0,76.9,Good (Prasanna)
HS-OBS-0172,Empirical Lifestyle Survey (Academic Observational Cohort),41,Male,162.2,54.8,20.8,Normal,Self-Employed / Business,7.7,22.25,5.95,10:15 PM,05:57 AM,Good,8.0,4.3,90.0,2.7,Regular,58.3,5,Neutral,True,True,Medium,Medium,Medium,Regular,None,88.4,100.0,58.5,99.9,100.0,65.0,82.8,Good (Prasanna)
HS-OBS-0173,Empirical Lifestyle Survey (Academic Observational Cohort),41,Male,175.9,68.8,22.2,Normal,Self-Employed / Business,7.7,23.0,6.7,11:00 PM,06:42 AM,Good,5.9,6.7,90.0,2.7,Regular,51.1,5,Neutral,True,True,Medium,Medium,Low,Irregular,None,87.9,100.0,58.5,85.5,66.0,70.0,78.1,Good (Prasanna)
HS-OBS-0174,Empirical Lifestyle Survey (Academic Observational Cohort),41,Male,178.6,74.2,23.3,Normal,Self-Employed / Business,7.7,22.75,6.45,10:45 PM,06:27 AM,Good,7.7,5.2,90.0,3.0,Regular,57.2,5,Neutral,True,True,Medium,Medium,Medium,Regular,None,87.9,100.0,58.5,89.6,100.0,65.0,81.7,Good (Prasanna)
HS-OBS-0175,Empirical Lifestyle Survey (Academic Observational Cohort),41,Male,169.4,64.8,22.6,Normal,Self-Employed / Business,7.6,23.0,6.6,11:00 PM,06:36 AM,Good,6.7,9.0,90.0,3.8,Regular,54.3,5,Neutral,True,True,Medium,Medium,Low,Regular,None,87.9,96.0,58.5,96.8,90.5,70.0,81.5,Good (Prasanna)
HS-OBS-0176,Empirical Lifestyle Survey (Academic Observational Cohort),41,Male,173.9,69.8,23.1,Normal,Self-Employed / Business,7.6,22.75,6.35,10:45 PM,06:21 AM,Good,6.9,5.8,90.0,3.3,Regular,49.5,5,Neutral,True,True,Medium,Medium,Low,Regular,None,87.9,100.0,58.5,99.6,100.0,70.0,83.6,Good (Prasanna)
HS-OBS-0177,Empirical Lifestyle Survey (Academic Observational Cohort),41,Male,176.0,68.2,22.0,Normal,Self-Employed / Business,7.6,22.5,6.1,10:30 PM,06:06 AM,Good,8.4,7.1,90.0,2.7,Regular,49.2,5,Neutral,True,True,Medium,Medium,Medium,Regular,None,88.4,100.0,58.5,86.1,93.0,65.0,80.6,Good (Prasanna)
HS-OBS-0178,Empirical Lifestyle Survey (Academic Observational Cohort),42,Male,165.4,73.3,26.8,Overweight,Working Professional (IT/Corporate),6.5,23.5,6.0,11:30 PM,06:00 AM,Moderate,9.0,7.5,45.0,3.5,Regular,47.3,7,Neutral,True,True,Medium,Medium,High,Regular,Insomnia,77.8,100.0,43.5,97.6,83.0,52.0,72.9,Good (Prasanna)
HS-OBS-0179,Empirical Lifestyle Survey (Academic Observational Cohort),42,Male,167.6,65.5,23.3,Normal,Self-Employed / Business,7.8,23.0,6.8,11:00 PM,06:48 AM,Good,8.0,7.3,90.0,2.7,Regular,34.1,5,Neutral,True,True,Medium,Medium,Medium,Irregular,None,87.9,100.0,58.5,88.7,66.0,65.0,77.5,Good (Prasanna)
HS-OBS-0180,Empirical Lifestyle Survey (Academic Observational Cohort),42,Male,174.7,65.0,21.3,Normal,Self-Employed / Business,7.8,22.75,6.55,10:45 PM,06:33 AM,Good,8.9,7.8,90.0,2.6,Regular,48.2,5,Neutral,True,True,Medium,Medium,Medium,Regular,None,87.9,100.0,58.5,86.0,76.0,65.0,78.5,Good (Prasanna)
HS-OBS-0181,Empirical Lifestyle Survey (Academic Observational Cohort),42,Male,177.6,66.6,21.1,Normal,Self-Employed / Business,7.8,22.25,6.05,10:15 PM,06:03 AM,Good,9.1,4.6,90.0,3.1,Irregular,41.2,5,Neutral,True,True,Medium,Medium,Medium,Irregular,None,88.4,100.0,58.5,99.9,50.0,65.0,76.8,Good (Prasanna)
HS-OBS-0182,Empirical Lifestyle Survey (Academic Observational Cohort),42,Male,165.5,58.7,21.4,Normal,Self-Employed / Business,7.8,22.0,5.8,10:00 PM,05:48 AM,Good,7.3,4.5,90.0,2.2,Regular,30.1,5,Neutral,True,True,Medium,Medium,Low,Regular,None,88.4,100.0,58.5,78.4,100.0,70.0,81.6,Good (Prasanna)
HS-OBS-0183,Empirical Lifestyle Survey (Academic Observational Cohort),42,Male,169.6,65.9,22.9,Normal,Self-Employed / Business,7.8,22.25,6.05,10:15 PM,06:03 AM,Good,8.2,6.6,90.0,3.0,Regular,48.8,5,Neutral,True,True,Medium,Medium,Medium,Regular,None,88.4,100.0,58.5,99.8,93.0,65.0,82.0,Good (Prasanna)
HS-OBS-0184,Empirical Lifestyle Survey (Academic Observational Cohort),42,Male,170.4,64.2,22.1,Normal,Self-Employed / Business,7.8,23.0,6.8,11:00 PM,06:48 AM,Good,6.8,5.2,90.0,3.0,Regular,50.7,5,Neutral,True,True,Medium,Medium,Low,Irregular,None,87.9,100.0,58.5,100.0,73.0,70.0,80.4,Good (Prasanna)
HS-OBS-0185,Empirical Lifestyle Survey (Academic Observational Cohort),42,Female,169.2,79.2,27.7,Overweight,Educator / Academic,6.8,23.75,6.55,11:45 PM,06:33 AM,Moderate,7.2,6.2,45.0,3.0,Regular,33.3,7,Neutral,False,True,Medium,Medium,High,Regular,Sleep Apnea,80.9,100.0,41.7,99.4,86.0,52.0,73.8,Good (Prasanna)
HS-OBS-0186,Empirical Lifestyle Survey (Academic Observational Cohort),42,Female,158.3,63.4,25.3,Overweight,Educator / Academic,6.8,23.25,6.05,11:15 PM,06:03 AM,Moderate,7.9,8.0,45.0,2.9,Regular,29.2,7,Neutral,False,True,Medium,Medium,High,Regular,Sleep Apnea,82.4,99.2,41.7,98.5,93.0,52.0,74.7,Good (Prasanna)
HS-OBS-0187,Empirical Lifestyle Survey (Academic Observational Cohort),43,Female,156.4,62.4,25.5,Overweight,Educator / Academic,6.7,23.0,5.7,11:00 PM,05:42 AM,Moderate,8.1,6.6,45.0,2.5,Regular,19.3,4,Good,True,False,Medium,Low,Medium,Irregular,Insomnia; Hypertension,80.9,89.3,67.5,99.7,73.0,60.0,76.9,Good (Prasanna)
HS-OBS-0188,Empirical Lifestyle Survey (Academic Observational Cohort),43,Male,179.5,83.4,25.9,Overweight,Working Professional (IT/Corporate),6.3,0.0,6.3,12:00 AM,06:18 AM,Moderate,7.6,8.6,45.0,3.4,Irregular,37.8,7,Neutral,True,True,Medium,Medium,High,Irregular,Insomnia,73.2,97.6,43.5,99.6,59.5,52.0,68.8,Moderate (Madhyama)
HS-OBS-0189,Empirical Lifestyle Survey (Academic Observational Cohort),43,Female,155.1,60.8,25.3,Overweight,Educator / Academic,6.7,0.0,6.7,12:00 AM,06:42 AM,Moderate,4.6,6.5,45.0,2.1,Regular,30.6,4,Good,True,True,Medium,Low,Low,Regular,Insomnia; Hypertension,79.4,100.0,67.5,83.9,86.0,85.0,83.0,Good (Prasanna)
HS-OBS-0190,Empirical Lifestyle Survey (Academic Observational Cohort),43,Male,171.6,81.3,27.6,Overweight,Working Professional (IT/Corporate),6.5,23.75,6.25,11:45 PM,06:15 AM,Moderate,8.8,7.4,45.0,3.1,Irregular,43.2,7,Neutral,True,False,Medium,Medium,High,Irregular,Insomnia,76.3,100.0,43.5,99.5,43.0,32.0,64.4,Moderate (Madhyama)
HS-OBS-0191,Empirical Lifestyle Survey (Academic Observational Cohort),43,Female,158.3,64.9,25.9,Overweight,Educator / Academic,6.7,23.75,6.45,11:45 PM,06:27 AM,Moderate,6.5,4.3,45.0,2.6,Regular,29.4,4,Good,True,True,Medium,Low,Low,Regular,Insomnia; Hypertension,79.4,99.4,67.5,99.8,100.0,85.0,86.1,Excellent (Svastha)
HS-OBS-0192,Empirical Lifestyle Survey (Academic Observational Cohort),43,Male,175.6,85.4,27.7,Overweight,Working Professional (IT/Corporate),6.4,0.5,6.9,12:30 AM,06:54 AM,Moderate,8.7,7.4,45.0,3.3,Regular,39.3,7,Neutral,True,True,Medium,Medium,High,Irregular,Insomnia,74.8,100.0,43.5,99.8,56.0,52.0,69.2,Moderate (Madhyama)
HS-OBS-0193,Empirical Lifestyle Survey (Academic Observational Cohort),43,Male,173.2,79.0,26.3,Overweight,Working Professional (IT/Corporate),6.5,23.75,6.25,11:45 PM,06:15 AM,Moderate,7.1,9.0,45.0,3.5,Irregular,41.8,7,Neutral,True,True,Medium,Medium,High,Irregular,Insomnia,76.3,96.0,43.5,98.6,57.5,52.0,68.9,Moderate (Madhyama)
HS-OBS-0194,Empirical Lifestyle Survey (Academic Observational Cohort),43,Male,175.7,78.9,25.6,Overweight,Working Professional (IT/Corporate),6.5,23.75,6.25,11:45 PM,06:15 AM,Moderate,7.3,8.8,45.0,2.5,Regular,42.6,7,Neutral,False,True,Medium,Medium,High,Irregular,Insomnia,76.3,96.8,41.7,79.7,78.5,52.0,69.3,Moderate (Madhyama)
HS-OBS-0195,Empirical Lifestyle Survey (Academic Observational Cohort),43,Male,180.6,81.9,25.1,Overweight,Working Professional (IT/Corporate),6.5,23.5,6.0,11:30 PM,06:00 AM,Moderate,7.8,10.0,45.0,2.9,Irregular,35.0,7,Neutral,True,True,Medium,Medium,High,Irregular,Insomnia,77.8,92.0,43.5,89.5,52.5,52.0,67.0,Moderate (Madhyama)
HS-OBS-0196,Empirical Lifestyle Survey (Academic Observational Cohort),43,Male,169.2,72.8,25.4,Overweight,Working Professional (IT/Corporate),6.5,0.0,6.5,12:00 AM,06:30 AM,Moderate,9.3,7.3,45.0,2.7,Irregular,36.7,7,Neutral,True,True,Medium,Medium,High,Irregular,Insomnia,76.3,100.0,43.5,99.0,43.0,52.0,67.9,Moderate (Madhyama)
HS-OBS-0197,Empirical Lifestyle Survey (Academic Observational Cohort),43,Male,174.2,79.0,26.0,Overweight,Working Professional (IT/Corporate),6.5,23.0,5.5,11:00 PM,05:30 AM,Moderate,9.7,8.4,45.0,2.3,Irregular,28.3,7,Neutral,True,True,Medium,Medium,High,Irregular,Insomnia,77.8,96.7,43.5,73.2,43.0,52.0,65.1,Moderate (Madhyama)
HS-OBS-0198,Empirical Lifestyle Survey (Academic Observational Cohort),43,Male,178.5,80.8,25.4,Overweight,Working Professional (IT/Corporate),6.5,0.0,6.5,12:00 AM,06:30 AM,Moderate,9.8,8.2,45.0,2.9,Regular,37.1,7,Neutral,True,True,Medium,Medium,High,Regular,Insomnia,76.3,99.2,43.5,98.8,83.0,52.0,72.5,Good (Prasanna)
HS-OBS-0199,Empirical Lifestyle Survey (Academic Observational Cohort),43,Male,169.6,80.0,27.8,Overweight,Working Professional (IT/Corporate),6.5,23.0,5.5,11:00 PM,05:30 AM,Moderate,9.6,9.1,45.0,2.8,Irregular,41.8,7,Neutral,False,True,Medium,Medium,High,Irregular,Insomnia,77.8,95.6,41.7,88.2,47.0,52.0,66.5,Moderate (Madhyama)
HS-OBS-0200,Empirical Lifestyle Survey (Academic Observational Cohort),43,Male,165.8,70.9,25.8,Overweight,Working Professional (IT/Corporate),6.5,23.5,6.0,11:30 PM,06:00 AM,Moderate,9.0,11.4,45.0,2.4,Irregular,26.8,7,Neutral,False,True,Medium,Medium,High,Irregular,Insomnia,77.8,83.2,41.7,84.0,35.5,52.0,62.5,Moderate (Madhyama)
HS-OBS-0201,Empirical Lifestyle Survey (Academic Observational Cohort),43,Male,174.6,86.2,28.3,Overweight,Working Professional (IT/Corporate),6.5,23.5,6.0,11:30 PM,06:00 AM,Moderate,9.4,9.8,45.0,3.4,Irregular,19.8,7,Neutral,False,False,Medium,Medium,High,Irregular,Insomnia,77.8,82.6,41.7,100.0,43.5,32.0,61.3,Moderate (Madhyama)
HS-OBS-0202,Empirical Lifestyle Survey (Academic Observational Cohort),43,Male,163.9,62.4,23.2,Normal,Working Professional (IT/Corporate),7.8,22.5,6.3,10:30 PM,06:18 AM,Good,8.2,8.4,90.0,2.9,Regular,54.0,5,Neutral,True,True,Medium,Medium,Medium,Regular,Insomnia,88.4,98.4,58.5,99.9,93.0,65.0,81.7,Good (Prasanna)
HS-OBS-0203,Empirical Lifestyle Survey (Academic Observational Cohort),43,Male,173.7,64.8,21.5,Normal,Working Professional (IT/Corporate),7.8,22.0,5.8,10:00 PM,05:48 AM,Good,9.2,10.0,90.0,3.6,Regular,57.1,5,Neutral,True,True,Medium,Medium,Medium,Regular,Insomnia,88.4,92.0,58.5,97.6,82.5,65.0,79.1,Good (Prasanna)
HS-OBS-0204,Empirical Lifestyle Survey (Academic Observational Cohort),43,Male,185.9,72.3,20.9,Normal,Working Professional (IT/Corporate),6.9,23.75,6.65,11:45 PM,06:39 AM,Moderate,8.5,8.0,47.0,2.8,Irregular,30.7,7,Neutral,True,False,Medium,Medium,High,Irregular,None,82.5,100.0,43.5,99.5,46.0,32.0,66.1,Moderate (Madhyama)
HS-OBS-0205,Empirical Lifestyle Survey (Academic Observational Cohort),43,Male,178.2,82.7,26.0,Overweight,Working Professional (IT/Corporate),7.6,22.0,5.6,10:00 PM,05:36 AM,Good,10.9,10.4,75.0,3.4,Irregular,41.3,4,Good,True,True,Medium,Medium,High,Irregular,None,88.4,90.4,67.5,99.6,43.3,52.0,73.7,Good (Prasanna)
HS-OBS-0206,Empirical Lifestyle Survey (Academic Observational Cohort),43,Male,162.3,59.1,22.4,Normal,Working Professional (IT/Corporate),7.7,23.0,6.7,11:00 PM,06:42 AM,Good,7.7,8.9,90.0,3.0,Regular,56.5,5,Neutral,True,True,Medium,Medium,Medium,Regular,None,87.9,96.4,58.5,99.2,91.0,65.0,80.9,Good (Prasanna)
HS-OBS-0207,Empirical Lifestyle Survey (Academic Observational Cohort),43,Male,161.6,58.1,22.2,Normal,Working Professional (IT/Corporate),7.7,22.75,6.45,10:45 PM,06:27 AM,Good,8.0,6.8,90.0,2.6,Regular,44.6,5,Neutral,True,True,Medium,Medium,Medium,Irregular,None,87.9,100.0,58.5,99.2,73.0,65.0,79.4,Good (Prasanna)
HS-OBS-0208,Empirical Lifestyle Survey (Academic Observational Cohort),43,Male,169.7,63.4,22.0,Normal,Working Professional (IT/Corporate),7.7,22.0,5.7,10:00 PM,05:42 AM,Good,7.6,9.7,90.0,2.5,Regular,52.7,5,Neutral,True,True,Medium,Medium,Medium,Regular,None,88.4,93.2,58.5,84.2,94.0,65.0,79.3,Good (Prasanna)
HS-OBS-0209,Empirical Lifestyle Survey (Academic Observational Cohort),43,Male,173.2,68.1,22.7,Normal,Working Professional (IT/Corporate),7.7,22.0,5.7,10:00 PM,05:42 AM,Good,9.5,11.9,90.0,3.0,Irregular,51.7,5,Neutral,True,True,Medium,Medium,High,Irregular,None,88.4,84.4,58.5,99.5,35.0,52.0,69.9,Moderate (Madhyama)
HS-OBS-0210,Empirical Lifestyle Survey (Academic Observational Cohort),43,Male,171.4,60.7,20.7,Normal,Working Professional (IT/Corporate),7.8,22.5,6.3,10:30 PM,06:18 AM,Good,8.5,5.4,90.0,2.9,Regular,42.6,5,Neutral,True,True,Medium,Medium,Medium,Regular,None,88.4,100.0,58.5,99.9,100.0,65.0,82.8,Good (Prasanna)
HS-OBS-0211,Empirical Lifestyle Survey (Academic Observational Cohort),43,Male,170.6,64.8,22.3,Normal,Working Professional (IT/Corporate),7.7,23.0,6.7,11:00 PM,06:42 AM,Good,7.9,6.3,90.0,2.8,Regular,48.4,5,Neutral,True,True,Medium,Medium,Medium,Regular,None,87.9,100.0,58.5,99.1,86.0,65.0,81.0,Good (Prasanna)
HS-OBS-0212,Empirical Lifestyle Survey (Academic Observational Cohort),43,Male,171.8,63.4,21.5,Normal,Working Professional (IT/Corporate),7.8,22.0,5.8,10:00 PM,05:48 AM,Good,8.4,7.3,90.0,3.2,Regular,52.7,5,Neutral,True,True,Medium,Medium,Medium,Regular,None,88.4,100.0,58.5,99.0,93.0,65.0,81.9,Good (Prasanna)
HS-OBS-0213,Empirical Lifestyle Survey (Academic Observational Cohort),43,Male,170.1,69.1,23.9,Normal,Working Professional (IT/Corporate),7.8,22.0,5.8,10:00 PM,05:48 AM,Good,8.0,10.7,90.0,2.8,Regular,55.3,5,Neutral,True,True,Medium,Medium,Medium,Regular,None,88.4,89.2,58.5,88.4,89.0,65.0,78.4,Good (Prasanna)
HS-OBS-0214,Empirical Lifestyle Survey (Academic Observational Cohort),43,Male,177.1,67.5,21.5,Normal,Working Professional (IT/Corporate),7.8,22.25,6.05,10:15 PM,06:03 AM,Good,9.0,7.6,90.0,2.7,Regular,55.2,5,Neutral,True,True,Medium,Medium,Medium,Regular,None,88.4,100.0,58.5,86.7,83.0,65.0,79.5,Good (Prasanna)
HS-OBS-0215,Empirical Lifestyle Survey (Academic Observational Cohort),43,Male,171.2,63.8,21.8,Normal,Working Professional (IT/Corporate),7.8,22.75,6.55,10:45 PM,06:33 AM,Good,7.6,8.2,90.0,3.1,Regular,61.6,5,Neutral,True,True,Medium,Medium,Medium,Regular,None,87.9,99.2,58.5,99.5,86.0,65.0,80.9,Good (Prasanna)
HS-OBS-0216,Empirical Lifestyle Survey (Academic Observational Cohort),43,Male,167.6,63.8,22.7,Normal,Working Professional (IT/Corporate),7.8,22.5,6.3,10:30 PM,06:18 AM,Good,8.7,8.5,90.0,3.1,Regular,54.4,5,Neutral,True,True,Medium,Medium,Medium,Regular,None,88.4,98.0,58.5,99.5,83.0,65.0,80.4,Good (Prasanna)
HS-OBS-0217,Empirical Lifestyle Survey (Academic Observational Cohort),43,Male,172.9,68.6,22.9,Normal,Working Professional (IT/Corporate),7.8,22.25,6.05,10:15 PM,06:03 AM,Good,7.9,8.5,90.0,2.9,Regular,51.5,5,Neutral,True,False,Medium,Medium,Medium,Regular,None,88.4,98.0,58.5,99.0,93.0,45.0,77.9,Good (Prasanna)
HS-OBS-0218,Empirical Lifestyle Survey (Academic Observational Cohort),43,Male,161.2,58.2,22.4,Normal,Working Professional (IT/Corporate),7.8,22.0,5.8,10:00 PM,05:48 AM,Good,9.8,10.4,90.0,2.8,Irregular,59.3,5,Neutral,True,True,Medium,Medium,High,Irregular,None,88.4,90.4,58.5,99.9,40.5,52.0,71.6,Good (Prasanna)
HS-OBS-0219,Empirical Lifestyle Survey (Academic Observational Cohort),43,Male,178.5,68.3,21.4,Normal,Working Professional (IT/Corporate),7.8,22.75,6.55,10:45 PM,06:33 AM,Good,8.0,7.7,90.0,2.5,Regular,70.0,5,Neutral,True,True,Medium,Medium,Medium,Regular,Sleep Apnea,87.9,100.0,58.5,79.6,86.0,65.0,79.0,Good (Prasanna)
HS-OBS-0220,Empirical Lifestyle Survey (Academic Observational Cohort),43,Male,164.2,67.5,25.0,Overweight,Working Professional (IT/Corporate),6.5,23.5,6.0,11:30 PM,06:00 AM,Moderate,10.7,9.7,45.0,2.3,Irregular,44.1,7,Neutral,False,True,Medium,Medium,High,Irregular,Sleep Apnea,77.8,93.2,41.7,84.0,48.4,52.0,65.8,Moderate (Madhyama)
HS-OBS-0221,Empirical Lifestyle Survey (Academic Observational Cohort),44,Female,168.2,74.2,26.2,Overweight,Educator / Academic,6.6,23.5,6.1,11:30 PM,06:06 AM,Moderate,8.9,7.5,45.0,2.7,Regular,25.3,4,Good,True,True,Medium,Low,Medium,Regular,Insomnia; Hypertension,79.3,95.3,67.5,98.9,83.0,80.0,82.3,Good (Prasanna)
HS-OBS-0222,Empirical Lifestyle Survey (Academic Observational Cohort),44,Male,173.8,84.4,27.9,Overweight,Working Professional (IT/Corporate),6.4,1.5,7.9,01:30 AM,07:54 AM,Moderate,7.7,8.7,45.0,2.9,Irregular,33.0,7,Neutral,False,True,Medium,Medium,High,Irregular,Insomnia,73.8,97.2,41.7,87.1,52.0,52.0,66.4,Moderate (Madhyama)
HS-OBS-0223,Empirical Lifestyle Survey (Academic Observational Cohort),44,Male,162.9,70.2,26.5,Overweight,Working Professional (IT/Corporate),6.3,2.0,8.3,02:00 AM,08:18 AM,Moderate,7.7,5.8,45.0,2.6,Regular,31.5,7,Neutral,True,True,Medium,Medium,High,Regular,Insomnia,72.2,100.0,43.5,99.0,87.0,52.0,72.3,Good (Prasanna)
HS-OBS-0224,Empirical Lifestyle Survey (Academic Observational Cohort),44,Male,173.9,78.7,26.0,Overweight,Working Professional (IT/Corporate),6.4,1.5,7.9,01:30 AM,07:54 AM,Moderate,12.0,5.8,45.0,2.9,Regular,26.8,7,Neutral,True,True,Medium,Medium,High,Regular,Insomnia,73.8,96.8,43.5,99.1,77.0,52.0,70.9,Good (Prasanna)
HS-OBS-0225,Empirical Lifestyle Survey (Academic Observational Cohort),44,Female,172.2,76.0,25.6,Overweight,Educator / Academic,6.6,0.0,6.6,12:00 AM,06:36 AM,Moderate,7.6,6.1,45.0,3.1,Regular,39.9,4,Good,True,True,Medium,Low,Medium,Irregular,Insomnia; Hypertension,77.8,100.0,67.5,99.7,66.0,80.0,80.9,Good (Prasanna)
HS-OBS-0226,Empirical Lifestyle Survey (Academic Observational Cohort),44,Male,161.6,71.0,27.2,Overweight,Working Professional (IT/Corporate),6.3,1.0,7.3,01:00 AM,07:18 AM,Moderate,9.6,7.5,45.0,2.5,Irregular,40.7,7,Neutral,True,True,Medium,Medium,High,Irregular,Insomnia,73.2,100.0,43.5,87.4,36.0,52.0,65.2,Moderate (Madhyama)
HS-OBS-0227,Empirical Lifestyle Survey (Academic Observational Cohort),44,Female,161.5,71.9,27.6,Overweight,Educator / Academic,6.6,0.0,6.6,12:00 AM,06:36 AM,Moderate,7.4,4.2,45.0,2.9,Regular,34.4,4,Good,True,True,Medium,Low,Low,Regular,Insomnia; Hypertension,77.8,100.0,67.5,100.0,93.0,85.0,85.1,Excellent (Svastha)
HS-OBS-0228,Empirical Lifestyle Survey (Academic Observational Cohort),44,Male,183.1,85.3,25.4,Overweight,Working Professional (IT/Corporate),6.3,0.0,6.3,12:00 AM,06:18 AM,Moderate,8.4,11.5,45.0,3.3,Irregular,37.5,7,Neutral,True,True,Medium,Medium,High,Irregular,Insomnia,73.2,86.0,43.5,99.8,45.0,52.0,65.0,Moderate (Madhyama)
HS-OBS-0229,Empirical Lifestyle Survey (Academic Observational Cohort),44,Female,178.9,83.4,26.1,Overweight,Educator / Academic,6.6,23.5,6.1,11:30 PM,06:06 AM,Moderate,6.3,3.4,45.0,4.3,Regular,40.7,4,Good,True,True,Medium,Low,Low,Regular,Insomnia; Hypertension,79.3,100.0,67.5,99.7,100.0,85.0,86.2,Excellent (Svastha)
HS-OBS-0230,Empirical Lifestyle Survey (Academic Observational Cohort),44,Male,173.8,84.3,27.9,Overweight,Working Professional (IT/Corporate),6.3,1.5,7.8,01:30 AM,07:48 AM,Moderate,8.7,10.6,45.0,2.9,Irregular,25.9,7,Neutral,False,True,Medium,Medium,High,Irregular,Insomnia,72.2,85.5,41.7,87.2,32.5,52.0,61.6,Moderate (Madhyama)
HS-OBS-0231,Empirical Lifestyle Survey (Academic Observational Cohort),44,Female,165.9,70.9,25.8,Overweight,Educator / Academic,6.6,0.0,6.6,12:00 AM,06:36 AM,Moderate,8.3,8.7,45.0,2.9,Regular,40.9,4,Good,True,True,Medium,Low,Medium,Regular,Insomnia; Hypertension,77.8,97.2,67.5,99.8,92.0,80.0,83.5,Good (Prasanna)
HS-OBS-0232,Empirical Lifestyle Survey (Academic Observational Cohort),44,Male,175.4,82.6,26.8,Overweight,Working Professional (IT/Corporate),6.3,1.0,7.3,01:00 AM,07:18 AM,Moderate,8.2,9.8,45.0,3.4,Irregular,38.0,7,Neutral,True,True,Medium,Medium,High,Irregular,Insomnia,73.2,92.8,43.5,99.5,46.5,52.0,66.4,Moderate (Madhyama)
HS-OBS-0233,Empirical Lifestyle Survey (Academic Observational Cohort),44,Female,164.2,73.6,27.3,Overweight,Educator / Academic,6.6,23.25,5.85,11:15 PM,05:51 AM,Moderate,7.9,5.7,45.0,2.6,Regular,24.6,4,Good,True,False,Medium,Low,Medium,Regular,Insomnia; Hypertension,79.3,94.6,67.5,88.1,100.0,60.0,79.6,Good (Prasanna)
HS-OBS-0234,Empirical Lifestyle Survey (Academic Observational Cohort),44,Male,178.4,85.7,26.9,Overweight,Working Professional (IT/Corporate),6.3,1.5,7.8,01:30 AM,07:48 AM,Moderate,10.9,9.5,45.0,3.4,Irregular,38.6,7,Neutral,True,True,Medium,Medium,High,Irregular,Insomnia,72.2,94.0,43.5,99.9,40.8,52.0,65.8,Moderate (Madhyama)
HS-OBS-0235,Empirical Lifestyle Survey (Academic Observational Cohort),44,Female,163.5,71.3,26.7,Overweight,Educator / Academic,6.6,23.75,6.35,11:45 PM,06:21 AM,Moderate,6.7,5.7,45.0,3.2,Regular,25.9,4,Good,True,False,Medium,Low,Low,Regular,Insomnia; Hypertension,77.8,95.9,67.5,98.6,100.0,65.0,81.4,Good (Prasanna)
HS-OBS-0236,Empirical Lifestyle Survey (Academic Observational Cohort),44,Male,169.7,77.9,27.1,Overweight,Working Professional (IT/Corporate),6.3,0.0,6.3,12:00 AM,06:18 AM,Moderate,7.0,8.9,45.0,3.5,Irregular,28.4,7,Neutral,True,True,Medium,Medium,High,Irregular,Insomnia,73.2,94.8,43.5,98.4,58.0,52.0,68.0,Moderate (Madhyama)
HS-OBS-0237,Empirical Lifestyle Survey (Academic Observational Cohort),44,Male,173.8,80.3,26.6,Overweight,Working Professional (IT/Corporate),6.4,1.5,7.9,01:30 AM,07:54 AM,Moderate,10.3,6.8,45.0,3.4,Regular,39.0,7,Neutral,False,True,Medium,Medium,High,Regular,Insomnia,73.8,100.0,41.7,99.2,83.6,52.0,71.9,Good (Prasanna)
HS-OBS-0238,Empirical Lifestyle Survey (Academic Observational Cohort),44,Female,164.1,69.9,26.0,Overweight,Educator / Academic,6.5,23.25,5.75,11:15 PM,05:45 AM,Moderate,7.8,4.9,45.0,2.5,Regular,32.4,4,Good,True,True,Medium,Low,Medium,Regular,Insomnia; Hypertension,77.8,100.0,67.5,88.6,100.0,80.0,83.9,Good (Prasanna)
HS-OBS-0239,Empirical Lifestyle Survey (Academic Observational Cohort),44,Male,177.5,79.5,25.2,Overweight,Working Professional (IT/Corporate),6.3,2.0,8.3,02:00 AM,08:18 AM,Moderate,7.8,8.8,45.0,2.7,Regular,33.9,7,Neutral,False,True,Medium,Medium,High,Regular,Insomnia,72.2,96.8,41.7,85.5,85.5,52.0,69.8,Moderate (Madhyama)
HS-OBS-0240,Empirical Lifestyle Survey (Academic Observational Cohort),44,Male,178.9,90.5,28.3,Overweight,Working Professional (IT/Corporate),6.4,1.0,7.4,01:00 AM,07:24 AM,Moderate,9.1,7.6,45.0,2.6,Regular,31.2,7,Neutral,False,True,Medium,Medium,High,Regular,Insomnia,74.8,100.0,41.7,73.4,76.0,52.0,68.6,Moderate (Madhyama)
HS-OBS-0241,Empirical Lifestyle Survey (Academic Observational Cohort),44,Female,161.5,71.3,27.3,Overweight,Educator / Academic,6.5,23.0,5.5,11:00 PM,05:30 AM,Moderate,7.7,6.2,45.0,2.7,Regular,28.7,4,Good,True,True,Medium,Low,Medium,Regular,Insomnia; Hypertension,77.8,98.7,67.5,99.3,93.0,80.0,83.9,Good (Prasanna)
HS-OBS-0242,Empirical Lifestyle Survey (Academic Observational Cohort),44,Male,173.3,80.3,26.7,Overweight,Working Professional (IT/Corporate),6.3,0.0,6.3,12:00 AM,06:18 AM,Moderate,7.6,8.4,45.0,3.6,Irregular,37.3,7,Neutral,True,True,Medium,Medium,High,Irregular,Insomnia,73.2,98.4,43.5,98.4,53.0,52.0,68.1,Moderate (Madhyama)
HS-OBS-0243,Empirical Lifestyle Survey (Academic Observational Cohort),44,Male,167.5,74.2,26.4,Overweight,Working Professional (IT/Corporate),6.4,1.0,7.4,01:00 AM,07:24 AM,Moderate,10.5,9.8,45.0,3.4,Irregular,37.4,7,Neutral,False,True,Medium,Medium,High,Irregular,Insomnia,74.8,92.8,41.7,98.2,42.5,52.0,65.8,Moderate (Madhyama)
HS-OBS-0244,Empirical Lifestyle Survey (Academic Observational Cohort),44,Female,165.2,69.4,25.4,Overweight,Educator / Academic,6.5,23.5,6.0,11:30 PM,06:00 AM,Moderate,8.6,4.4,45.0,3.3,Regular,26.2,4,Good,True,True,Medium,Low,Medium,Irregular,Insomnia; Hypertension,77.8,96.2,67.5,97.8,70.0,80.0,80.5,Good (Prasanna)
HS-OBS-0245,Empirical Lifestyle Survey (Academic Observational Cohort),44,Male,169.2,74.5,26.0,Overweight,Working Professional (IT/Corporate),6.3,0.5,6.8,12:30 AM,06:48 AM,Moderate,8.6,7.1,45.0,2.9,Regular,23.6,7,Neutral,True,True,Medium,Medium,High,Regular,Insomnia,73.2,93.6,43.5,99.7,76.0,52.0,70.1,Good (Prasanna)
HS-OBS-0246,Empirical Lifestyle Survey (Academic Observational Cohort),44,Female,165.3,68.6,25.1,Overweight,Educator / Academic,6.5,23.5,6.0,11:30 PM,06:00 AM,Moderate,8.3,3.1,45.0,2.7,Regular,32.4,4,Good,True,True,Medium,Low,Medium,Regular,Insomnia; Hypertension,77.8,100.0,67.5,99.7,100.0,80.0,85.0,Excellent (Svastha)
HS-OBS-0247,Empirical Lifestyle Survey (Academic Observational Cohort),44,Male,165.4,73.4,26.8,Overweight,Working Professional (IT/Corporate),6.3,1.5,7.8,01:30 AM,07:48 AM,Moderate,10.1,7.2,45.0,2.6,Irregular,26.1,7,Neutral,False,False,Medium,Medium,High,Irregular,Insomnia,72.2,96.1,41.7,88.3,45.2,32.0,61.5,Moderate (Madhyama)
HS-OBS-0248,Empirical Lifestyle Survey (Academic Observational Cohort),44,Male,173.3,78.6,26.2,Overweight,Working Professional (IT/Corporate),6.8,23.0,5.8,11:00 PM,05:48 AM,Moderate,8.9,10.8,45.0,2.6,Irregular,20.5,7,Neutral,False,True,Medium,Medium,High,Irregular,Insomnia,82.4,79.3,41.7,83.2,38.5,52.0,63.0,Moderate (Madhyama)
HS-OBS-0249,Empirical Lifestyle Survey (Academic Observational Cohort),44,Male,173.5,85.5,28.4,Overweight,Working Professional (IT/Corporate),6.4,0.0,6.4,12:00 AM,06:24 AM,Moderate,9.1,7.1,45.0,3.1,Regular,34.7,7,Neutral,False,True,Medium,Medium,High,Regular,None,74.8,100.0,41.7,99.0,83.0,52.0,72.0,Good (Prasanna)
HS-OBS-0250,Empirical Lifestyle Survey (Academic Observational Cohort),44,Male,173.4,81.3,27.0,Overweight,Working Professional (IT/Corporate),6.5,23.0,5.5,11:00 PM,05:30 AM,Moderate,9.0,6.1,45.0,3.6,Regular,43.0,7,Neutral,False,True,Medium,Medium,High,Regular,None,77.8,100.0,41.7,98.5,83.0,52.0,72.6,Good (Prasanna)
HS-OBS-0251,Empirical Lifestyle Survey (Academic Observational Cohort),45,Female,154.7,65.0,27.2,Overweight,Educator / Academic,6.8,0.0,6.8,12:00 AM,06:48 AM,Moderate,6.6,6.6,30.0,2.9,Regular,38.1,6,Neutral,False,True,Medium,Medium,Low,Regular,Insomnia; Hypertension,80.9,76.7,49.2,98.1,86.0,70.0,74.2,Good (Prasanna)
HS-OBS-0252,Empirical Lifestyle Survey (Academic Observational Cohort),45,Female,155.4,62.8,26.0,Overweight,Educator / Academic,6.8,23.75,6.55,11:45 PM,06:33 AM,Moderate,6.8,6.1,30.0,2.8,Regular,34.4,6,Neutral,False,False,Medium,Medium,Low,Regular,Insomnia; Hypertension,80.9,76.7,49.2,98.2,86.0,50.0,70.6,Good (Prasanna)
HS-OBS-0253,Empirical Lifestyle Survey (Academic Observational Cohort),45,Female,151.7,57.9,25.2,Overweight,Educator / Academic,6.5,23.25,5.75,11:15 PM,05:45 AM,Moderate,6.8,6.0,45.0,1.8,Regular,28.0,4,Good,True,True,Medium,Low,Low,Regular,Insomnia; Hypertension,77.8,98.0,67.5,75.0,100.0,85.0,83.1,Good (Prasanna)
HS-OBS-0254,Empirical Lifestyle Survey (Academic Observational Cohort),45,Female,162.2,70.0,26.6,Overweight,Educator / Academic,6.5,23.25,5.75,11:15 PM,05:45 AM,Moderate,7.3,4.4,45.0,3.1,Regular,33.7,4,Good,True,True,Medium,Low,Low,Regular,Insomnia; Hypertension,77.8,100.0,67.5,98.8,100.0,85.0,85.8,Excellent (Svastha)
HS-OBS-0255,Empirical Lifestyle Survey (Academic Observational Cohort),45,Female,147.9,59.8,27.3,Overweight,Educator / Academic,6.5,23.75,6.25,11:45 PM,06:15 AM,Moderate,8.1,4.1,45.0,2.6,Regular,48.4,4,Good,True,True,Medium,Low,Medium,Irregular,Insomnia; Hypertension,76.3,100.0,67.5,99.3,80.0,80.0,82.2,Good (Prasanna)
HS-OBS-0256,Empirical Lifestyle Survey (Academic Observational Cohort),45,Female,153.5,67.0,28.4,Overweight,Educator / Academic,6.5,23.75,6.25,11:45 PM,06:15 AM,Moderate,8.0,6.9,45.0,3.1,Regular,24.3,4,Good,True,True,Medium,Low,Medium,Regular,Insomnia; Hypertension,76.3,94.3,67.5,98.3,93.0,80.0,82.6,Good (Prasanna)
HS-OBS-0257,Empirical Lifestyle Survey (Academic Observational Cohort),45,Female,166.8,79.0,28.4,Overweight,Educator / Academic,6.6,23.75,6.35,11:45 PM,06:21 AM,Moderate,7.2,6.9,45.0,2.6,Regular,24.6,4,Good,True,True,Medium,Low,Low,Regular,Insomnia; Hypertension,77.8,94.6,67.5,82.8,93.0,85.0,82.4,Good (Prasanna)
HS-OBS-0258,Empirical Lifestyle Survey (Academic Observational Cohort),45,Female,163.6,71.6,26.8,Overweight,Educator / Academic,6.6,23.0,5.6,11:00 PM,05:36 AM,Moderate,8.0,6.7,45.0,3.1,Regular,15.3,4,Good,True,True,Medium,Low,Medium,Regular,Insomnia; Hypertension,79.3,85.3,67.5,99.0,93.0,80.0,81.8,Good (Prasanna)
HS-OBS-0259,Empirical Lifestyle Survey (Academic Observational Cohort),45,Female,168.6,72.8,25.6,Overweight,Educator / Academic,6.6,0.0,6.6,12:00 AM,06:36 AM,Moderate,7.6,5.3,45.0,2.3,Regular,60.2,4,Good,True,True,Medium,Low,Medium,Regular,Insomnia; Hypertension,77.8,100.0,67.5,78.7,93.0,80.0,82.0,Good (Prasanna)
HS-OBS-0260,Empirical Lifestyle Survey (Academic Observational Cohort),45,Female,153.0,59.3,25.3,Overweight,Educator / Academic,6.6,23.5,6.1,11:30 PM,06:06 AM,Moderate,7.4,5.2,45.0,2.6,Regular,20.7,4,Good,True,True,Medium,Low,Low,Regular,Insomnia; Hypertension,79.3,90.7,67.5,99.2,100.0,85.0,84.5,Good (Prasanna)
HS-OBS-0261,Empirical Lifestyle Survey (Academic Observational Cohort),45,Female,167.2,75.5,27.0,Overweight,Educator / Academic,6.6,23.0,5.6,11:00 PM,05:36 AM,Moderate,7.2,6.0,45.0,2.6,Regular,29.0,4,Good,True,True,Medium,Low,Low,Regular,Insomnia; Hypertension,79.3,99.0,67.5,86.2,100.0,85.0,84.7,Good (Prasanna)
HS-OBS-0262,Empirical Lifestyle Survey (Academic Observational Cohort),45,Female,164.8,72.0,26.5,Overweight,Educator / Academic,6.6,23.5,6.1,11:30 PM,06:06 AM,Moderate,5.7,5.1,45.0,2.8,Regular,33.6,4,Good,True,True,Medium,Low,Low,Regular,Hypertension,79.3,100.0,67.5,99.6,100.0,85.0,86.2,Excellent (Svastha)
HS-OBS-0263,Empirical Lifestyle Survey (Academic Observational Cohort),45,Female,168.8,79.7,28.0,Overweight,Educator / Academic,6.6,23.25,5.85,11:15 PM,05:51 AM,Moderate,7.0,6.1,45.0,3.4,Regular,27.0,4,Good,True,True,Medium,Low,Low,Regular,Hypertension,79.3,97.0,67.5,99.1,93.0,85.0,84.8,Good (Prasanna)
HS-OBS-0264,Empirical Lifestyle Survey (Academic Observational Cohort),45,Female,156.6,61.6,25.1,Overweight,Working Professional (IT/Corporate),6.9,23.0,5.9,11:00 PM,05:54 AM,Moderate,7.1,7.1,55.0,2.5,Regular,45.0,5,Neutral,True,True,Medium,Medium,Low,Irregular,None,84.0,100.0,58.5,99.5,73.0,70.0,79.5,Good (Prasanna)
HS-OBS-0265,Empirical Lifestyle Survey (Academic Observational Cohort),48,Male,177.9,92.5,29.2,Obesity Range,Healthcare Worker,7.3,23.25,6.55,11:15 PM,06:33 AM,Moderate,10.8,5.6,65.0,4.1,Irregular,36.4,5,Neutral,True,True,Medium,Medium,High,Irregular,Insomnia; Hypertension,85.5,100.0,58.5,98.9,46.6,52.0,73.4,Good (Prasanna)
HS-OBS-0266,Empirical Lifestyle Survey (Academic Observational Cohort),48,Female,160.7,68.1,26.4,Overweight,Healthcare Worker,5.9,2.0,7.9,02:00 AM,07:54 AM,Moderate,10.7,2.0,90.0,2.7,Irregular,44.3,8,Low,False,True,Low,High,High,Irregular,Sleep Apnea; Hypertension; Anxiety/stress-related concerns,66.1,100.0,31.9,86.2,47.4,17.0,56.3,Moderate (Madhyama)
HS-OBS-0267,Empirical Lifestyle Survey (Academic Observational Cohort),48,Male,176.6,104.0,33.3,Obesity Range,Healthcare Worker,7.3,23.0,6.3,11:00 PM,06:18 AM,Moderate,7.4,5.1,65.0,4.5,Regular,32.8,5,Neutral,True,True,Medium,Medium,Low,Regular,Insomnia; Hypertension,85.5,100.0,58.5,98.4,100.0,70.0,83.0,Good (Prasanna)
HS-OBS-0268,Empirical Lifestyle Survey (Academic Observational Cohort),49,Female,154.4,61.1,25.6,Overweight,Healthcare Worker,6.2,1.0,7.2,01:00 AM,07:12 AM,Moderate,10.8,4.4,90.0,2.3,Irregular,53.6,8,Low,False,True,Low,High,High,Irregular,Hypertension; Anxiety/stress-related concerns,71.7,100.0,31.9,79.6,46.6,17.0,56.8,Moderate (Madhyama)
HS-OBS-0269,Empirical Lifestyle Survey (Academic Observational Cohort),49,Female,161.7,65.6,25.1,Overweight,Healthcare Worker,6.0,0.0,6.0,12:00 AM,06:00 AM,Moderate,6.4,6.4,90.0,2.4,Regular,60.9,8,Low,False,True,Low,High,High,Irregular,Sleep Apnea; Hypertension; Anxiety/stress-related concerns,68.6,100.0,31.9,78.8,73.0,17.0,59.2,Moderate (Madhyama)
HS-OBS-0270,Empirical Lifestyle Survey (Academic Observational Cohort),49,Female,155.5,63.6,26.3,Overweight,Healthcare Worker,6.1,0.0,6.1,12:00 AM,06:06 AM,Moderate,7.3,5.2,90.0,2.7,Irregular,54.3,8,Low,True,True,Low,High,High,Irregular,Sleep Apnea; Hypertension; Anxiety/stress-related concerns,70.1,100.0,33.8,98.8,60.0,17.0,60.3,Moderate (Madhyama)
HS-OBS-0271,Empirical Lifestyle Survey (Academic Observational Cohort),49,Female,164.5,67.9,25.1,Overweight,Healthcare Worker,6.1,2.0,8.1,02:00 AM,08:06 AM,Moderate,7.5,6.1,90.0,3.2,Regular,56.2,8,Low,False,True,Low,High,High,Regular,Sleep Apnea; Hypertension; Anxiety/stress-related concerns,69.1,100.0,31.9,99.7,80.0,17.0,62.2,Moderate (Madhyama)
HS-OBS-0272,Empirical Lifestyle Survey (Academic Observational Cohort),49,Female,170.2,79.9,27.6,Overweight,Healthcare Worker,6.1,0.5,6.6,12:30 AM,06:36 AM,Moderate,10.0,5.0,90.0,3.8,Irregular,55.4,8,Low,True,True,Low,High,High,Irregular,Sleep Apnea; Hypertension; Anxiety/stress-related concerns,70.1,100.0,33.8,99.1,43.0,17.0,58.3,Moderate (Madhyama)
HS-OBS-0273,Empirical Lifestyle Survey (Academic Observational Cohort),49,Female,173.6,82.8,27.5,Overweight,Healthcare Worker,6.1,2.0,8.1,02:00 AM,08:06 AM,Moderate,13.0,8.0,90.0,3.5,Regular,50.6,8,Low,False,True,Low,High,High,Regular,Sleep Apnea; Hypertension; Anxiety/stress-related concerns,69.1,100.0,31.9,99.5,60.0,17.0,59.8,Moderate (Madhyama)
HS-OBS-0274,Empirical Lifestyle Survey (Academic Observational Cohort),49,Female,162.5,67.5,25.6,Overweight,Healthcare Worker,6.2,1.5,7.7,01:30 AM,07:42 AM,Moderate,6.8,6.9,90.0,3.0,Irregular,63.3,8,Low,False,True,Low,High,High,Irregular,Sleep Apnea; Hypertension; Anxiety/stress-related concerns,70.7,100.0,31.9,99.5,46.0,17.0,58.5,Moderate (Madhyama)
HS-OBS-0275,Empirical Lifestyle Survey (Academic Observational Cohort),49,Female,161.1,72.6,28.0,Overweight,Healthcare Worker,6.2,1.5,7.7,01:30 AM,07:42 AM,Moderate,9.7,5.0,90.0,3.2,Irregular,38.3,8,Low,False,True,Low,High,High,Irregular,Sleep Apnea; Hypertension; Anxiety/stress-related concerns,70.7,100.0,31.9,99.7,43.0,17.0,58.1,Moderate (Madhyama)
HS-OBS-0276,Empirical Lifestyle Survey (Academic Observational Cohort),49,Female,163.2,69.7,26.2,Overweight,Healthcare Worker,6.2,0.0,6.2,12:00 AM,06:12 AM,Moderate,10.0,6.8,90.0,2.8,Irregular,42.3,8,Low,False,True,Low,High,High,Irregular,Sleep Apnea; Hypertension; Anxiety/stress-related concerns,71.7,100.0,31.9,87.8,43.0,17.0,57.2,Moderate (Madhyama)
HS-OBS-0277,Empirical Lifestyle Survey (Academic Observational Cohort),49,Male,169.5,84.3,29.3,Obesity Range,Healthcare Worker,8.1,22.0,6.1,10:00 PM,06:06 AM,Good,7.2,7.4,85.0,3.9,Regular,40.8,3,Good,True,True,Medium,Low,Low,Regular,Sleep Apnea; Hypertension,88.4,100.0,75.0,99.2,93.0,85.0,88.8,Excellent (Svastha)
HS-OBS-0278,Empirical Lifestyle Survey (Academic Observational Cohort),49,Male,175.6,90.8,29.4,Obesity Range,Healthcare Worker,8.1,23.0,7.1,11:00 PM,07:06 AM,Good,10.3,5.3,85.0,3.9,Irregular,49.9,3,Good,True,True,Medium,Medium,High,Irregular,Sleep Apnea; Hypertension,87.9,100.0,75.0,100.0,50.6,52.0,77.8,Good (Prasanna)
HS-OBS-0279,Empirical Lifestyle Survey (Academic Observational Cohort),50,Female,153.6,67.1,28.4,Overweight,Healthcare Worker,6.1,1.5,7.6,01:30 AM,07:36 AM,Moderate,9.9,2.9,90.0,2.6,Irregular,40.5,8,Low,False,True,Low,High,High,Irregular,Insomnia; Hypertension,69.1,100.0,31.9,83.9,43.0,17.0,56.2,Moderate (Madhyama)
HS-OBS-0280,Empirical Lifestyle Survey (Academic Observational Cohort),50,Female,157.4,53.2,21.5,Normal,Working Professional (IT/Corporate),8.3,22.25,6.55,10:15 PM,06:33 AM,Good,7.8,9.2,30.0,1.6,Regular,28.3,3,Good,True,False,High,Low,Medium,Regular,None,88.4,70.2,75.0,75.8,89.5,75.0,78.9,Good (Prasanna)
HS-OBS-0281,Empirical Lifestyle Survey (Academic Observational Cohort),50,Female,156.1,66.9,27.5,Overweight,Healthcare Worker,6.0,0.5,6.5,12:30 AM,06:30 AM,Moderate,9.3,7.2,90.0,3.3,Irregular,39.9,8,Low,True,True,Low,High,High,Irregular,Hypertension; Anxiety/stress-related concerns,68.6,100.0,33.8,99.2,43.0,17.0,58.0,Moderate (Madhyama)
HS-OBS-0282,Empirical Lifestyle Survey (Academic Observational Cohort),50,Female,166.1,78.1,28.3,Overweight,Healthcare Worker,6.1,0.5,6.6,12:30 AM,06:36 AM,Moderate,13.4,4.1,90.0,2.8,Irregular,63.9,8,Low,True,True,Low,High,High,Irregular,Sleep Apnea; Hypertension; Anxiety/stress-related concerns,70.1,100.0,33.8,80.4,33.0,17.0,55.2,Moderate (Madhyama)
HS-OBS-0283,Empirical Lifestyle Survey (Academic Observational Cohort),50,Female,164.9,76.9,28.3,Overweight,Healthcare Worker,6.0,0.5,6.5,12:30 AM,06:30 AM,Moderate,9.6,7.1,90.0,3.2,Regular,57.0,8,Low,False,True,Low,High,High,Irregular,Sleep Apnea; Hypertension; Anxiety/stress-related concerns,68.6,100.0,31.9,99.1,63.0,17.0,60.0,Moderate (Madhyama)
HS-OBS-0284,Empirical Lifestyle Survey (Academic Observational Cohort),50,Female,155.4,61.2,25.3,Overweight,Healthcare Worker,6.0,1.0,7.0,01:00 AM,07:00 AM,Moderate,10.0,5.9,90.0,1.8,Regular,57.2,8,Low,False,True,Low,High,High,Irregular,Sleep Apnea; Hypertension; Anxiety/stress-related concerns,68.6,100.0,31.9,62.2,63.0,17.0,56.3,Moderate (Madhyama)
HS-OBS-0285,Empirical Lifestyle Survey (Academic Observational Cohort),50,Female,164.2,74.0,27.4,Overweight,Healthcare Worker,6.0,2.0,8.0,02:00 AM,08:00 AM,Moderate,7.5,6.0,90.0,3.4,Irregular,46.9,8,Low,False,True,Low,High,High,Irregular,Sleep Apnea; Hypertension; Anxiety/stress-related concerns,67.6,100.0,31.9,99.8,53.0,17.0,58.7,Moderate (Madhyama)
HS-OBS-0286,Empirical Lifestyle Survey (Academic Observational Cohort),50,Female,156.2,67.3,27.6,Overweight,Healthcare Worker,6.0,0.5,6.5,12:30 AM,06:30 AM,Moderate,12.4,7.8,90.0,2.4,Regular,43.4,8,Low,False,True,Low,High,High,Regular,Sleep Apnea; Hypertension; Anxiety/stress-related concerns,68.6,100.0,31.9,77.3,73.8,17.0,59.1,Moderate (Madhyama)
HS-OBS-0287,Empirical Lifestyle Survey (Academic Observational Cohort),50,Female,162.8,73.6,27.8,Overweight,Healthcare Worker,6.0,1.0,7.0,01:00 AM,07:00 AM,Moderate,5.0,4.4,90.0,3.2,Regular,58.0,8,Low,False,True,Low,High,High,Regular,Sleep Apnea; Hypertension; Anxiety/stress-related concerns,68.6,100.0,31.9,99.5,93.0,17.0,63.6,Moderate (Madhyama)
HS-OBS-0288,Empirical Lifestyle Survey (Academic Observational Cohort),50,Female,159.8,71.8,28.1,Overweight,Healthcare Worker,6.0,0.0,6.0,12:00 AM,06:00 AM,Moderate,11.3,5.2,90.0,3.5,Regular,56.0,8,Low,False,True,Low,High,High,Regular,Sleep Apnea; Hypertension; Anxiety/stress-related concerns,68.6,100.0,31.9,99.1,89.6,17.0,63.2,Moderate (Madhyama)
HS-OBS-0289,Empirical Lifestyle Survey (Academic Observational Cohort),50,Female,169.2,75.8,26.5,Overweight,Healthcare Worker,6.0,0.5,6.5,12:30 AM,06:30 AM,Moderate,9.5,4.5,90.0,3.3,Irregular,58.8,8,Low,True,True,Low,High,High,Irregular,Sleep Apnea; Hypertension; Anxiety/stress-related concerns,68.6,100.0,33.8,99.6,50.0,17.0,58.9,Moderate (Madhyama)
HS-OBS-0290,Empirical Lifestyle Survey (Academic Observational Cohort),50,Female,160.9,70.7,27.3,Overweight,Healthcare Worker,6.1,0.0,6.1,12:00 AM,06:06 AM,Moderate,12.2,5.6,90.0,3.4,Irregular,56.9,8,Low,True,True,Low,High,High,Irregular,Sleep Apnea; Hypertension; Anxiety/stress-related concerns,70.1,100.0,33.8,99.3,42.4,17.0,58.3,Moderate (Madhyama)
HS-OBS-0291,Empirical Lifestyle Survey (Academic Observational Cohort),50,Female,152.1,61.4,26.5,Overweight,Healthcare Worker,6.0,2.0,8.0,02:00 AM,08:00 AM,Moderate,10.1,7.0,90.0,2.6,Regular,47.2,8,Low,False,True,Low,High,High,Regular,Sleep Apnea; Hypertension; Anxiety/stress-related concerns,67.6,100.0,31.9,89.7,85.2,17.0,61.5,Moderate (Madhyama)
HS-OBS-0292,Empirical Lifestyle Survey (Academic Observational Cohort),50,Female,166.5,74.2,26.8,Overweight,Healthcare Worker,6.1,0.0,6.1,12:00 AM,06:06 AM,Moderate,10.6,5.1,90.0,3.3,Regular,35.2,8,Low,False,True,Low,High,High,Regular,Sleep Apnea; Hypertension; Anxiety/stress-related concerns,70.1,100.0,31.9,99.8,95.2,17.0,64.3,Moderate (Madhyama)
HS-OBS-0293,Empirical Lifestyle Survey (Academic Observational Cohort),50,Female,148.2,58.1,26.5,Overweight,Healthcare Worker,6.1,1.5,7.6,01:30 AM,07:36 AM,Moderate,7.6,4.9,90.0,2.5,Regular,60.3,8,Low,False,False,Low,High,High,Irregular,Sleep Apnea; Hypertension; Anxiety/stress-related concerns,69.1,100.0,31.9,89.8,73.0,10.0,59.1,Moderate (Madhyama)
HS-OBS-0294,Empirical Lifestyle Survey (Academic Observational Cohort),50,Female,166.1,77.6,28.1,Overweight,Healthcare Worker,6.0,0.5,6.5,12:30 AM,06:30 AM,Moderate,8.1,5.1,90.0,3.4,Regular,40.3,8,Low,False,True,Low,High,High,Irregular,Sleep Apnea; Hypertension; Anxiety/stress-related concerns,68.6,100.0,31.9,99.8,80.0,17.0,62.1,Moderate (Madhyama)
HS-OBS-0295,Empirical Lifestyle Survey (Academic Observational Cohort),50,Female,166.6,71.7,25.8,Overweight,Healthcare Worker,6.1,0.0,6.1,12:00 AM,06:06 AM,Moderate,13.3,7.4,90.0,2.3,Irregular,61.2,8,Low,False,True,Low,High,High,Irregular,Sleep Apnea; Hypertension; Anxiety/stress-related concerns,70.1,100.0,31.9,70.6,33.0,17.0,53.9,Needs Attention (Hina Vihara)
HS-OBS-0296,Empirical Lifestyle Survey (Academic Observational Cohort),50,Female,166.8,78.0,28.0,Overweight,Healthcare Worker,6.0,0.5,6.5,12:30 AM,06:30 AM,Moderate,9.4,8.2,90.0,3.3,Regular,58.3,8,Low,False,True,Low,High,High,Regular,Sleep Apnea; Hypertension; Anxiety/stress-related concerns,68.6,99.2,31.9,99.4,83.0,17.0,62.3,Moderate (Madhyama)
HS-OBS-0297,Empirical Lifestyle Survey (Academic Observational Cohort),50,Female,164.0,73.6,27.4,Overweight,Healthcare Worker,6.1,1.0,7.1,01:00 AM,07:06 AM,Moderate,11.9,5.4,90.0,2.9,Regular,68.7,8,Low,False,True,Low,High,High,Regular,Sleep Apnea; Hypertension; Anxiety/stress-related concerns,70.1,100.0,31.9,87.2,77.8,17.0,60.9,Moderate (Madhyama)
HS-OBS-0298,Empirical Lifestyle Survey (Academic Observational Cohort),50,Female,166.3,74.3,26.9,Overweight,Healthcare Worker,6.1,0.0,6.1,12:00 AM,06:06 AM,Moderate,11.4,5.4,90.0,3.1,Irregular,50.3,8,Low,False,True,Low,High,High,Irregular,Sleep Apnea; Hypertension; Anxiety/stress-related concerns,70.1,100.0,31.9,99.1,48.8,17.0,58.6,Moderate (Madhyama)
HS-OBS-0299,Empirical Lifestyle Survey (Academic Observational Cohort),51,Female,158.7,58.7,23.3,Normal,Working Professional (IT/Corporate),8.5,22.5,7.0,10:30 PM,07:00 AM,Good,5.8,8.2,30.0,2.0,Regular,23.3,3,Good,True,True,High,Low,Low,Regular,None,88.4,69.2,75.0,86.8,86.0,100.0,83.9,Good (Prasanna)
HS-OBS-0300,Empirical Lifestyle Survey (Academic Observational Cohort),51,Female,166.2,57.3,20.7,Normal,Working Professional (IT/Corporate),8.5,22.0,6.5,10:00 PM,06:30 AM,Good,8.8,9.0,30.0,2.3,Regular,25.6,3,Good,True,True,High,Low,Medium,Irregular,None,88.4,68.3,75.0,99.8,67.5,95.0,81.9,Good (Prasanna)
HS-OBS-0301,Empirical Lifestyle Survey (Academic Observational Cohort),51,Female,156.9,50.8,20.6,Normal,Working Professional (IT/Corporate),8.5,22.5,7.0,10:30 PM,07:00 AM,Good,8.7,7.2,30.0,2.5,Regular,21.9,3,Good,True,True,High,Low,Medium,Regular,None,88.4,68.6,75.0,97.1,76.0,95.0,82.7,Good (Prasanna)
HS-OBS-0302,Empirical Lifestyle Survey (Academic Observational Cohort),51,Female,160.3,56.0,21.8,Normal,Working Professional (IT/Corporate),8.5,22.25,6.75,10:15 PM,06:45 AM,Good,8.5,11.7,30.0,2.3,Regular,37.6,3,Good,True,True,High,Low,Medium,Irregular,None,88.4,61.9,75.0,99.5,58.0,95.0,79.6,Good (Prasanna)
HS-OBS-0303,Empirical Lifestyle Survey (Academic Observational Cohort),51,Female,164.9,61.1,22.5,Normal,Healthcare Worker,7.1,23.25,6.35,11:15 PM,06:21 AM,Moderate,10.9,6.4,55.0,2.2,Irregular,49.4,6,Neutral,False,False,Medium,Medium,High,Irregular,None,85.5,100.0,49.2,84.7,45.8,32.0,66.4,Moderate (Madhyama)
HS-OBS-0304,Empirical Lifestyle Survey (Academic Observational Cohort),51,Female,154.9,65.1,27.1,Overweight,Healthcare Worker,6.0,2.0,8.0,02:00 AM,08:00 AM,Moderate,10.9,5.9,90.0,3.5,Irregular,61.4,8,Low,False,True,Low,High,High,Irregular,Sleep Apnea; Hypertension; Anxiety/stress-related concerns,67.6,100.0,31.9,98.1,45.8,17.0,57.6,Moderate (Madhyama)
HS-OBS-0305,Empirical Lifestyle Survey (Academic Observational Cohort),51,Female,157.5,64.4,26.0,Overweight,Healthcare Worker,6.1,2.0,8.1,02:00 AM,08:06 AM,Moderate,7.7,5.0,90.0,2.4,Irregular,52.6,8,Low,False,True,Low,High,High,Irregular,Sleep Apnea; Hypertension; Anxiety/stress-related concerns,69.1,100.0,31.9,79.9,47.0,17.0,56.3,Moderate (Madhyama)
HS-OBS-0306,Empirical Lifestyle Survey (Academic Observational Cohort),51,Female,166.0,72.6,26.3,Overweight,Healthcare Worker,6.1,0.5,6.6,12:30 AM,06:36 AM,Moderate,10.5,5.4,90.0,3.7,Regular,35.2,8,Low,True,True,Low,High,High,Regular,Sleep Apnea; Hypertension; Anxiety/stress-related concerns,70.1,100.0,33.8,98.4,89.0,17.0,63.8,Moderate (Madhyama)
HS-OBS-0307,Empirical Lifestyle Survey (Academic Observational Cohort),52,Female,160.2,68.9,26.8,Overweight,Working Professional (IT/Corporate),6.5,0.0,6.5,12:00 AM,06:30 AM,Moderate,10.3,10.1,45.0,2.9,Regular,31.0,7,Neutral,True,True,Medium,Medium,High,Regular,Insomnia,76.3,91.6,43.5,99.5,89.6,52.0,72.0,Good (Prasanna)
HS-OBS-0308,Empirical Lifestyle Survey (Academic Observational Cohort),52,Female,168.2,72.2,25.5,Overweight,Working Professional (IT/Corporate),6.5,23.0,5.5,11:00 PM,05:30 AM,Moderate,6.8,8.1,45.0,3.2,Regular,30.6,7,Neutral,True,True,Medium,Medium,High,Regular,Insomnia,77.8,99.6,43.5,98.7,93.0,52.0,74.1,Good (Prasanna)
HS-OBS-0309,Empirical Lifestyle Survey (Academic Observational Cohort),52,Female,161.4,69.0,26.5,Overweight,Working Professional (IT/Corporate),6.6,0.0,6.6,12:00 AM,06:36 AM,Moderate,7.1,11.3,45.0,2.5,Regular,34.1,7,Neutral,True,True,Medium,Medium,High,Regular,Insomnia,77.8,86.8,43.5,89.6,79.0,52.0,69.2,Moderate (Madhyama)
HS-OBS-0310,Empirical Lifestyle Survey (Academic Observational Cohort),52,Female,158.9,71.1,28.2,Overweight,Working Professional (IT/Corporate),6.6,0.0,6.6,12:00 AM,06:36 AM,Moderate,9.7,9.4,45.0,2.4,Irregular,30.3,7,Neutral,False,True,Medium,Medium,High,Irregular,Insomnia,77.8,94.4,41.7,83.8,38.5,52.0,64.8,Moderate (Madhyama)
HS-OBS-0311,Empirical Lifestyle Survey (Academic Observational Cohort),52,Female,166.9,75.2,27.0,Overweight,Working Professional (IT/Corporate),6.6,23.5,6.1,11:30 PM,06:06 AM,Moderate,7.2,8.9,45.0,3.1,Regular,26.1,7,Neutral,True,True,Medium,Medium,High,Irregular,Insomnia,79.3,92.5,43.5,99.6,78.0,52.0,71.5,Good (Prasanna)
HS-OBS-0312,Empirical Lifestyle Survey (Academic Observational Cohort),52,Female,158.8,66.6,26.4,Overweight,Working Professional (IT/Corporate),6.6,23.5,6.1,11:30 PM,06:06 AM,Moderate,9.0,8.5,45.0,2.5,Regular,44.8,7,Neutral,False,True,Medium,Medium,High,Regular,Insomnia,79.3,98.0,41.7,99.0,83.0,52.0,72.6,Good (Prasanna)
HS-OBS-0313,Empirical Lifestyle Survey (Academic Observational Cohort),52,Female,159.9,60.5,23.7,Normal,Working Professional (IT/Corporate),8.4,23.0,7.4,11:00 PM,07:24 AM,Good,9.5,7.7,30.0,3.1,Regular,23.1,3,Good,True,True,High,Low,High,Regular,None,87.9,69.8,75.0,99.5,76.0,82.0,80.7,Good (Prasanna)
HS-OBS-0314,Empirical Lifestyle Survey (Academic Observational Cohort),52,Female,144.9,46.6,22.2,Normal,Working Professional (IT/Corporate),8.4,22.5,6.9,10:30 PM,06:54 AM,Good,8.3,10.1,30.0,1.9,Regular,30.7,3,Good,True,True,High,Low,Medium,Irregular,None,88.4,68.3,75.0,99.4,65.0,95.0,81.6,Good (Prasanna)
HS-OBS-0315,Empirical Lifestyle Survey (Academic Observational Cohort),52,Female,161.5,62.1,23.8,Normal,Working Professional (IT/Corporate),8.4,22.0,6.4,10:00 PM,06:24 AM,Good,7.9,10.3,30.0,3.0,Regular,30.0,3,Good,True,True,High,Low,Medium,Regular,None,88.4,67.5,75.0,97.0,91.0,95.0,84.3,Good (Prasanna)
HS-OBS-0316,Empirical Lifestyle Survey (Academic Observational Cohort),53,Female,156.2,57.0,23.4,Normal,Working Professional (IT/Corporate),8.3,22.25,6.55,10:15 PM,06:33 AM,Good,10.7,9.8,30.0,2.3,Regular,29.2,3,Good,True,True,High,Low,High,Regular,Insomnia,88.4,68.7,75.0,99.7,80.9,82.0,81.3,Good (Prasanna)
HS-OBS-0317,Empirical Lifestyle Survey (Academic Observational Cohort),53,Female,162.3,57.6,21.9,Normal,Working Professional (IT/Corporate),8.5,22.25,6.75,10:15 PM,06:45 AM,Good,7.4,8.7,30.0,2.5,Regular,11.6,3,Good,True,False,High,Low,Low,Irregular,None,88.4,55.5,75.0,98.7,72.0,80.0,77.3,Good (Prasanna)
HS-OBS-0318,Empirical Lifestyle Survey (Academic Observational Cohort),53,Female,167.1,58.0,20.8,Normal,Working Professional (IT/Corporate),8.5,22.75,7.25,10:45 PM,07:15 AM,Good,7.4,9.4,30.0,2.5,Regular,19.1,3,Good,True,True,High,Low,Low,Regular,None,87.9,60.2,75.0,98.8,88.5,100.0,83.7,Good (Prasanna)
HS-OBS-0319,Empirical Lifestyle Survey (Academic Observational Cohort),53,Female,162.6,63.2,23.9,Normal,Working Professional (IT/Corporate),8.4,23.0,7.4,11:00 PM,07:24 AM,Good,8.9,8.2,30.0,2.2,Regular,28.2,3,Good,True,False,High,Low,Medium,Regular,None,87.9,74.1,75.0,89.4,76.0,75.0,79.2,Good (Prasanna)
HS-OBS-0320,Empirical Lifestyle Survey (Academic Observational Cohort),53,Female,162.7,54.9,20.7,Normal,Working Professional (IT/Corporate),8.4,22.75,7.15,10:45 PM,07:09 AM,Good,8.7,6.6,30.0,2.1,Regular,19.3,3,Good,True,True,High,Low,Medium,Regular,None,87.9,66.0,75.0,99.6,76.0,95.0,82.4,Good (Prasanna)
HS-OBS-0321,Empirical Lifestyle Survey (Academic Observational Cohort),53,Female,158.7,53.1,21.1,Normal,Working Professional (IT/Corporate),8.5,23.0,7.5,11:00 PM,07:30 AM,Good,8.2,7.8,30.0,1.9,Regular,19.3,3,Good,True,False,High,Low,Medium,Regular,None,87.9,66.0,75.0,98.8,86.0,75.0,79.9,Good (Prasanna)
HS-OBS-0322,Empirical Lifestyle Survey (Academic Observational Cohort),53,Female,153.9,55.1,23.3,Normal,Working Professional (IT/Corporate),8.4,22.25,6.65,10:15 PM,06:39 AM,Good,9.9,7.9,30.0,1.5,Regular,24.3,3,Good,True,True,High,Low,High,Regular,None,88.4,71.0,75.0,68.9,76.0,82.0,78.0,Good (Prasanna)
HS-OBS-0323,Empirical Lifestyle Survey (Academic Observational Cohort),53,Female,162.9,59.0,22.2,Normal,Working Professional (IT/Corporate),8.4,22.75,7.15,10:45 PM,07:09 AM,Good,7.6,7.2,30.0,2.3,Regular,10.4,3,Good,True,False,High,Low,Medium,Regular,None,87.9,57.1,75.0,99.9,86.0,75.0,78.4,Good (Prasanna)
HS-OBS-0324,Empirical Lifestyle Survey (Academic Observational Cohort),53,Female,158.8,55.6,22.0,Normal,Working Professional (IT/Corporate),8.5,23.0,7.5,11:00 PM,07:30 AM,Good,9.6,5.4,30.0,2.2,Regular,17.2,3,Good,True,True,High,Low,High,Regular,None,87.9,63.9,75.0,100.0,83.0,82.0,80.6,Good (Prasanna)
HS-OBS-0325,Empirical Lifestyle Survey (Academic Observational Cohort),53,Female,165.1,60.2,22.1,Normal,Working Professional (IT/Corporate),8.3,22.5,6.8,10:30 PM,06:48 AM,Good,11.1,7.3,30.0,2.4,Regular,23.1,3,Good,True,True,High,Low,High,Regular,None,88.4,69.8,75.0,99.8,77.2,82.0,81.0,Good (Prasanna)
HS-OBS-0326,Empirical Lifestyle Survey (Academic Observational Cohort),53,Female,162.3,62.1,23.6,Normal,Working Professional (IT/Corporate),8.5,23.0,7.5,11:00 PM,07:30 AM,Good,11.1,10.9,30.0,3.2,Irregular,24.2,3,Good,True,True,High,Medium,High,Irregular,None,87.9,59.3,75.0,99.0,32.2,67.0,70.8,Good (Prasanna)
HS-OBS-0327,Empirical Lifestyle Survey (Academic Observational Cohort),53,Female,156.1,53.0,21.8,Normal,Working Professional (IT/Corporate),8.3,22.75,7.05,10:45 PM,07:03 AM,Good,9.3,8.8,30.0,2.0,Regular,5.0,3,Good,True,True,High,Low,Medium,Regular,None,87.9,48.5,75.0,99.4,81.5,95.0,79.9,Good (Prasanna)
HS-OBS-0328,Empirical Lifestyle Survey (Academic Observational Cohort),53,Female,159.6,57.1,22.4,Normal,Working Professional (IT/Corporate),8.5,22.0,6.5,10:00 PM,06:30 AM,Good,8.0,9.7,30.0,2.6,Regular,18.5,3,Good,True,True,High,Low,Medium,Regular,None,88.4,58.4,75.0,98.0,94.0,95.0,83.1,Good (Prasanna)
HS-OBS-0329,Empirical Lifestyle Survey (Academic Observational Cohort),53,Female,174.6,72.7,23.8,Normal,Working Professional (IT/Corporate),8.3,22.75,7.05,10:45 PM,07:03 AM,Good,11.5,9.3,30.0,3.2,Regular,20.4,3,Good,True,False,High,Low,High,Regular,None,87.9,61.9,75.0,98.2,77.0,62.0,75.7,Good (Prasanna)
HS-OBS-0330,Empirical Lifestyle Survey (Academic Observational Cohort),53,Female,163.5,63.2,23.6,Normal,Working Professional (IT/Corporate),8.5,23.0,7.5,11:00 PM,07:30 AM,Good,9.0,9.4,30.0,2.7,Regular,33.5,3,Good,True,True,High,Low,Medium,Regular,None,87.9,71.1,75.0,98.8,78.5,95.0,83.5,Good (Prasanna)
HS-OBS-0331,Empirical Lifestyle Survey (Academic Observational Cohort),53,Female,163.0,59.1,22.2,Normal,Working Professional (IT/Corporate),8.5,22.25,6.75,10:15 PM,06:45 AM,Good,9.0,10.3,30.0,2.1,Regular,20.7,3,Good,True,True,High,Low,Medium,Regular,None,88.4,58.2,75.0,98.8,74.0,95.0,80.8,Good (Prasanna)
HS-OBS-0332,Empirical Lifestyle Survey (Academic Observational Cohort),53,Female,154.9,56.6,23.6,Normal,Working Professional (IT/Corporate),8.4,22.25,6.65,10:15 PM,06:39 AM,Good,8.3,9.0,30.0,1.7,Regular,32.0,3,Good,True,True,High,Low,Medium,Regular,None,88.4,72.7,75.0,76.2,90.5,95.0,83.1,Good (Prasanna)
HS-OBS-0333,Empirical Lifestyle Survey (Academic Observational Cohort),54,Female,164.6,64.7,23.9,Normal,Working Professional (IT/Corporate),8.4,22.0,6.4,10:00 PM,06:24 AM,Good,9.7,7.9,30.0,1.7,Irregular,26.5,3,Good,True,True,High,Medium,High,Irregular,None,88.4,73.2,75.0,67.6,43.0,67.0,71.6,Good (Prasanna)
HS-OBS-0334,Empirical Lifestyle Survey (Academic Observational Cohort),54,Female,161.5,59.6,22.9,Normal,Working Professional (IT/Corporate),8.4,22.5,6.9,10:30 PM,06:54 AM,Good,8.3,10.4,30.0,2.1,Regular,28.4,3,Good,True,True,High,Low,Medium,Regular,None,88.4,65.5,75.0,89.9,83.5,95.0,82.3,Good (Prasanna)
HS-OBS-0335,Empirical Lifestyle Survey (Academic Observational Cohort),54,Female,165.1,62.2,22.8,Normal,Working Professional (IT/Corporate),8.4,22.25,6.65,10:15 PM,06:39 AM,Good,8.9,10.2,30.0,2.1,Regular,18.8,3,Good,True,True,High,Low,Medium,Regular,None,88.4,56.7,75.0,86.5,74.5,95.0,79.3,Good (Prasanna)
HS-OBS-0336,Empirical Lifestyle Survey (Academic Observational Cohort),54,Female,160.2,55.2,21.5,Normal,Working Professional (IT/Corporate),8.4,23.0,7.4,11:00 PM,07:24 AM,Good,8.9,8.9,30.0,2.1,Regular,27.2,3,Good,True,True,High,Low,Medium,Regular,None,87.9,70.3,75.0,99.5,81.0,95.0,83.8,Good (Prasanna)
HS-OBS-0337,Empirical Lifestyle Survey (Academic Observational Cohort),54,Female,162.8,57.2,21.6,Normal,Working Professional (IT/Corporate),8.4,22.25,6.65,10:15 PM,06:39 AM,Good,9.4,8.1,30.0,2.4,Regular,41.0,3,Good,True,True,High,Low,Medium,Regular,None,88.4,76.3,75.0,99.2,76.0,95.0,84.3,Good (Prasanna)
HS-OBS-0338,Empirical Lifestyle Survey (Academic Observational Cohort),54,Female,158.3,58.1,23.2,Normal,Working Professional (IT/Corporate),8.4,22.75,7.15,10:45 PM,07:09 AM,Good,8.1,8.2,30.0,1.7,Regular,22.4,3,Good,True,True,High,Low,Medium,Regular,None,87.9,68.3,75.0,74.4,86.0,95.0,81.5,Good (Prasanna)
HS-OBS-0339,Empirical Lifestyle Survey (Academic Observational Cohort),54,Female,158.4,59.4,23.7,Normal,Working Professional (IT/Corporate),8.5,22.75,7.25,10:45 PM,07:15 AM,Good,7.4,7.8,30.0,2.1,Regular,31.9,3,Good,True,True,High,Low,Low,Regular,None,87.9,76.7,75.0,98.8,86.0,100.0,86.3,Excellent (Svastha)
HS-OBS-0340,Empirical Lifestyle Survey (Academic Observational Cohort),55,Female,155.6,64.3,26.6,Overweight,Healthcare Worker,8.1,22.25,6.35,10:15 PM,06:21 AM,Good,7.1,6.7,75.0,2.6,Regular,38.8,4,Good,True,True,Medium,Low,Low,Irregular,Sleep Apnea; Hypertension,88.4,100.0,67.5,98.8,73.0,85.0,84.9,Good (Prasanna)
HS-OBS-0341,Empirical Lifestyle Survey (Academic Observational Cohort),55,Female,167.1,77.5,27.8,Overweight,Healthcare Worker,8.1,22.75,6.85,10:45 PM,06:51 AM,Good,9.3,3.1,75.0,2.7,Regular,43.6,4,Good,True,False,Medium,Low,Medium,Regular,Sleep Apnea; Hypertension,87.9,100.0,67.5,80.9,83.0,60.0,79.7,Good (Prasanna)
HS-OBS-0342,Empirical Lifestyle Survey (Academic Observational Cohort),56,Female,164.3,58.5,21.7,Normal,Healthcare Worker,8.2,22.0,6.2,10:00 PM,06:12 AM,Good,9.9,5.9,90.0,2.6,Irregular,42.1,3,Good,True,True,High,Medium,High,Irregular,None,88.4,100.0,75.0,99.1,50.0,67.0,80.4,Good (Prasanna)
HS-OBS-0343,Empirical Lifestyle Survey (Academic Observational Cohort),56,Female,163.3,63.3,23.7,Normal,Healthcare Worker,8.2,22.0,6.2,10:00 PM,06:12 AM,Good,8.3,6.8,90.0,2.9,Regular,62.6,3,Good,True,True,High,Low,Medium,Regular,None,88.4,100.0,75.0,99.7,93.0,95.0,90.7,Excellent (Svastha)
HS-OBS-0344,Empirical Lifestyle Survey (Academic Observational Cohort),57,Female,156.3,68.1,27.9,Overweight,Healthcare Worker,8.1,22.5,6.6,10:30 PM,06:36 AM,Good,12.0,2.6,75.0,3.2,Irregular,40.0,3,Good,True,False,Medium,Medium,High,Irregular,Hypertension,88.4,100.0,75.0,99.2,37.0,32.0,72.6,Good (Prasanna)
HS-OBS-0345,Empirical Lifestyle Survey (Academic Observational Cohort),57,Female,153.2,59.4,25.3,Overweight,Healthcare Worker,8.2,22.5,6.7,10:30 PM,06:42 AM,Good,10.3,7.6,75.0,2.8,Regular,46.3,3,Good,True,True,Medium,Low,High,Irregular,Sleep Apnea; Hypertension,88.4,100.0,75.0,99.6,63.6,67.0,82.1,Good (Prasanna)
HS-OBS-0346,Empirical Lifestyle Survey (Academic Observational Cohort),57,Female,159.8,66.5,26.0,Overweight,Healthcare Worker,8.2,23.0,7.2,11:00 PM,07:12 AM,Good,8.7,3.4,75.0,2.6,Regular,51.8,3,Good,True,False,Medium,Low,Medium,Irregular,Sleep Apnea; Hypertension,87.9,100.0,75.0,88.1,63.0,60.0,79.5,Good (Prasanna)
HS-OBS-0347,Empirical Lifestyle Survey (Academic Observational Cohort),57,Female,155.1,64.5,26.8,Overweight,Healthcare Worker,8.2,22.25,6.45,10:15 PM,06:27 AM,Good,9.9,7.0,75.0,2.6,Irregular,45.0,3,Good,True,True,Medium,Medium,High,Irregular,Sleep Apnea; Hypertension,88.4,100.0,75.0,98.8,43.0,52.0,76.8,Good (Prasanna)
HS-OBS-0348,Empirical Lifestyle Survey (Academic Observational Cohort),57,Female,168.3,78.8,27.8,Overweight,Healthcare Worker,8.2,22.0,6.2,10:00 PM,06:12 AM,Good,7.4,5.8,75.0,3.1,Regular,54.1,3,Good,True,True,Medium,Low,Low,Regular,Sleep Apnea; Hypertension,88.4,100.0,75.0,99.0,100.0,85.0,89.6,Excellent (Svastha)
HS-OBS-0349,Empirical Lifestyle Survey (Academic Observational Cohort),57,Female,162.3,67.5,25.6,Overweight,Healthcare Worker,8.2,23.0,7.2,11:00 PM,07:12 AM,Good,7.6,4.4,75.0,2.1,Regular,49.0,3,Good,True,True,Medium,Low,Medium,Irregular,Sleep Apnea; Hypertension,87.9,100.0,75.0,70.3,73.0,80.0,82.5,Good (Prasanna)
HS-OBS-0350,Empirical Lifestyle Survey (Academic Observational Cohort),57,Female,160.0,70.1,27.4,Overweight,Healthcare Worker,8.1,22.0,6.1,10:00 PM,06:06 AM,Good,10.7,5.7,75.0,2.6,Regular,39.2,3,Good,True,True,Medium,Low,High,Regular,Sleep Apnea; Hypertension,88.4,100.0,75.0,84.5,94.4,67.0,84.3,Good (Prasanna)
HS-OBS-0351,Empirical Lifestyle Survey (Academic Observational Cohort),57,Female,158.6,71.1,28.3,Overweight,Healthcare Worker,8.1,22.75,6.85,10:45 PM,06:51 AM,Good,10.5,5.9,75.0,2.7,Irregular,47.2,3,Good,True,True,Medium,Medium,High,Irregular,Sleep Apnea; Hypertension,87.9,100.0,75.0,86.7,49.0,52.0,76.2,Good (Prasanna)
HS-OBS-0352,Empirical Lifestyle Survey (Academic Observational Cohort),57,Female,163.7,72.2,26.9,Overweight,Healthcare Worker,8.1,22.25,6.35,10:15 PM,06:21 AM,Good,10.2,6.1,75.0,2.5,Irregular,56.8,3,Good,True,False,Medium,Medium,High,Irregular,Sleep Apnea; Hypertension,88.4,100.0,75.0,79.3,51.4,32.0,72.3,Good (Prasanna)
HS-OBS-0353,Empirical Lifestyle Survey (Academic Observational Cohort),58,Female,167.4,74.1,26.4,Overweight,Healthcare Worker,8.0,22.75,6.75,10:45 PM,06:45 AM,Good,11.8,4.9,75.0,3.1,Regular,46.5,3,Good,True,True,Medium,Low,High,Irregular,Sleep Apnea; Hypertension,87.9,100.0,75.0,99.5,58.6,67.0,81.4,Good (Prasanna)
HS-OBS-0354,Empirical Lifestyle Survey (Academic Observational Cohort),58,Female,152.7,66.2,28.4,Overweight,Healthcare Worker,8.0,22.0,6.0,10:00 PM,06:00 AM,Good,11.1,4.8,75.0,2.8,Irregular,40.6,3,Good,True,True,Medium,Medium,High,Irregular,Sleep Apnea; Hypertension,88.4,100.0,75.0,99.4,51.2,52.0,77.9,Good (Prasanna)
HS-OBS-0355,Empirical Lifestyle Survey (Academic Observational Cohort),58,Female,159.5,66.1,26.0,Overweight,Healthcare Worker,8.0,22.25,6.25,10:15 PM,06:15 AM,Good,8.4,4.5,75.0,3.4,Regular,52.0,3,Good,True,True,Medium,Low,Medium,Irregular,Sleep Apnea; Hypertension,88.4,100.0,75.0,98.0,80.0,80.0,86.2,Excellent (Svastha)
HS-OBS-0356,Empirical Lifestyle Survey (Academic Observational Cohort),58,Female,164.0,72.3,26.9,Overweight,Healthcare Worker,8.0,22.25,6.25,10:15 PM,06:15 AM,Good,8.8,5.1,75.0,3.0,Regular,58.4,3,Good,True,True,Medium,Low,Medium,Regular,Sleep Apnea; Hypertension,88.4,100.0,75.0,99.4,90.0,80.0,87.6,Excellent (Svastha)
HS-OBS-0357,Empirical Lifestyle Survey (Academic Observational Cohort),58,Female,163.7,72.1,26.9,Overweight,Healthcare Worker,8.0,22.5,6.5,10:30 PM,06:30 AM,Good,9.0,7.3,75.0,3.1,Regular,53.8,3,Good,True,True,Medium,Low,Medium,Regular,Sleep Apnea; Hypertension,88.4,100.0,75.0,99.8,83.0,80.0,86.8,Excellent (Svastha)
HS-OBS-0358,Empirical Lifestyle Survey (Academic Observational Cohort),58,Female,167.0,71.8,25.7,Overweight,Healthcare Worker,8.0,22.5,6.5,10:30 PM,06:30 AM,Good,9.3,6.3,75.0,2.8,Regular,52.6,3,Good,True,True,Medium,Low,Medium,Irregular,Sleep Apnea; Hypertension,88.4,100.0,75.0,89.2,63.0,80.0,83.3,Good (Prasanna)
HS-OBS-0359,Empirical Lifestyle Survey (Academic Observational Cohort),59,Female,157.0,67.3,27.3,Overweight,Healthcare Worker,8.0,22.0,6.0,10:00 PM,06:00 AM,Good,10.2,5.2,75.0,3.2,Regular,52.6,3,Good,True,True,Medium,Low,High,Irregular,Hypertension,88.4,100.0,75.0,99.1,78.4,67.0,83.8,Good (Prasanna)
HS-OBS-0360,Empirical Lifestyle Survey (Academic Observational Cohort),59,Female,161.0,68.8,26.5,Overweight,Healthcare Worker,8.1,22.25,6.35,10:15 PM,06:21 AM,Good,8.0,5.2,75.0,2.5,Regular,48.5,3,Good,True,True,Medium,Low,Medium,Irregular,Hypertension,88.4,100.0,75.0,82.4,80.0,80.0,84.7,Good (Prasanna)
HS-OBS-0361,Empirical Lifestyle Survey (Academic Observational Cohort),59,Female,158.9,71.7,28.4,Overweight,Healthcare Worker,8.2,22.25,6.45,10:15 PM,06:27 AM,Good,8.6,5.3,75.0,3.3,Regular,30.5,3,Good,True,True,Medium,Low,Medium,Irregular,Sleep Apnea; Hypertension,88.4,100.0,75.0,99.3,70.0,80.0,85.2,Excellent (Svastha)
HS-OBS-0362,Empirical Lifestyle Survey (Academic Observational Cohort),59,Female,168.3,70.9,25.0,Overweight,Healthcare Worker,8.2,22.75,6.95,10:45 PM,06:57 AM,Good,7.5,4.4,75.0,2.6,Regular,57.0,3,Good,True,False,Medium,Low,Medium,Regular,Sleep Apnea; Hypertension,87.9,100.0,75.0,83.7,93.0,60.0,82.7,Good (Prasanna)
HS-OBS-0363,Empirical Lifestyle Survey (Academic Observational Cohort),59,Female,169.6,77.3,26.9,Overweight,Healthcare Worker,8.2,22.75,6.95,10:45 PM,06:57 AM,Good,10.2,7.2,75.0,3.1,Irregular,41.0,3,Good,True,True,Medium,Medium,High,Irregular,Sleep Apnea; Hypertension,87.9,100.0,75.0,99.1,44.4,52.0,76.9,Good (Prasanna)
HS-OBS-0364,Empirical Lifestyle Survey (Academic Observational Cohort),59,Female,164.6,76.6,28.3,Overweight,Healthcare Worker,8.2,22.75,6.95,10:45 PM,06:57 AM,Good,5.9,4.6,75.0,3.4,Regular,39.5,3,Good,True,True,Medium,Low,Low,Irregular,Sleep Apnea; Hypertension,87.9,100.0,75.0,99.6,73.0,85.0,86.4,Excellent (Svastha)
HS-OBS-0365,Empirical Lifestyle Survey (Academic Observational Cohort),59,Female,155.3,64.0,26.5,Overweight,Healthcare Worker,8.0,22.75,6.75,10:45 PM,06:45 AM,Good,6.6,5.9,75.0,2.3,Regular,50.6,3,Good,True,False,Medium,Low,Low,Irregular,Sleep Apnea; Hypertension,87.9,100.0,75.0,80.3,73.0,65.0,80.8,Good (Prasanna)
HS-OBS-0366,Empirical Lifestyle Survey (Academic Observational Cohort),59,Female,164.9,71.4,26.3,Overweight,Healthcare Worker,8.0,22.25,6.25,10:15 PM,06:15 AM,Good,12.3,4.3,75.0,3.2,Irregular,36.6,3,Good,True,True,Medium,Medium,High,Irregular,Sleep Apnea; Hypertension,88.4,100.0,75.0,99.7,41.6,52.0,76.8,Good (Prasanna)
HS-OBS-0367,Empirical Lifestyle Survey (Academic Observational Cohort),59,Female,155.5,68.0,28.1,Overweight,Healthcare Worker,8.1,22.5,6.6,10:30 PM,06:36 AM,Good,8.1,6.7,75.0,3.0,Regular,42.2,3,Good,True,False,Medium,Low,Medium,Regular,Sleep Apnea; Hypertension,88.4,100.0,75.0,100.0,86.0,60.0,83.6,Good (Prasanna)
HS-OBS-0368,Empirical Lifestyle Survey (Academic Observational Cohort),59,Female,163.0,72.5,27.3,Overweight,Healthcare Worker,8.0,22.5,6.5,10:30 PM,06:30 AM,Good,12.0,3.9,75.0,2.9,Regular,44.1,3,Good,True,True,Medium,Low,High,Irregular,Sleep Apnea; Hypertension,88.4,100.0,75.0,99.0,64.0,67.0,82.1,Good (Prasanna)
HS-OBS-0369,Empirical Lifestyle Survey (Academic Observational Cohort),59,Female,164.3,76.7,28.4,Overweight,Healthcare Worker,8.1,22.0,6.1,10:00 PM,06:06 AM,Good,11.5,8.7,75.0,3.2,Regular,32.3,3,Good,True,True,Medium,Low,High,Regular,Sleep Apnea; Hypertension,88.4,97.2,75.0,99.6,87.0,67.0,84.4,Good (Prasanna)
HS-OBS-0370,Empirical Lifestyle Survey (Academic Observational Cohort),59,Female,149.6,61.0,27.3,Overweight,Healthcare Worker,8.1,23.0,7.1,11:00 PM,07:06 AM,Good,6.5,4.8,75.0,2.8,Regular,65.2,3,Good,True,True,Medium,Low,Low,Regular,Sleep Apnea; Hypertension,87.9,100.0,75.0,99.8,93.0,85.0,88.8,Excellent (Svastha)
HS-OBS-0371,Empirical Lifestyle Survey (Academic Observational Cohort),59,Female,164.0,71.9,26.7,Overweight,Healthcare Worker,8.0,23.0,7.0,11:00 PM,07:00 AM,Good,7.5,4.4,75.0,3.3,Regular,53.0,3,Good,True,True,Medium,Low,Medium,Regular,Sleep Apnea; Hypertension,87.9,100.0,75.0,99.4,93.0,80.0,87.8,Excellent (Svastha)
HS-OBS-0372,Empirical Lifestyle Survey (Academic Observational Cohort),59,Female,163.5,72.4,27.1,Overweight,Healthcare Worker,8.1,22.25,6.35,10:15 PM,06:21 AM,Good,10.7,5.4,75.0,3.4,Regular,35.6,3,Good,True,True,Medium,Low,High,Regular,Sleep Apnea; Hypertension,88.4,100.0,75.0,99.0,94.4,67.0,85.7,Excellent (Svastha)
HS-OBS-0373,Empirical Lifestyle Survey (Academic Observational Cohort),59,Female,163.0,68.4,25.7,Overweight,Healthcare Worker,8.1,22.5,6.6,10:30 PM,06:36 AM,Good,8.2,4.3,75.0,3.3,Regular,52.0,3,Good,True,True,Medium,Low,Medium,Regular,Sleep Apnea; Hypertension,88.4,100.0,75.0,98.8,93.0,80.0,87.9,Excellent (Svastha)
HS-OBS-0374,Empirical Lifestyle Survey (Academic Observational Cohort),59,Female,160.8,64.8,25.1,Overweight,Healthcare Worker,8.1,22.0,6.1,10:00 PM,06:06 AM,Good,7.6,8.2,75.0,2.3,Regular,47.3,3,Good,True,True,Medium,Low,Medium,Regular,Sleep Apnea; Hypertension,88.4,99.2,75.0,79.5,93.0,80.0,85.8,Excellent (Svastha)
HS-OBS-0375,Empirical Lifestyle Survey (Academic Observational Cohort),25,Female,170.9,81.1,27.8,Overweight,Student,6.0,1.5,7.5,01:30 AM,07:30 AM,Moderate,10.2,10.2,258.0,3.7,Irregular,65.0,5,Neutral,True,True,Medium,High,High,Irregular,Digestive problems,67.6,91.2,58.5,99.1,42.9,32.0,63.8,Moderate (Madhyama)
HS-OBS-0376,Empirical Lifestyle Survey (Academic Observational Cohort),20,Male,174.9,70.8,23.1,Normal,Student,9.9,23.0,8.9,11:00 PM,08:54 AM,Good,8.100000000000001,11.6,24.0,2.7,Irregular,25.0,2,Good,True,False,High,High,Medium,Irregular,None,70.3,47.9,82.5,99.9,32.0,40.0,61.6,Moderate (Madhyama)
HS-OBS-0377,Empirical Lifestyle Survey (Academic Observational Cohort),24,Female,160.7,56.9,22.0,Normal,Student,8.3,0.5,8.8,12:30 AM,08:48 AM,Moderate,11.899999999999999,12.7,18.0,2.2,Regular,17.5,10,Low,False,True,Low,High,High,Regular,Digestive problems,84.0,26.7,16.9,99.7,56.8,17.0,46.5,Needs Attention (Hina Vihara)
HS-OBS-0378,Empirical Lifestyle Survey (Academic Observational Cohort),21,Male,171.6,73.1,24.8,Normal,Student,7.6,0.0,7.6,12:00 AM,07:36 AM,Moderate,7.7,8.7,396.0,4.2,Irregular,65.0,7,Neutral,False,True,Medium,High,High,Irregular,Digestive problems,84.0,97.2,41.7,99.4,52.0,32.0,66.3,Moderate (Madhyama)
HS-OBS-0379,Empirical Lifestyle Survey (Academic Observational Cohort),25,Male,181.0,77.1,23.5,Normal,Student,9.9,1.0,10.9,01:00 AM,10:54 AM,Moderate,12.6,9.7,72.0,2.6,Irregular,26.9,8,Low,False,False,Low,High,High,Irregular,Digestive problems,66.4,90.1,31.9,78.8,21.0,10.0,49.4,Needs Attention (Hina Vihara)
HS-OBS-0380,Empirical Lifestyle Survey (Academic Observational Cohort),23,Male,169.4,75.2,26.2,Overweight,Student,8.3,1.0,9.3,01:00 AM,09:18 AM,Moderate,9.9,8.8,264.0,4.1,Irregular,65.0,7,Neutral,False,False,Medium,High,High,Irregular,None,84.0,96.8,41.7,99.7,35.5,12.0,60.6,Moderate (Madhyama)
HS-OBS-0381,Empirical Lifestyle Survey (Academic Observational Cohort),22,Male,167.1,76.3,27.3,Overweight,Student,9.4,1.5,10.9,01:30 AM,10:54 AM,Moderate,10.899999999999999,10.2,102.0,3.0,Regular,52.3,8,Low,False,True,Low,High,High,Regular,Anxiety/stress-related concerns,71.7,91.2,31.9,85.2,71.3,17.0,58.7,Moderate (Madhyama)
HS-OBS-0382,Empirical Lifestyle Survey (Academic Observational Cohort),22,Male,179.4,68.6,21.3,Normal,Student,6.4,0.0,6.4,12:00 AM,06:24 AM,Moderate,11.1,6.3,360.0,4.2,Regular,65.0,5,Neutral,True,True,Medium,Medium,High,Irregular,None,74.8,100.0,58.5,99.4,64.2,52.0,73.2,Good (Prasanna)
HS-OBS-0383,Empirical Lifestyle Survey (Academic Observational Cohort),19,Female,167.1,54.8,19.6,Normal,Student,7.5,1.5,9.0,01:30 AM,09:00 AM,Moderate,9.4,12.7,120.0,3.3,Regular,55.9,7,Neutral,False,True,Medium,High,High,Irregular,Anxiety/stress-related concerns,83.0,81.2,41.7,98.4,42.0,32.0,61.9,Moderate (Madhyama)
HS-OBS-0384,Empirical Lifestyle Survey (Academic Observational Cohort),21,Male,165.4,62.7,22.9,Normal,Student,8.4,1.5,9.9,01:30 AM,09:54 AM,Moderate,12.6,8.8,174.0,3.0,Regular,65.0,8,Low,False,True,Low,High,High,Regular,Migraine,83.0,96.8,31.9,82.3,65.5,17.0,61.2,Moderate (Madhyama)
HS-OBS-0385,Empirical Lifestyle Survey (Academic Observational Cohort),20,Male,166.8,74.4,26.7,Overweight,Student,7.7,23.5,7.2,11:30 PM,07:12 AM,Good,7.4,9.8,306.0,4.2,Irregular,65.0,2,Good,True,False,High,High,Medium,Irregular,None,87.9,92.8,82.5,99.4,46.5,40.0,75.3,Good (Prasanna)
HS-OBS-0386,Empirical Lifestyle Survey (Academic Observational Cohort),21,Male,179.5,72.0,22.3,Normal,Student,6.8,0.0,6.8,12:00 AM,06:48 AM,Moderate,10.1,12.9,252.0,3.6,Regular,65.0,9,Low,False,True,Low,High,High,Regular,Anxiety/stress-related concerns,80.9,80.4,24.4,98.8,77.2,17.0,59.4,Moderate (Madhyama)
HS-OBS-0387,Empirical Lifestyle Survey (Academic Observational Cohort),23,Female,152.1,41.3,17.9,Underweight,Student,5.0,2.5,7.5,02:30 AM,07:30 AM,Poor,9.4,8.8,426.0,4.2,Irregular,65.0,8,Low,True,False,Low,High,High,Irregular,Anxiety/stress-related concerns,49.2,96.8,33.8,99.4,41.5,10.0,51.7,Needs Attention (Hina Vihara)
HS-OBS-0388,Empirical Lifestyle Survey (Academic Observational Cohort),20,Female,149.7,42.4,18.9,Normal,Student,6.5,1.0,7.5,01:00 AM,07:30 AM,Moderate,9.2,6.2,462.0,3.9,Irregular,65.0,4,Good,True,False,High,High,High,Irregular,None,76.3,100.0,67.5,99.7,36.0,27.0,67.4,Moderate (Madhyama)
HS-OBS-0389,Empirical Lifestyle Survey (Academic Observational Cohort),22,Female,167.5,63.6,22.7,Normal,Student,5.1,2.5,7.6,02:30 AM,07:36 AM,Poor,6.8,11.3,426.0,4.2,Regular,65.0,10,Low,False,False,Low,High,High,Regular,Anxiety/stress-related concerns,50.7,86.8,16.9,99.4,79.0,10.0,51.4,Needs Attention (Hina Vihara)
HS-OBS-0390,Empirical Lifestyle Survey (Academic Observational Cohort),19,Female,151.8,60.0,26.0,Overweight,Student,9.3,1.0,10.3,01:00 AM,10:18 AM,Moderate,10.0,8.6,120.0,3.2,Irregular,53.9,7,Neutral,False,True,Medium,High,High,Irregular,Anxiety/stress-related concerns,73.9,97.6,41.7,99.6,36.5,32.0,62.3,Moderate (Madhyama)
HS-OBS-0391,Empirical Lifestyle Survey (Academic Observational Cohort),20,Female,165.1,53.0,19.4,Normal,Student,5.7,2.0,7.7,02:00 AM,07:42 AM,Poor,12.0,11.0,78.0,2.0,Irregular,40.5,10,Low,True,False,Low,High,High,Irregular,Anxiety/stress-related concerns,60.0,88.0,18.8,79.8,24.5,10.0,45.5,Needs Attention (Hina Vihara)
HS-OBS-0392,Empirical Lifestyle Survey (Academic Observational Cohort),20,Female,169.0,60.0,21.0,Normal,Student,9.1,1.5,10.6,01:30 AM,10:36 AM,Moderate,13.0,9.3,72.0,2.6,Regular,31.7,10,Low,False,False,Low,High,High,Regular,Digestive problems,75.4,94.8,16.9,99.5,63.0,10.0,56.3,Moderate (Madhyama)
HS-OBS-0393,Empirical Lifestyle Survey (Academic Observational Cohort),20,Female,152.2,58.1,25.1,Overweight,Student,6.0,0.0,6.0,12:00 AM,06:00 AM,Moderate,9.5,10.4,360.0,4.2,Irregular,65.0,10,Low,True,False,Low,High,High,Irregular,Digestive problems,68.6,90.4,18.8,99.4,40.5,10.0,51.7,Needs Attention (Hina Vihara)
HS-OBS-0394,Empirical Lifestyle Survey (Academic Observational Cohort),21,Male,172.8,72.2,24.2,Normal,Student,6.1,0.0,6.1,12:00 AM,06:06 AM,Moderate,9.4,9.0,414.0,4.2,Regular,65.0,5,Neutral,True,True,Medium,Medium,High,Irregular,Digestive problems,70.1,96.0,58.5,99.4,67.5,52.0,71.8,Good (Prasanna)
HS-OBS-0395,Empirical Lifestyle Survey (Academic Observational Cohort),19,Female,159.4,46.1,18.1,Underweight,Student,5.8,2.0,7.8,02:00 AM,07:48 AM,Poor,6.7,7.9,636.0,4.2,Irregular,65.0,9,Low,False,False,Low,High,High,Irregular,Digestive problems,61.5,100.0,24.4,99.4,46.0,10.0,53.7,Needs Attention (Hina Vihara)
HS-OBS-0396,Empirical Lifestyle Survey (Academic Observational Cohort),21,Other,158.6,59.2,23.5,Normal,Student,7.6,23.0,6.6,11:00 PM,06:36 AM,Moderate,7.4,10.0,360.0,3.4,Irregular,65.0,5,Neutral,True,False,Medium,High,Medium,Irregular,None,85.5,92.0,58.5,85.0,45.5,25.0,65.5,Moderate (Madhyama)
HS-OBS-0397,Empirical Lifestyle Survey (Academic Observational Cohort),19,Female,165.5,66.1,24.1,Normal,Student,9.9,23.5,9.4,11:30 PM,09:24 AM,Good,6.6,6.2,396.0,4.2,Irregular,65.0,2,Good,True,False,High,High,Medium,Irregular,None,70.3,100.0,82.5,99.4,40.0,40.0,71.9,Good (Prasanna)
HS-OBS-0398,Empirical Lifestyle Survey (Academic Observational Cohort),20,Male,160.4,55.7,21.6,Normal,Student,9.8,0.0,9.8,12:00 AM,09:48 AM,Moderate,9.5,7.8,270.0,3.7,Irregular,65.0,8,Low,False,False,Low,High,High,Irregular,Migraine,67.6,100.0,31.9,99.1,30.0,10.0,54.6,Needs Attention (Hina Vihara)
HS-OBS-0399,Empirical Lifestyle Survey (Academic Observational Cohort),22,Male,171.0,59.6,20.4,Normal,Student,6.1,1.5,7.6,01:30 AM,07:36 AM,Moderate,9.700000000000001,9.0,432.0,4.2,Regular,65.0,10,Low,True,True,Low,High,High,Irregular,Anxiety/stress-related concerns,69.1,96.0,18.8,99.4,60.5,17.0,56.5,Moderate (Madhyama)
HS-OBS-0400,Empirical Lifestyle Survey (Academic Observational Cohort),21,Male,169.2,69.9,24.4,Normal,Student,9.1,23.5,8.6,11:30 PM,08:36 AM,Good,8.8,11.0,6.0,2.3,Regular,17.1,3,Good,True,False,Medium,High,Medium,Regular,Anxiety/stress-related concerns,80.3,14.4,75.0,99.0,64.5,25.0,57.4,Moderate (Madhyama)
HS-OBS-0401,Empirical Lifestyle Survey (Academic Observational Cohort),19,Male,169.7,84.8,29.4,Overweight,Student,8.0,0.5,8.5,12:30 AM,08:30 AM,Moderate,7.3,7.7,444.0,4.2,Irregular,65.0,6,Neutral,False,True,Medium,Medium,Medium,Irregular,Digestive problems,84.0,100.0,49.2,99.4,40.0,65.0,72.8,Good (Prasanna)
HS-OBS-0402,Empirical Lifestyle Survey (Academic Observational Cohort),21,Female,171.0,58.9,20.1,Normal,Student,6.0,1.5,7.5,01:30 AM,07:30 AM,Moderate,11.200000000000001,11.2,168.0,3.3,Irregular,65.0,8,Low,True,False,Low,High,High,Irregular,Digestive problems,67.6,87.2,33.8,99.4,29.9,10.0,52.7,Needs Attention (Hina Vihara)
HS-OBS-0403,Empirical Lifestyle Survey (Academic Observational Cohort),20,Female,156.2,48.2,19.8,Normal,Student,8.3,1.5,9.8,01:30 AM,09:48 AM,Moderate,9.9,12.1,156.0,2.4,Regular,54.9,10,Low,True,True,Low,High,High,Regular,Anxiety/stress-related concerns,83.0,83.6,18.8,80.3,62.0,17.0,55.6,Moderate (Madhyama)
HS-OBS-0404,Empirical Lifestyle Survey (Academic Observational Cohort),21,Female,164.4,51.7,19.1,Normal,Student,8.4,0.5,8.9,12:30 AM,08:54 AM,Moderate,10.9,13.0,66.0,2.2,Irregular,31.7,8,Low,True,False,Low,High,High,Irregular,Digestive problems,84.0,80.0,33.8,99.2,24.8,10.0,54.3,Needs Attention (Hina Vihara)
HS-OBS-0405,Empirical Lifestyle Survey (Academic Observational Cohort),20,Female,166.7,78.5,28.2,Overweight,Student,6.9,0.0,6.9,12:00 AM,06:54 AM,Moderate,7.6,11.5,282.0,4.2,Irregular,65.0,7,Neutral,False,True,Medium,High,High,Irregular,None,82.5,86.0,41.7,99.4,38.0,32.0,62.2,Moderate (Madhyama)
HS-OBS-0406,Empirical Lifestyle Survey (Academic Observational Cohort),21,Male,178.1,75.6,23.8,Normal,Student,6.7,0.0,6.7,12:00 AM,06:42 AM,Moderate,12.0,10.6,180.0,3.4,Irregular,65.0,8,Low,True,True,Low,High,High,Irregular,Anxiety/stress-related concerns,79.4,89.6,33.8,85.0,26.5,17.0,55.1,Moderate (Madhyama)
HS-OBS-0407,Empirical Lifestyle Survey (Academic Observational Cohort),21,Male,176.4,62.9,20.2,Normal,Student,6.5,0.5,7.0,12:30 AM,07:00 AM,Moderate,7.0,9.9,318.0,4.1,Regular,65.0,3,Good,True,True,High,Low,Medium,Regular,None,76.3,92.4,75.0,99.7,86.0,95.0,85.8,Excellent (Svastha)
HS-OBS-0408,Empirical Lifestyle Survey (Academic Observational Cohort),20,Female,153.4,67.8,28.8,Overweight,Student,8.4,0.5,8.9,12:30 AM,08:54 AM,Moderate,8.5,8.4,240.0,3.8,Irregular,65.0,7,Neutral,True,False,Medium,High,High,Irregular,None,84.0,98.4,43.5,99.4,40.0,12.0,61.8,Moderate (Madhyama)
HS-OBS-0409,Empirical Lifestyle Survey (Academic Observational Cohort),19,Female,159.8,45.5,17.8,Underweight,Student,8.4,23.0,7.4,11:00 PM,07:24 AM,Good,6.1,11.5,258.0,2.9,Irregular,65.0,2,Good,True,False,High,High,Low,Irregular,Digestive problems,87.9,86.0,82.5,77.5,38.0,45.0,71.7,Good (Prasanna)
HS-OBS-0410,Empirical Lifestyle Survey (Academic Observational Cohort),24,Female,168.0,58.0,20.5,Normal,Student,5.6,2.5,8.1,02:30 AM,08:06 AM,Poor,8.1,10.1,414.0,4.2,Regular,65.0,10,Low,False,False,Low,High,High,Regular,Migraine,58.4,91.6,16.9,99.4,79.0,10.0,53.9,Needs Attention (Hina Vihara)
HS-OBS-0411,Empirical Lifestyle Survey (Academic Observational Cohort),19,Female,159.2,44.7,17.6,Underweight,Student,9.7,1.0,10.7,01:00 AM,10:42 AM,Moderate,10.3,9.1,204.0,2.8,Regular,65.0,8,Low,True,False,Low,High,High,Regular,Digestive problems,68.9,95.6,33.8,85.8,81.6,10.0,59.3,Moderate (Madhyama)
HS-OBS-0412,Empirical Lifestyle Survey (Academic Observational Cohort),25,Female,164.5,60.5,22.4,Normal,Student,5.6,2.0,7.6,02:00 AM,07:36 AM,Poor,10.700000000000001,13.5,150.0,2.9,Irregular,59.8,10,Low,True,True,Low,High,High,Irregular,Digestive problems,58.4,78.0,18.8,86.1,32.4,17.0,46.2,Needs Attention (Hina Vihara)
HS-OBS-0413,Empirical Lifestyle Survey (Academic Observational Cohort),24,Male,169.6,69.5,24.2,Normal,Student,8.0,1.5,9.5,01:30 AM,09:30 AM,Moderate,8.0,7.7,384.0,4.2,Irregular,65.0,6,Neutral,False,False,Medium,High,Medium,Irregular,None,83.0,100.0,49.2,99.4,40.0,25.0,65.3,Moderate (Madhyama)
HS-OBS-0414,Empirical Lifestyle Survey (Academic Observational Cohort),23,Female,166.0,62.4,22.6,Normal,Student,9.3,1.0,10.3,01:00 AM,10:18 AM,Moderate,8.2,10.2,126.0,3.1,Regular,57.6,6,Neutral,True,False,Medium,High,Medium,Regular,None,73.9,91.2,51.0,99.5,78.5,25.0,66.7,Moderate (Madhyama)
HS-OBS-0415,Empirical Lifestyle Survey (Academic Observational Cohort),21,Female,165.0,56.6,20.8,Normal,Student,6.8,0.5,7.3,12:30 AM,07:18 AM,Moderate,10.5,13.5,48.0,2.1,Regular,30.0,9,Low,False,True,Low,High,High,Regular,Anxiety/stress-related concerns,80.9,78.0,24.4,88.2,74.0,17.0,57.5,Moderate (Madhyama)
HS-OBS-0416,Empirical Lifestyle Survey (Academic Observational Cohort),21,Male,178.9,66.9,20.9,Normal,Student,5.1,2.0,7.1,02:00 AM,07:06 AM,Poor,8.5,7.4,534.0,4.2,Irregular,65.0,10,Low,True,True,Low,High,High,Irregular,Digestive problems,50.7,100.0,18.8,99.4,46.0,17.0,51.4,Needs Attention (Hina Vihara)
HS-OBS-0417,Empirical Lifestyle Survey (Academic Observational Cohort),21,Female,167.9,74.0,26.3,Overweight,Student,5.9,2.5,8.4,02:30 AM,08:24 AM,Poor,11.200000000000001,13.5,132.0,3.1,Irregular,50.1,9,Low,False,True,Low,High,High,Irregular,Migraine,63.1,78.0,24.4,84.0,22.4,17.0,47.0,Needs Attention (Hina Vihara)
HS-OBS-0418,Empirical Lifestyle Survey (Academic Observational Cohort),20,Male,171.2,48.4,16.5,Underweight,Student,5.1,1.5,6.6,01:30 AM,06:36 AM,Poor,9.299999999999999,13.5,228.0,2.8,Irregular,65.0,8,Low,False,False,Low,High,High,Irregular,Anxiety/stress-related concerns,50.7,78.0,31.9,77.9,28.0,10.0,44.5,Needs Attention (Hina Vihara)
HS-OBS-0419,Empirical Lifestyle Survey (Academic Observational Cohort),21,Female,168.8,59.4,20.8,Normal,Student,5.1,1.5,6.6,01:30 AM,06:36 AM,Poor,11.3,10.8,306.0,4.2,Irregular,65.0,8,Low,True,False,Low,High,High,Irregular,Migraine,50.7,88.8,33.8,99.4,31.1,10.0,49.4,Needs Attention (Hina Vihara)
HS-OBS-0420,Empirical Lifestyle Survey (Academic Observational Cohort),22,Female,149.3,54.1,24.3,Normal,Student,6.4,1.5,7.9,01:30 AM,07:54 AM,Moderate,12.2,13.3,18.0,2.3,Irregular,5.0,8,Low,True,False,Low,High,High,Irregular,Digestive problems,73.8,11.8,33.8,98.4,20.4,10.0,39.2,Needs Attention (Hina Vihara)
HS-OBS-0421,Empirical Lifestyle Survey (Academic Observational Cohort),24,Male,176.3,77.9,25.1,Overweight,Student,6.1,1.0,7.1,01:00 AM,07:06 AM,Moderate,10.9,11.3,174.0,3.7,Irregular,65.0,6,Neutral,False,False,Medium,High,High,Irregular,None,70.1,86.8,49.2,99.1,31.8,12.0,56.8,Moderate (Madhyama)
HS-OBS-0422,Empirical Lifestyle Survey (Academic Observational Cohort),22,Male,177.4,70.7,22.5,Normal,Student,5.3,2.0,7.3,02:00 AM,07:18 AM,Poor,10.1,12.5,258.0,4.2,Regular,65.0,9,Low,True,True,Low,High,High,Regular,Migraine,53.8,82.0,26.2,99.4,77.2,17.0,54.1,Needs Attention (Hina Vihara)
HS-OBS-0423,Empirical Lifestyle Survey (Academic Observational Cohort),19,Male,176.9,52.7,16.8,Underweight,Student,5.6,2.0,7.6,02:00 AM,07:36 AM,Poor,10.2,12.7,240.0,2.8,Irregular,65.0,9,Low,False,False,Low,High,High,Irregular,Digestive problems,58.4,81.2,24.4,72.8,36.4,10.0,45.8,Needs Attention (Hina Vihara)
HS-OBS-0424,Empirical Lifestyle Survey (Academic Observational Cohort),19,Female,158.9,49.4,19.6,Normal,Student,5.6,2.5,8.1,02:30 AM,08:06 AM,Poor,11.2,11.4,150.0,2.5,Irregular,54.8,10,Low,False,False,Low,High,High,Irregular,Anxiety/stress-related concerns,58.4,86.4,16.9,83.9,22.9,10.0,44.7,Needs Attention (Hina Vihara)
HS-OBS-0425,Empirical Lifestyle Survey (Academic Observational Cohort),23,Male,174.6,86.0,28.2,Overweight,Student,5.2,1.5,6.7,01:30 AM,06:42 AM,Poor,11.0,12.3,216.0,4.0,Regular,65.0,8,Low,True,False,Low,High,High,Irregular,Migraine,52.3,82.8,33.8,100.0,50.0,10.0,51.0,Needs Attention (Hina Vihara)
HS-OBS-0426,Empirical Lifestyle Survey (Academic Observational Cohort),24,Female,159.3,49.4,19.5,Normal,Student,8.6,1.0,9.6,01:00 AM,09:36 AM,Moderate,12.0,10.6,42.0,2.5,Irregular,23.7,8,Low,False,False,Low,High,High,Irregular,Migraine,82.7,78.6,31.9,97.5,20.5,10.0,52.7,Needs Attention (Hina Vihara)
HS-OBS-0427,Empirical Lifestyle Survey (Academic Observational Cohort),21,Male,171.0,66.7,22.8,Normal,Student,6.7,1.0,7.7,01:00 AM,07:42 AM,Moderate,8.4,7.1,456.0,4.2,Irregular,65.0,3,Good,True,False,High,High,Medium,Irregular,None,79.4,100.0,75.0,99.4,46.0,40.0,73.1,Good (Prasanna)
HS-OBS-0428,Empirical Lifestyle Survey (Academic Observational Cohort),22,Female,156.4,64.2,26.2,Overweight,Student,8.0,23.0,7.0,11:00 PM,07:00 AM,Moderate,8.2,9.6,258.0,3.5,Irregular,65.0,5,Neutral,True,False,Medium,High,Medium,Irregular,None,85.5,93.6,58.5,87.5,47.5,25.0,66.3,Moderate (Madhyama)
HS-OBS-0429,Empirical Lifestyle Survey (Academic Observational Cohort),20,Female,161.3,60.2,23.1,Normal,Student,8.8,1.0,9.8,01:00 AM,09:48 AM,Moderate,11.3,8.7,174.0,3.3,Irregular,65.0,7,Neutral,True,False,Medium,High,High,Irregular,Anxiety/stress-related concerns,80.2,97.2,43.5,99.1,35.6,12.0,60.2,Moderate (Madhyama)
HS-OBS-0430,Empirical Lifestyle Survey (Academic Observational Cohort),20,Male,169.1,70.9,24.8,Normal,Student,6.8,0.0,6.8,12:00 AM,06:48 AM,Moderate,10.299999999999999,11.5,270.0,4.2,Irregular,65.0,9,Low,False,True,Low,High,High,Irregular,Migraine,80.9,86.0,24.4,99.4,35.6,17.0,55.4,Moderate (Madhyama)
HS-OBS-0431,Empirical Lifestyle Survey (Academic Observational Cohort),20,Female,164.8,74.7,27.5,Overweight,Student,5.3,1.5,6.8,01:30 AM,06:48 AM,Poor,9.7,13.5,180.0,3.6,Regular,65.0,9,Low,False,True,Low,High,High,Regular,Anxiety/stress-related concerns,53.8,78.0,24.4,98.8,68.0,17.0,51.9,Needs Attention (Hina Vihara)
HS-OBS-0432,Empirical Lifestyle Survey (Academic Observational Cohort),20,Female,172.6,62.3,20.9,Normal,Student,7.2,1.0,8.2,01:00 AM,08:12 AM,Moderate,10.899999999999999,11.2,150.0,2.8,Irregular,61.6,6,Neutral,True,True,Medium,High,High,Irregular,None,84.0,87.2,51.0,81.6,26.3,32.0,61.5,Moderate (Madhyama)
HS-OBS-0433,Empirical Lifestyle Survey (Academic Observational Cohort),19,Female,159.1,53.4,21.1,Normal,Student,8.5,0.0,8.5,12:00 AM,08:30 AM,Moderate,12.600000000000001,8.4,144.0,3.0,Irregular,64.7,9,Low,False,True,Low,High,High,Irregular,Migraine,84.0,98.4,24.4,99.7,20.0,17.0,56.5,Moderate (Madhyama)
HS-OBS-0434,Empirical Lifestyle Survey (Academic Observational Cohort),20,Male,169.5,49.6,17.3,Underweight,Student,8.7,0.5,9.2,12:30 AM,09:12 AM,Moderate,8.9,8.9,312.0,3.1,Irregular,65.0,8,Low,True,True,Low,High,High,Irregular,Anxiety/stress-related concerns,81.5,96.4,33.8,77.5,35.0,17.0,57.1,Moderate (Madhyama)
HS-OBS-0435,Empirical Lifestyle Survey (Academic Observational Cohort),23,Female,176.7,69.0,22.1,Normal,Student,5.0,2.5,7.5,02:30 AM,07:30 AM,Poor,8.2,11.9,354.0,4.0,Regular,65.0,9,Low,False,True,Low,High,High,Regular,Migraine,49.2,84.4,24.4,100.0,78.0,17.0,53.3,Needs Attention (Hina Vihara)
HS-OBS-0436,Empirical Lifestyle Survey (Academic Observational Cohort),23,Female,157.4,55.3,22.3,Normal,Student,5.4,1.5,6.9,01:30 AM,06:54 AM,Poor,9.9,12.1,348.0,3.4,Regular,65.0,8,Low,True,True,Low,High,High,Regular,Anxiety/stress-related concerns,55.4,83.6,33.8,85.0,68.0,17.0,53.7,Needs Attention (Hina Vihara)
HS-OBS-0437,Empirical Lifestyle Survey (Academic Observational Cohort),21,Female,160.0,68.5,26.8,Overweight,Student,5.8,1.5,7.3,01:30 AM,07:18 AM,Poor,9.0,10.9,396.0,4.2,Irregular,65.0,8,Low,True,False,Low,High,High,Irregular,Anxiety/stress-related concerns,61.5,88.4,33.8,99.4,31.0,10.0,51.7,Needs Attention (Hina Vihara)
HS-OBS-0438,Empirical Lifestyle Survey (Academic Observational Cohort),20,Female,160.2,64.0,24.9,Normal,Student,9.6,0.0,9.6,12:00 AM,09:36 AM,Moderate,8.8,8.2,246.0,3.4,Irregular,65.0,6,Neutral,False,True,Medium,Medium,Medium,Irregular,Migraine,70.1,99.2,49.2,85.0,30.0,65.0,66.9,Moderate (Madhyama)
HS-OBS-0439,Empirical Lifestyle Survey (Academic Observational Cohort),21,Male,166.9,71.1,25.5,Overweight,Student,6.4,0.5,6.9,12:30 AM,06:54 AM,Moderate,11.0,11.7,216.0,4.2,Irregular,65.0,8,Low,False,True,Low,High,High,Irregular,Anxiety/stress-related concerns,74.8,85.2,31.9,99.4,30.0,17.0,54.8,Needs Attention (Hina Vihara)
HS-OBS-0440,Empirical Lifestyle Survey (Academic Observational Cohort),23,Male,172.4,67.6,22.7,Normal,Student,7.0,1.5,8.5,01:30 AM,08:30 AM,Moderate,11.600000000000001,13.5,48.0,2.1,Regular,32.0,10,Low,True,False,Low,High,High,Irregular,Digestive problems,83.0,78.0,18.8,75.9,39.2,10.0,50.2,Needs Attention (Hina Vihara)
HS-OBS-0441,Empirical Lifestyle Survey (Academic Observational Cohort),21,Female,173.6,78.6,26.1,Overweight,Student,7.1,1.5,8.6,01:30 AM,08:36 AM,Moderate,9.1,9.8,264.0,4.2,Irregular,65.0,7,Neutral,True,False,Medium,High,High,Irregular,None,83.0,92.8,43.5,99.4,30.5,12.0,59.4,Moderate (Madhyama)
HS-OBS-0442,Empirical Lifestyle Survey (Academic Observational Cohort),20,Female,155.0,57.5,23.9,Normal,Student,7.5,23.5,7.0,11:30 PM,07:00 AM,Moderate,6.8,10.1,372.0,4.2,Irregular,65.0,5,Neutral,True,True,Medium,High,Medium,Irregular,Anxiety/stress-related concerns,85.5,91.6,58.5,99.4,45.0,45.0,70.4,Good (Prasanna)
HS-OBS-0443,Empirical Lifestyle Survey (Academic Observational Cohort),22,Female,158.7,57.9,23.0,Normal,Student,9.5,23.5,9.0,11:30 PM,09:00 AM,Good,7.300000000000001,8.7,264.0,4.0,Regular,65.0,4,Good,True,False,Medium,High,Medium,Regular,None,75.3,97.2,67.5,100.0,86.0,25.0,72.4,Good (Prasanna)
HS-OBS-0444,Empirical Lifestyle Survey (Academic Observational Cohort),21,Female,167.6,57.7,20.5,Normal,Student,9.9,23.0,8.9,11:00 PM,08:54 AM,Good,5.7,7.3,390.0,3.8,Irregular,65.0,4,Good,True,True,High,High,Low,Irregular,Migraine,70.3,100.0,67.5,99.4,40.0,65.0,73.4,Good (Prasanna)
HS-OBS-0445,Empirical Lifestyle Survey (Academic Observational Cohort),19,Female,164.4,64.1,23.7,Normal,Student,7.6,23.5,7.1,11:30 PM,07:06 AM,Good,8.6,8.2,234.0,3.8,Regular,65.0,3,Good,True,False,Medium,High,Medium,Irregular,Anxiety/stress-related concerns,87.9,99.2,75.0,99.4,56.0,25.0,73.4,Good (Prasanna)
HS-OBS-0446,Empirical Lifestyle Survey (Academic Observational Cohort),19,Male,173.2,66.6,22.2,Normal,Student,5.1,1.5,6.6,01:30 AM,06:36 AM,Poor,10.3,10.2,276.0,4.2,Irregular,65.0,9,Low,False,False,Low,High,High,Irregular,Anxiety/stress-related concerns,50.7,91.2,24.4,99.4,42.1,10.0,49.2,Needs Attention (Hina Vihara)
HS-OBS-0447,Empirical Lifestyle Survey (Academic Observational Cohort),21,Male,173.1,54.8,18.3,Underweight,Student,6.2,1.5,7.7,01:30 AM,07:42 AM,Moderate,11.0,10.2,216.0,3.2,Irregular,65.0,6,Neutral,False,False,Medium,High,High,Irregular,None,70.7,91.2,49.2,86.1,36.5,12.0,57.0,Moderate (Madhyama)
HS-OBS-0448,Empirical Lifestyle Survey (Academic Observational Cohort),23,Female,161.1,69.2,26.7,Overweight,Student,9.2,0.0,9.2,12:00 AM,09:12 AM,Good,8.2,8.0,186.0,4.0,Regular,65.0,2,Good,True,True,Medium,Low,Medium,Regular,Migraine,77.6,100.0,82.5,99.9,80.0,80.0,85.6,Excellent (Svastha)
HS-OBS-0449,Empirical Lifestyle Survey (Academic Observational Cohort),20,Female,163.5,66.7,25.0,Overweight,Student,5.4,1.5,6.9,01:30 AM,06:54 AM,Poor,12.4,11.2,228.0,3.2,Regular,65.0,8,Low,False,True,Low,High,High,Irregular,Anxiety/stress-related concerns,55.4,87.2,31.9,80.0,40.3,17.0,50.2,Needs Attention (Hina Vihara)
HS-OBS-0450,Empirical Lifestyle Survey (Academic Observational Cohort),19,Female,146.4,40.1,18.7,Normal,Student,8.2,0.0,8.2,12:00 AM,08:12 AM,Moderate,7.6000000000000005,7.6,414.0,3.9,Regular,65.0,5,Neutral,True,True,Medium,Medium,Medium,Regular,None,84.0,100.0,58.5,99.7,80.0,65.0,79.4,Good (Prasanna)
HS-OBS-0451,Empirical Lifestyle Survey (Academic Observational Cohort),20,Male,170.5,75.1,25.8,Overweight,Student,7.8,1.0,8.8,01:00 AM,08:48 AM,Moderate,9.6,13.5,114.0,3.4,Regular,55.7,9,Low,True,False,Low,High,High,Regular,Migraine,84.0,78.0,26.2,99.4,62.0,10.0,56.9,Moderate (Madhyama)
HS-OBS-0452,Empirical Lifestyle Survey (Academic Observational Cohort),23,Female,160.7,62.5,24.2,Normal,Student,8.0,0.0,8.0,12:00 AM,08:00 AM,Good,5.7,8.4,498.0,4.2,Regular,65.0,4,Good,True,True,High,Low,Low,Regular,Digestive problems,86.4,98.4,67.5,99.4,86.0,100.0,88.5,Excellent (Svastha)
HS-OBS-0453,Empirical Lifestyle Survey (Academic Observational Cohort),21,Female,160.4,53.6,20.8,Normal,Student,5.3,1.5,6.8,01:30 AM,06:48 AM,Poor,7.8,8.7,534.0,4.2,Regular,65.0,8,Low,False,True,Low,High,High,Regular,Migraine,53.8,97.2,31.9,99.4,92.0,17.0,59.8,Moderate (Madhyama)
HS-OBS-0454,Empirical Lifestyle Survey (Academic Observational Cohort),22,Male,173.8,74.3,24.6,Normal,Student,5.7,1.5,7.2,01:30 AM,07:12 AM,Poor,7.1000000000000005,6.6,660.0,4.2,Regular,65.0,9,Low,False,True,Low,High,High,Regular,Migraine,60.0,100.0,24.4,99.4,86.0,17.0,59.4,Moderate (Madhyama)
HS-OBS-0455,Empirical Lifestyle Survey (Academic Observational Cohort),20,Female,156.6,45.7,18.6,Normal,Student,9.2,0.0,9.2,12:00 AM,09:12 AM,Good,6.7,6.7,480.0,4.2,Regular,65.0,3,Good,True,True,High,Low,Medium,Regular,None,77.6,100.0,75.0,99.4,80.0,95.0,86.7,Excellent (Svastha)
HS-OBS-0456,Empirical Lifestyle Survey (Academic Observational Cohort),22,Male,174.5,80.6,26.5,Overweight,Student,8.9,23.0,7.9,11:00 PM,07:54 AM,Good,6.5,8.1,312.0,4.2,Regular,65.0,2,Good,True,False,Medium,High,Medium,Irregular,None,82.9,99.6,82.5,99.4,66.0,25.0,75.0,Good (Prasanna)
HS-OBS-0457,Empirical Lifestyle Survey (Academic Observational Cohort),20,Male,169.4,64.2,22.4,Normal,Student,9.4,0.0,9.4,12:00 AM,09:24 AM,Moderate,7.3999999999999995,8.5,426.0,4.2,Regular,65.0,5,Neutral,True,True,Medium,Medium,Medium,Irregular,Anxiety/stress-related concerns,72.7,98.0,58.5,99.4,60.0,65.0,74.2,Good (Prasanna)
HS-OBS-0458,Empirical Lifestyle Survey (Academic Observational Cohort),19,Female,153.1,59.5,25.4,Overweight,Student,7.4,0.0,7.4,12:00 AM,07:24 AM,Moderate,12.3,9.7,180.0,3.3,Regular,65.0,10,Low,False,True,Low,High,High,Regular,Migraine,84.0,93.2,16.9,99.0,68.6,17.0,59.8,Moderate (Madhyama)
HS-OBS-0459,Empirical Lifestyle Survey (Academic Observational Cohort),25,Male,167.3,62.2,22.2,Normal,Student,9.9,0.0,9.9,12:00 AM,09:54 AM,Moderate,9.7,9.3,132.0,2.9,Irregular,59.4,6,Neutral,False,True,Medium,Medium,High,Irregular,Digestive problems,66.4,94.8,49.2,88.5,33.0,52.0,63.7,Moderate (Madhyama)
HS-OBS-0460,Empirical Lifestyle Survey (Academic Observational Cohort),21,Male,170.1,62.0,21.4,Normal,Student,9.6,23.5,9.1,11:30 PM,09:06 AM,Good,7.9,7.5,312.0,4.0,Regular,65.0,2,Good,True,False,Medium,High,Medium,Regular,Digestive problems,74.0,100.0,82.5,100.0,80.0,25.0,74.9,Good (Prasanna)
HS-OBS-0461,Empirical Lifestyle Survey (Academic Observational Cohort),20,Male,172.9,66.2,22.1,Normal,Student,5.9,1.5,7.4,01:30 AM,07:24 AM,Poor,7.9,7.3,576.0,4.2,Irregular,65.0,8,Low,False,False,Low,High,High,Irregular,Anxiety/stress-related concerns,63.1,100.0,31.9,99.4,46.0,10.0,55.5,Moderate (Madhyama)
HS-OBS-0462,Empirical Lifestyle Survey (Academic Observational Cohort),19,Female,159.2,73.4,29.0,Overweight,Student,9.3,0.5,9.8,12:30 AM,09:48 AM,Moderate,6.4,8.0,342.0,4.0,Irregular,65.0,6,Neutral,False,True,Medium,Medium,Low,Irregular,Anxiety/stress-related concerns,73.9,100.0,49.2,100.0,40.0,70.0,71.5,Good (Prasanna)
HS-OBS-0463,Empirical Lifestyle Survey (Academic Observational Cohort),21,Male,173.4,52.5,17.5,Underweight,Student,7.7,0.0,7.7,12:00 AM,07:42 AM,Moderate,9.6,8.1,402.0,4.2,Regular,65.0,9,Low,False,True,Low,High,High,Regular,Anxiety/stress-related concerns,84.0,99.6,24.4,99.4,76.0,17.0,63.4,Moderate (Madhyama)
HS-OBS-0464,Empirical Lifestyle Survey (Academic Observational Cohort),21,Female,163.0,62.6,23.6,Normal,Student,7.7,23.0,6.7,11:00 PM,06:42 AM,Moderate,8.700000000000001,8.6,384.0,4.2,Irregular,65.0,5,Neutral,True,False,Medium,High,Medium,Irregular,Digestive problems,85.5,97.6,58.5,99.4,42.5,25.0,67.6,Moderate (Madhyama)
HS-OBS-0465,Empirical Lifestyle Survey (Academic Observational Cohort),21,Female,161.5,65.7,25.2,Overweight,Student,6.2,1.5,7.7,01:30 AM,07:42 AM,Moderate,9.399999999999999,11.9,240.0,3.8,Irregular,65.0,8,Low,True,True,Low,High,High,Irregular,Digestive problems,70.7,84.4,33.8,99.4,28.0,17.0,53.9,Needs Attention (Hina Vihara)
HS-OBS-0466,Empirical Lifestyle Survey (Academic Observational Cohort),21,Male,173.9,65.8,21.8,Normal,Student,7.0,1.0,8.0,01:00 AM,08:00 AM,Moderate,7.199999999999999,12.4,234.0,4.2,Regular,65.0,7,Neutral,True,True,Medium,High,High,Irregular,None,84.0,82.4,43.5,99.4,58.0,32.0,64.7,Moderate (Madhyama)
HS-OBS-0467,Empirical Lifestyle Survey (Academic Observational Cohort),23,Female,159.2,53.2,21.0,Normal,Student,9.4,23.0,8.4,11:00 PM,08:24 AM,Good,9.2,10.7,24.0,2.0,Regular,9.0,3,Good,True,False,Medium,High,High,Irregular,Migraine,76.6,35.5,75.0,99.6,46.0,12.0,55.9,Moderate (Madhyama)
HS-OBS-0468,Empirical Lifestyle Survey (Academic Observational Cohort),20,Female,169.5,75.3,26.2,Overweight,Student,9.1,0.0,9.1,12:00 AM,09:06 AM,Moderate,10.0,10.3,168.0,3.4,Irregular,65.0,8,Low,False,False,Low,High,High,Irregular,Migraine,76.4,90.8,31.9,85.0,28.0,10.0,53.2,Needs Attention (Hina Vihara)
HS-OBS-0469,Empirical Lifestyle Survey (Academic Observational Cohort),20,Male,174.4,64.9,21.3,Normal,Student,5.3,2.5,7.8,02:30 AM,07:48 AM,Poor,10.5,10.8,252.0,3.4,Regular,65.0,9,Low,False,False,Low,High,High,Regular,Digestive problems,53.8,88.8,24.4,85.0,77.5,10.0,52.3,Needs Attention (Hina Vihara)
HS-OBS-0470,Empirical Lifestyle Survey (Academic Observational Cohort),21,Male,179.2,84.6,26.3,Overweight,Student,7.2,0.5,7.7,12:30 AM,07:42 AM,Moderate,9.4,10.1,420.0,4.2,Regular,65.0,10,Low,False,True,Low,High,High,Regular,Migraine,84.0,91.6,16.9,99.4,75.0,17.0,60.3,Moderate (Madhyama)
HS-OBS-0471,Empirical Lifestyle Survey (Academic Observational Cohort),20,Female,153.3,42.9,18.3,Underweight,Student,10.0,23.0,9.0,11:00 PM,09:00 AM,Good,5.7,7.5,378.0,4.2,Regular,65.0,2,Good,True,False,Medium,High,Low,Regular,None,69.0,100.0,82.5,99.4,80.0,30.0,74.6,Good (Prasanna)
HS-OBS-0472,Empirical Lifestyle Survey (Academic Observational Cohort),21,Female,170.3,63.5,21.9,Normal,Student,8.3,0.0,8.3,12:00 AM,08:18 AM,Moderate,12.799999999999999,11.0,30.0,2.2,Regular,24.6,10,Low,True,True,Low,High,High,Irregular,Digestive problems,84.0,59.3,18.8,89.0,34.5,17.0,49.0,Needs Attention (Hina Vihara)
HS-OBS-0473,Empirical Lifestyle Survey (Academic Observational Cohort),24,Male,180.2,58.2,17.9,Underweight,Student,5.5,2.0,7.5,02:00 AM,07:30 AM,Poor,11.3,11.9,138.0,2.6,Irregular,53.8,10,Low,True,False,Low,High,High,Irregular,Digestive problems,56.9,84.4,18.8,81.6,27.6,10.0,44.7,Needs Attention (Hina Vihara)
HS-OBS-0474,Empirical Lifestyle Survey (Academic Observational Cohort),19,Male,168.9,52.0,18.2,Underweight,Student,5.2,1.5,6.7,01:30 AM,06:42 AM,Poor,10.0,8.5,360.0,3.9,Irregular,65.0,10,Low,False,True,Low,High,High,Irregular,Migraine,52.3,98.0,16.9,99.7,36.0,17.0,49.9,Needs Attention (Hina Vihara)
HS-OBS-0475,Empirical Lifestyle Survey (Academic Observational Cohort),23,Female,158.9,50.3,19.9,Normal,Student,5.8,1.5,7.3,01:30 AM,07:18 AM,Poor,7.8,9.7,342.0,3.5,Irregular,65.0,8,Low,True,False,Low,High,High,Irregular,Migraine,61.5,93.2,33.8,87.5,47.0,10.0,53.3,Needs Attention (Hina Vihara)
HS-OBS-0476,Empirical Lifestyle Survey (Academic Observational Cohort),25,Male,177.6,82.9,26.3,Overweight,Student,8.2,1.5,9.7,01:30 AM,09:42 AM,Moderate,10.4,11.6,90.0,2.7,Irregular,36.0,7,Neutral,False,False,Medium,High,High,Irregular,Digestive problems,83.0,85.6,41.7,73.9,28.8,12.0,55.0,Moderate (Madhyama)
HS-OBS-0477,Empirical Lifestyle Survey (Academic Observational Cohort),21,Male,184.7,89.0,26.1,Overweight,Student,6.6,0.5,7.1,12:30 AM,07:06 AM,Moderate,9.299999999999999,9.4,330.0,4.2,Regular,65.0,5,Neutral,True,True,Medium,Medium,High,Regular,None,77.8,94.4,58.5,99.4,78.5,52.0,74.5,Good (Prasanna)
HS-OBS-0478,Empirical Lifestyle Survey (Academic Observational Cohort),20,Female,159.5,52.6,20.7,Normal,Student,8.0,0.5,8.5,12:30 AM,08:30 AM,Moderate,9.8,6.9,234.0,3.0,Regular,65.0,7,Neutral,True,True,Medium,High,High,Regular,Digestive problems,84.0,100.0,43.5,79.1,70.0,32.0,67.2,Moderate (Madhyama)
HS-OBS-0479,Empirical Lifestyle Survey (Academic Observational Cohort),21,Male,183.3,55.4,16.5,Underweight,Student,5.3,2.5,7.8,02:30 AM,07:48 AM,Poor,8.0,9.5,432.0,4.2,Irregular,65.0,8,Low,True,False,Low,High,High,Irregular,Migraine,53.8,94.0,33.8,99.4,48.0,10.0,53.0,Needs Attention (Hina Vihara)
HS-OBS-0480,Empirical Lifestyle Survey (Academic Observational Cohort),21,Male,167.6,46.3,16.5,Underweight,Student,6.0,1.0,7.0,01:00 AM,07:00 AM,Moderate,8.1,13.1,312.0,3.4,Irregular,65.0,6,Neutral,True,True,Medium,High,Medium,Irregular,Anxiety/stress-related concerns,68.6,79.6,51.0,85.0,38.0,45.0,60.8,Moderate (Madhyama)
HS-OBS-0481,Empirical Lifestyle Survey (Academic Observational Cohort),19,Female,159.8,51.2,20.1,Normal,Student,7.5,0.5,8.0,12:30 AM,08:00 AM,Moderate,9.2,11.3,288.0,3.3,Irregular,65.0,10,Low,False,True,Low,High,High,Irregular,Migraine,84.0,86.8,16.9,82.5,29.0,17.0,52.3,Needs Attention (Hina Vihara)
HS-OBS-0482,Empirical Lifestyle Survey (Academic Observational Cohort),21,Female,164.6,52.0,19.2,Normal,Student,7.2,1.5,8.7,01:30 AM,08:42 AM,Moderate,11.600000000000001,11.5,84.0,1.8,Irregular,33.1,9,Low,False,True,Low,High,High,Irregular,Digestive problems,83.0,86.0,24.4,71.4,19.2,17.0,51.1,Needs Attention (Hina Vihara)
HS-OBS-0483,Empirical Lifestyle Survey (Academic Observational Cohort),21,Female,166.6,54.4,19.6,Normal,Student,9.7,1.0,10.7,01:00 AM,10:42 AM,Moderate,8.8,11.0,42.0,2.1,Regular,31.2,7,Neutral,False,False,Medium,High,High,Regular,Migraine,68.9,83.3,41.7,99.1,64.5,12.0,58.3,Moderate (Madhyama)
HS-OBS-0484,Empirical Lifestyle Survey (Academic Observational Cohort),22,Male,170.3,68.6,23.7,Normal,Student,6.0,0.0,6.0,12:00 AM,06:00 AM,Moderate,9.3,11.7,192.0,3.7,Regular,65.0,9,Low,True,True,Low,High,High,Regular,Migraine,68.6,85.2,26.2,99.1,75.0,17.0,57.6,Moderate (Madhyama)
HS-OBS-0485,Empirical Lifestyle Survey (Academic Observational Cohort),22,Female,163.9,52.0,19.4,Normal,Student,8.7,23.0,7.7,11:00 PM,07:42 AM,Moderate,7.6,8.9,330.0,3.9,Irregular,65.0,5,Neutral,True,False,Medium,High,Medium,Irregular,Anxiety/stress-related concerns,83.0,96.4,58.5,99.7,51.0,25.0,67.9,Moderate (Madhyama)
HS-OBS-0486,Empirical Lifestyle Survey (Academic Observational Cohort),23,Male,176.7,57.6,18.4,Underweight,Student,6.7,0.0,6.7,12:00 AM,06:42 AM,Moderate,8.3,10.2,288.0,3.9,Regular,65.0,2,Good,True,True,High,Low,Medium,Irregular,Anxiety/stress-related concerns,79.4,91.2,82.5,99.7,64.5,95.0,85.2,Excellent (Svastha)
HS-OBS-0487,Empirical Lifestyle Survey (Academic Observational Cohort),21,Female,163.1,55.7,20.9,Normal,Student,8.5,23.0,7.5,11:00 PM,07:30 AM,Moderate,7.699999999999999,7.9,390.0,4.2,Regular,65.0,5,Neutral,True,False,Medium,High,Medium,Regular,Anxiety/stress-related concerns,85.5,100.0,58.5,99.4,86.0,25.0,73.3,Good (Prasanna)
HS-OBS-0488,Empirical Lifestyle Survey (Academic Observational Cohort),19,Male,165.5,61.9,22.6,Normal,Student,5.0,1.5,6.5,01:30 AM,06:30 AM,Poor,6.9,9.9,558.0,4.2,Regular,65.0,9,Low,False,False,Low,High,High,Regular,Digestive problems,49.2,92.4,24.4,99.4,93.0,10.0,55.2,Moderate (Madhyama)
HS-OBS-0489,Empirical Lifestyle Survey (Academic Observational Cohort),22,Female,155.7,56.5,23.3,Normal,Student,5.1,2.0,7.1,02:00 AM,07:06 AM,Poor,7.3999999999999995,10.8,408.0,3.9,Irregular,65.0,8,Low,True,True,Low,High,High,Irregular,Migraine,50.7,88.8,33.8,99.7,41.5,17.0,51.9,Needs Attention (Hina Vihara)
HS-OBS-0490,Empirical Lifestyle Survey (Academic Observational Cohort),22,Male,168.8,64.5,22.6,Normal,Student,5.2,1.5,6.7,01:30 AM,06:42 AM,Poor,7.3,5.6,666.0,4.2,Irregular,65.0,8,Low,True,False,Low,High,High,Irregular,Migraine,52.3,100.0,33.8,99.4,53.0,10.0,54.4,Needs Attention (Hina Vihara)
HS-OBS-0491,Empirical Lifestyle Survey (Academic Observational Cohort),21,Female,159.5,52.9,20.8,Normal,Student,9.1,1.0,10.1,01:00 AM,10:06 AM,Moderate,8.7,9.5,288.0,3.3,Irregular,65.0,8,Low,False,True,Low,High,High,Irregular,Migraine,76.4,94.0,31.9,82.5,32.0,17.0,55.3,Moderate (Madhyama)
HS-OBS-0492,Empirical Lifestyle Survey (Academic Observational Cohort),20,Female,160.4,43.5,16.9,Underweight,Student,9.2,23.0,8.2,11:00 PM,08:12 AM,Good,5.4,5.9,522.0,4.2,Irregular,65.0,4,Good,True,True,High,High,Low,Irregular,Migraine,79.1,100.0,67.5,99.4,47.0,65.0,76.2,Good (Prasanna)
HS-OBS-0493,Empirical Lifestyle Survey (Academic Observational Cohort),20,Male,169.6,63.0,21.9,Normal,Student,9.2,0.0,9.2,12:00 AM,09:12 AM,Moderate,10.600000000000001,11.6,66.0,3.4,Irregular,27.2,10,Low,False,True,Low,High,High,Irregular,Anxiety/stress-related concerns,75.2,82.8,16.9,97.1,27.2,17.0,50.9,Needs Attention (Hina Vihara)
HS-OBS-0494,Empirical Lifestyle Survey (Academic Observational Cohort),19,Female,162.2,47.6,18.1,Underweight,Student,9.8,0.0,9.8,12:00 AM,09:48 AM,Good,8.7,6.4,246.0,3.0,Regular,65.0,2,Good,True,False,Medium,Low,Medium,Regular,None,70.0,100.0,82.5,80.7,70.0,60.0,77.2,Good (Prasanna)
HS-OBS-0495,Empirical Lifestyle Survey (Academic Observational Cohort),22,Male,166.6,69.7,25.1,Overweight,Student,5.3,2.0,7.3,02:00 AM,07:18 AM,Poor,11.6,9.8,348.0,4.2,Regular,65.0,10,Low,True,False,Low,High,High,Regular,Digestive problems,53.8,92.8,18.8,99.4,73.7,10.0,52.9,Needs Attention (Hina Vihara)
HS-OBS-0496,Empirical Lifestyle Survey (Academic Observational Cohort),19,Male,171.2,68.1,23.2,Normal,Student,9.9,0.0,9.9,12:00 AM,09:54 AM,Moderate,9.5,7.9,210.0,3.5,Regular,65.0,6,Neutral,False,False,Medium,Medium,High,Irregular,Anxiety/stress-related concerns,66.4,100.0,49.2,87.5,50.0,32.0,63.0,Moderate (Madhyama)
HS-OBS-0497,Empirical Lifestyle Survey (Academic Observational Cohort),22,Female,159.9,42.2,16.5,Underweight,Student,6.9,0.0,6.9,12:00 AM,06:54 AM,Moderate,9.7,6.4,414.0,4.1,Regular,65.0,5,Neutral,True,False,Medium,Medium,High,Regular,None,82.5,100.0,58.5,99.7,76.0,32.0,72.7,Good (Prasanna)
HS-OBS-0498,Empirical Lifestyle Survey (Academic Observational Cohort),24,Female,171.5,79.7,27.1,Overweight,Student,5.7,1.5,7.2,01:30 AM,07:12 AM,Poor,9.9,11.4,222.0,4.1,Regular,65.0,8,Low,False,False,Low,High,High,Regular,Anxiety/stress-related concerns,60.0,86.4,31.9,99.7,68.5,10.0,55.1,Moderate (Madhyama)
HS-OBS-0499,Empirical Lifestyle Survey (Academic Observational Cohort),20,Female,159.5,64.6,25.4,Overweight,Student,8.8,23.5,8.3,11:30 PM,08:18 AM,Good,7.1,8.8,300.0,3.8,Regular,65.0,2,Good,True,False,Medium,High,Medium,Regular,None,84.1,96.8,82.5,99.4,85.5,25.0,77.1,Good (Prasanna)
HS-OBS-0500,Empirical Lifestyle Survey (Academic Observational Cohort),19,Female,147.5,52.4,24.1,Normal,Student,5.6,2.0,7.6,02:00 AM,07:36 AM,Poor,8.9,10.3,336.0,3.7,Irregular,65.0,10,Low,True,True,Low,High,High,Irregular,Digestive problems,58.4,90.8,18.8,99.1,34.0,17.0,50.0,Needs Attention (Hina Vihara)
HS-OBS-0501,Empirical Lifestyle Survey (Academic Observational Cohort),20,Male,174.3,59.4,19.6,Normal,Student,6.9,1.0,7.9,01:00 AM,07:54 AM,Moderate,11.4,10.7,228.0,3.5,Regular,65.0,10,Low,True,False,Low,High,High,Regular,Migraine,82.5,89.2,18.8,88.0,70.8,10.0,57.1,Moderate (Madhyama)
HS-OBS-0502,Empirical Lifestyle Survey (Academic Observational Cohort),20,Male,180.7,66.8,20.5,Normal,Student,5.7,2.5,8.2,02:30 AM,08:12 AM,Poor,12.4,13.3,18.0,2.6,Regular,9.6,9,Low,False,True,Low,High,High,Regular,Digestive problems,60.0,16.4,24.4,99.4,52.8,17.0,40.4,Needs Attention (Hina Vihara)
HS-OBS-0503,Empirical Lifestyle Survey (Academic Observational Cohort),21,Male,166.0,82.9,30.1,Obesity Range,Student,9.2,1.5,10.7,01:30 AM,10:42 AM,Moderate,10.8,9.0,186.0,3.8,Regular,65.0,10,Low,True,False,Low,High,High,Irregular,Anxiety/stress-related concerns,74.2,96.0,18.8,99.4,58.1,10.0,56.1,Moderate (Madhyama)
HS-OBS-0504,Empirical Lifestyle Survey (Academic Observational Cohort),21,Female,164.4,46.7,17.3,Underweight,Student,7.9,0.0,7.9,12:00 AM,07:54 AM,Moderate,8.5,10.6,252.0,3.1,Irregular,65.0,8,Low,True,True,Low,High,High,Irregular,Anxiety/stress-related concerns,84.0,89.6,33.8,83.0,42.5,17.0,57.8,Moderate (Madhyama)
HS-OBS-0505,Empirical Lifestyle Survey (Academic Observational Cohort),25,Male,170.6,59.8,20.5,Normal,Student,9.4,23.5,8.9,11:30 PM,08:54 AM,Moderate,10.100000000000001,10.3,66.0,2.9,Irregular,36.9,5,Neutral,True,False,Medium,High,High,Irregular,Anxiety/stress-related concerns,74.2,90.8,58.5,98.8,37.2,12.0,60.9,Moderate (Madhyama)
HS-OBS-0506,Empirical Lifestyle Survey (Academic Observational Cohort),20,Male,182.7,64.6,19.4,Normal,Student,8.9,1.5,10.4,01:30 AM,10:24 AM,Moderate,9.5,8.3,114.0,3.1,Irregular,62.8,6,Neutral,False,False,Medium,High,High,Irregular,Digestive problems,78.0,98.8,49.2,99.6,30.0,12.0,60.5,Moderate (Madhyama)
HS-OBS-0507,Empirical Lifestyle Survey (Academic Observational Cohort),21,Female,158.9,51.7,20.5,Normal,Student,9.6,0.5,10.1,12:30 AM,10:06 AM,Moderate,13.0,9.1,30.0,2.0,Regular,18.2,10,Low,False,True,Low,High,High,Regular,Anxiety/stress-related concerns,70.1,60.5,16.9,99.6,64.0,17.0,50.4,Needs Attention (Hina Vihara)
HS-OBS-0508,Empirical Lifestyle Survey (Academic Observational Cohort),25,Female,167.3,53.9,19.3,Normal,Student,5.2,1.5,6.7,01:30 AM,06:42 AM,Poor,9.4,8.1,504.0,4.2,Regular,65.0,8,Low,True,True,Low,High,High,Regular,Migraine,52.3,99.6,33.8,99.4,76.0,17.0,58.3,Moderate (Madhyama)
HS-OBS-0509,Empirical Lifestyle Survey (Academic Observational Cohort),23,Male,164.3,57.4,21.3,Normal,Student,8.8,1.0,9.8,01:00 AM,09:48 AM,Moderate,11.3,10.6,30.0,2.1,Irregular,14.2,10,Low,True,True,Low,High,High,Irregular,Migraine,80.2,50.5,18.8,99.1,26.1,17.0,46.6,Needs Attention (Hina Vihara)
HS-OBS-0510,Empirical Lifestyle Survey (Academic Observational Cohort),25,Male,179.4,81.5,25.3,Overweight,Student,6.0,0.5,6.5,12:30 AM,06:30 AM,Moderate,10.9,11.2,276.0,4.2,Irregular,65.0,8,Low,True,True,Low,High,High,Irregular,Anxiety/stress-related concerns,68.6,87.2,33.8,99.4,39.3,17.0,55.3,Moderate (Madhyama)
HS-OBS-0511,Empirical Lifestyle Survey (Academic Observational Cohort),22,Male,169.3,70.8,24.7,Normal,Student,9.5,0.5,10.0,12:30 AM,10:00 AM,Moderate,9.7,5.5,234.0,4.2,Irregular,65.0,6,Neutral,False,True,Medium,Medium,High,Irregular,None,71.4,100.0,49.2,99.4,37.0,52.0,67.3,Moderate (Madhyama)
HS-OBS-0512,Empirical Lifestyle Survey (Academic Observational Cohort),24,Male,172.7,71.6,24.0,Normal,Student,5.9,1.5,7.4,01:30 AM,07:24 AM,Poor,8.200000000000001,10.2,378.0,4.2,Irregular,65.0,8,Low,True,False,Low,High,High,Irregular,Migraine,63.1,91.2,33.8,99.4,44.5,10.0,54.1,Needs Attention (Hina Vihara)
HS-OBS-0513,Empirical Lifestyle Survey (Academic Observational Cohort),21,Female,168.2,62.9,22.2,Normal,Student,8.0,0.0,8.0,12:00 AM,08:00 AM,Good,8.600000000000001,9.0,210.0,3.5,Regular,65.0,2,Good,True,True,Medium,Low,Medium,Irregular,Anxiety/stress-related concerns,86.4,96.0,82.5,88.6,60.5,80.0,83.3,Good (Prasanna)
HS-OBS-0514,Empirical Lifestyle Survey (Academic Observational Cohort),23,Male,176.3,77.5,24.9,Normal,Student,7.5,0.0,7.5,12:00 AM,07:30 AM,Moderate,11.799999999999999,8.8,198.0,3.9,Irregular,65.0,10,Low,False,True,Low,High,High,Irregular,Anxiety/stress-related concerns,84.0,96.8,16.9,99.7,37.1,17.0,56.8,Moderate (Madhyama)
HS-OBS-0515,Empirical Lifestyle Survey (Academic Observational Cohort),19,Male,176.5,67.3,21.6,Normal,Student,7.3,0.0,7.3,12:00 AM,07:18 AM,Good,7.7,11.5,216.0,3.6,Regular,65.0,3,Good,True,False,High,Low,Medium,Irregular,None,86.4,86.0,75.0,98.8,58.0,75.0,79.8,Good (Prasanna)
HS-OBS-0516,Empirical Lifestyle Survey (Academic Observational Cohort),19,Male,176.6,61.0,19.6,Normal,Student,7.7,0.0,7.7,12:00 AM,07:42 AM,Moderate,12.0,9.8,174.0,3.0,Irregular,65.0,9,Low,True,True,Low,High,High,Irregular,Anxiety/stress-related concerns,84.0,92.8,26.2,83.7,30.5,17.0,55.5,Moderate (Madhyama)
HS-OBS-0517,Empirical Lifestyle Survey (Academic Observational Cohort),20,Female,167.9,59.0,20.9,Normal,Student,6.0,1.0,7.0,01:00 AM,07:00 AM,Moderate,7.5,10.0,450.0,4.2,Irregular,65.0,5,Neutral,True,False,Medium,High,Medium,Irregular,Digestive problems,68.6,92.0,58.5,99.4,45.5,25.0,63.3,Moderate (Madhyama)
HS-OBS-0518,Empirical Lifestyle Survey (Academic Observational Cohort),22,Male,172.0,66.8,22.6,Normal,Student,5.5,1.5,7.0,01:30 AM,07:00 AM,Poor,7.800000000000001,10.9,414.0,4.2,Regular,65.0,9,Low,False,False,Low,High,High,Regular,Digestive problems,56.9,88.4,24.4,99.4,81.0,10.0,54.8,Needs Attention (Hina Vihara)
HS-OBS-0519,Empirical Lifestyle Survey (Academic Observational Cohort),20,Male,185.9,99.1,28.7,Overweight,Student,9.0,1.5,10.5,01:30 AM,10:30 AM,Moderate,7.8,10.3,222.0,4.2,Irregular,65.0,7,Neutral,False,False,Medium,High,High,Irregular,None,76.7,90.8,41.7,99.4,38.0,12.0,58.2,Moderate (Madhyama)
HS-OBS-0520,Empirical Lifestyle Survey (Academic Observational Cohort),20,Male,167.4,63.3,22.6,Normal,Student,5.2,2.5,7.7,02:30 AM,07:42 AM,Poor,8.0,10.7,342.0,4.2,Irregular,65.0,8,Low,True,False,Low,High,High,Irregular,Migraine,52.3,89.2,33.8,99.4,42.0,10.0,51.1,Needs Attention (Hina Vihara)
HS-OBS-0521,Empirical Lifestyle Survey (Academic Observational Cohort),23,Male,180.9,65.5,20.0,Normal,Student,6.2,1.5,7.7,01:30 AM,07:42 AM,Moderate,9.2,6.1,510.0,4.2,Irregular,65.0,7,Neutral,False,False,Medium,High,High,Irregular,Anxiety/stress-related concerns,70.7,100.0,41.7,99.4,36.0,12.0,58.3,Moderate (Madhyama)
HS-OBS-0522,Empirical Lifestyle Survey (Academic Observational Cohort),22,Female,152.4,38.3,16.5,Underweight,Student,5.6,2.0,7.6,02:00 AM,07:36 AM,Poor,8.1,10.1,426.0,3.7,Irregular,65.0,9,Low,False,True,Low,High,High,Irregular,Digestive problems,58.4,91.6,24.4,99.1,45.0,17.0,52.6,Needs Attention (Hina Vihara)
HS-OBS-0523,Empirical Lifestyle Survey (Academic Observational Cohort),23,Male,168.1,60.2,21.3,Normal,Student,9.9,1.0,10.9,01:00 AM,10:54 AM,Moderate,8.1,8.4,210.0,3.5,Irregular,65.0,6,Neutral,True,True,Medium,High,Medium,Irregular,Anxiety/stress-related concerns,66.4,98.4,51.0,98.8,40.0,45.0,65.3,Moderate (Madhyama)
HS-OBS-0524,Empirical Lifestyle Survey (Academic Observational Cohort),24,Male,174.5,50.2,16.5,Underweight,Student,5.1,2.0,7.1,02:00 AM,07:06 AM,Poor,7.8,10.0,552.0,4.2,Irregular,65.0,9,Low,False,True,Low,High,High,Irregular,Digestive problems,50.7,92.0,24.4,99.4,45.5,17.0,51.1,Needs Attention (Hina Vihara)
HS-OBS-0525,Empirical Lifestyle Survey (Academic Observational Cohort),20,Male,178.2,82.0,25.8,Overweight,Student,5.8,2.5,8.3,02:30 AM,08:18 AM,Poor,11.399999999999999,11.1,192.0,4.2,Irregular,65.0,10,Low,False,False,Low,High,High,Irregular,Digestive problems,61.5,87.6,16.9,99.4,22.8,10.0,47.2,Needs Attention (Hina Vihara)
HS-OBS-0526,Empirical Lifestyle Survey (Academic Observational Cohort),19,Female,163.8,44.6,16.6,Underweight,Student,9.8,23.0,8.8,11:00 PM,08:48 AM,Moderate,8.3,11.0,102.0,2.2,Irregular,53.2,5,Neutral,True,False,Medium,High,Medium,Irregular,Migraine,69.1,88.0,58.5,98.9,34.5,25.0,61.3,Moderate (Madhyama)
HS-OBS-0527,Empirical Lifestyle Survey (Academic Observational Cohort),21,Female,154.6,55.4,23.2,Normal,Student,7.6,0.0,7.6,12:00 AM,07:36 AM,Good,6.4,9.0,384.0,3.9,Regular,65.0,4,Good,True,False,Medium,Low,Low,Irregular,None,86.4,96.0,67.5,99.7,70.5,65.0,79.9,Good (Prasanna)
HS-OBS-0528,Empirical Lifestyle Survey (Academic Observational Cohort),21,Female,160.7,53.3,20.6,Normal,Student,7.6,0.0,7.6,12:00 AM,07:36 AM,Good,8.6,9.1,276.0,3.7,Regular,65.0,3,Good,True,True,Medium,Low,Medium,Regular,None,86.4,95.6,75.0,99.1,80.0,80.0,85.1,Excellent (Svastha)
HS-OBS-0529,Empirical Lifestyle Survey (Academic Observational Cohort),20,Male,175.0,76.4,24.9,Normal,Student,7.8,1.5,9.3,01:30 AM,09:18 AM,Moderate,12.6,12.6,60.0,2.8,Irregular,28.4,9,Low,False,False,Low,High,High,Irregular,Migraine,83.0,80.0,24.4,88.2,12.0,10.0,49.6,Needs Attention (Hina Vihara)
HS-OBS-0530,Empirical Lifestyle Survey (Academic Observational Cohort),20,Female,164.1,52.4,19.5,Normal,Student,9.2,0.5,9.7,12:30 AM,09:42 AM,Moderate,10.4,10.5,12.0,1.8,Irregular,10.6,7,Neutral,False,False,Medium,High,High,Irregular,None,75.2,19.3,41.7,98.8,33.8,12.0,44.5,Needs Attention (Hina Vihara)
HS-OBS-0531,Empirical Lifestyle Survey (Academic Observational Cohort),25,Female,151.9,41.2,17.9,Underweight,Student,7.6,0.0,7.6,12:00 AM,07:36 AM,Good,6.7,6.9,564.0,4.2,Regular,65.0,4,Good,True,True,High,Low,Medium,Irregular,Migraine,86.4,100.0,67.5,99.4,66.0,95.0,85.5,Excellent (Svastha)
HS-OBS-0532,Empirical Lifestyle Survey (Academic Observational Cohort),21,Male,181.5,86.7,26.3,Overweight,Student,5.7,2.5,8.2,02:30 AM,08:12 AM,Poor,8.8,8.1,390.0,4.2,Regular,65.0,10,Low,False,False,Low,High,High,Regular,Anxiety/stress-related concerns,60.0,99.6,16.9,99.4,70.0,10.0,54.6,Needs Attention (Hina Vihara)
HS-OBS-0533,Empirical Lifestyle Survey (Academic Observational Cohort),25,Male,177.3,68.8,21.9,Normal,Student,8.0,1.0,9.0,01:00 AM,09:00 AM,Moderate,12.200000000000001,8.5,210.0,3.6,Irregular,65.0,9,Low,True,False,Low,High,High,Irregular,Anxiety/stress-related concerns,84.0,98.0,26.2,98.8,22.4,10.0,55.7,Moderate (Madhyama)
HS-OBS-0534,Empirical Lifestyle Survey (Academic Observational Cohort),23,Female,158.0,66.1,26.5,Overweight,Student,9.8,0.0,9.8,12:00 AM,09:48 AM,Moderate,10.0,6.8,228.0,3.3,Regular,65.0,5,Neutral,True,False,Medium,Medium,High,Irregular,None,67.6,100.0,58.5,82.5,50.0,32.0,64.6,Moderate (Madhyama)
HS-OBS-0535,Empirical Lifestyle Survey (Academic Observational Cohort),21,Female,167.6,51.3,18.3,Underweight,Student,10.0,0.5,10.5,12:30 AM,10:30 AM,Moderate,9.600000000000001,5.6,258.0,3.6,Irregular,65.0,7,Neutral,True,True,Medium,High,High,Irregular,Anxiety/stress-related concerns,65.1,100.0,43.5,98.9,37.0,32.0,61.1,Moderate (Madhyama)
HS-OBS-0536,Empirical Lifestyle Survey (Academic Observational Cohort),21,Female,170.0,75.2,26.0,Overweight,Student,5.8,1.5,7.3,01:30 AM,07:18 AM,Poor,7.2,6.7,594.0,4.2,Regular,65.0,9,Low,False,False,Low,High,High,Regular,Anxiety/stress-related concerns,61.5,100.0,24.4,99.4,86.0,10.0,58.5,Moderate (Madhyama)
HS-OBS-0537,Empirical Lifestyle Survey (Academic Observational Cohort),21,Male,179.9,84.3,26.0,Overweight,Student,7.5,0.0,7.5,12:00 AM,07:30 AM,Moderate,11.2,7.0,216.0,4.2,Irregular,65.0,6,Neutral,False,True,Medium,Medium,High,Irregular,Anxiety/stress-related concerns,84.0,100.0,49.2,99.4,36.4,52.0,70.0,Good (Prasanna)
HS-OBS-0538,Empirical Lifestyle Survey (Academic Observational Cohort),20,Female,165.1,53.9,19.8,Normal,Student,6.0,1.5,7.5,01:30 AM,07:30 AM,Moderate,8.7,11.1,246.0,3.4,Regular,65.0,3,Good,True,True,High,High,Medium,Irregular,Migraine,67.6,87.6,75.0,86.4,50.0,60.0,71.1,Good (Prasanna)
HS-OBS-0539,Empirical Lifestyle Survey (Academic Observational Cohort),23,Male,173.3,71.2,23.7,Normal,Student,5.5,1.5,7.0,01:30 AM,07:00 AM,Poor,12.899999999999999,9.1,300.0,4.2,Regular,65.0,8,Low,False,True,Low,High,High,Regular,Anxiety/stress-related concerns,56.9,95.6,31.9,99.4,70.0,17.0,57.5,Moderate (Madhyama)
HS-OBS-0540,Empirical Lifestyle Survey (Academic Observational Cohort),21,Male,172.6,50.5,17.0,Underweight,Student,8.1,1.0,9.1,01:00 AM,09:06 AM,Moderate,11.799999999999999,11.6,126.0,2.3,Regular,54.1,9,Low,False,True,Low,High,High,Regular,Migraine,84.0,85.6,24.4,81.6,57.6,17.0,56.9,Moderate (Madhyama)
HS-OBS-0541,Empirical Lifestyle Survey (Academic Observational Cohort),20,Female,165.3,60.7,22.2,Normal,Student,6.7,0.5,7.2,12:30 AM,07:12 AM,Moderate,9.4,10.9,306.0,4.2,Irregular,65.0,8,Low,False,True,Low,High,High,Irregular,Digestive problems,79.4,88.4,31.9,99.4,31.0,17.0,56.5,Moderate (Madhyama)
HS-OBS-0542,Empirical Lifestyle Survey (Academic Observational Cohort),25,Female,162.2,51.0,19.4,Normal,Student,7.5,0.0,7.5,12:00 AM,07:30 AM,Moderate,12.399999999999999,9.5,186.0,3.1,Irregular,65.0,10,Low,False,True,Low,High,High,Irregular,Digestive problems,84.0,94.0,16.9,99.1,28.8,17.0,55.2,Moderate (Madhyama)
HS-OBS-0543,Empirical Lifestyle Survey (Academic Observational Cohort),20,Female,171.5,48.5,16.5,Underweight,Student,9.1,0.5,9.6,12:30 AM,09:36 AM,Moderate,9.1,9.4,270.0,3.2,Irregular,65.0,9,Low,True,False,Low,High,High,Irregular,Digestive problems,76.4,94.4,26.2,81.1,32.5,10.0,52.9,Needs Attention (Hina Vihara)
HS-OBS-0544,Empirical Lifestyle Survey (Academic Observational Cohort),20,Female,155.8,55.1,22.7,Normal,Student,9.2,1.0,10.2,01:00 AM,10:12 AM,Moderate,9.0,12.5,96.0,2.5,Regular,53.2,9,Low,False,False,Low,High,High,Regular,Migraine,75.2,82.0,24.4,99.0,62.0,10.0,55.3,Moderate (Madhyama)
HS-OBS-0545,Empirical Lifestyle Survey (Academic Observational Cohort),19,Male,176.7,55.6,17.8,Underweight,Student,8.1,23.5,7.6,11:30 PM,07:36 AM,Moderate,7.0,10.4,234.0,3.6,Regular,65.0,5,Neutral,True,False,Medium,High,Medium,Regular,None,85.5,90.4,58.5,99.1,83.5,25.0,71.2,Good (Prasanna)
HS-OBS-0546,Empirical Lifestyle Survey (Academic Observational Cohort),19,Male,172.9,58.7,19.6,Normal,Student,7.9,1.5,9.4,01:30 AM,09:24 AM,Moderate,9.5,11.9,216.0,3.3,Irregular,65.0,9,Low,True,False,Low,High,High,Irregular,Digestive problems,83.0,84.4,26.2,85.6,22.0,10.0,51.7,Needs Attention (Hina Vihara)
HS-OBS-0547,Empirical Lifestyle Survey (Academic Observational Cohort),20,Male,176.8,68.5,21.9,Normal,Student,8.9,1.0,9.9,01:00 AM,09:54 AM,Moderate,11.3,9.7,150.0,3.2,Regular,65.0,9,Low,True,True,Low,High,High,Regular,Digestive problems,79.0,93.2,26.2,87.7,70.6,17.0,59.7,Moderate (Madhyama)
HS-OBS-0548,Empirical Lifestyle Survey (Academic Observational Cohort),23,Female,156.1,58.5,24.0,Normal,Student,8.9,0.5,9.4,12:30 AM,09:24 AM,Moderate,9.600000000000001,10.5,156.0,3.4,Irregular,63.2,7,Neutral,True,True,Medium,High,High,Irregular,None,79.0,90.0,43.5,99.8,27.0,32.0,61.3,Moderate (Madhyama)
HS-OBS-0549,Empirical Lifestyle Survey (Academic Observational Cohort),19,Male,177.8,86.2,27.3,Overweight,Student,8.2,23.0,7.2,11:00 PM,07:12 AM,Moderate,11.3,7.6,234.0,4.0,Irregular,65.0,5,Neutral,True,True,Medium,High,High,Irregular,Migraine,85.5,100.0,58.5,100.0,35.6,32.0,68.5,Moderate (Madhyama)
HS-OBS-0550,Empirical Lifestyle Survey (Academic Observational Cohort),19,Male,176.1,67.5,21.8,Normal,Student,5.7,1.5,7.2,01:30 AM,07:12 AM,Poor,10.9,8.0,360.0,4.2,Regular,65.0,10,Low,True,True,Low,High,High,Regular,Anxiety/stress-related concerns,60.0,100.0,18.8,99.4,78.8,17.0,57.4,Moderate (Madhyama)
HS-OBS-0551,Empirical Lifestyle Survey (Academic Observational Cohort),19,Male,167.6,52.3,18.6,Normal,Student,9.2,23.0,8.2,11:00 PM,08:12 AM,Good,8.1,6.4,384.0,4.2,Regular,65.0,2,Good,True,True,Medium,High,Medium,Regular,Migraine,79.1,100.0,82.5,99.4,80.0,45.0,79.5,Good (Prasanna)
HS-OBS-0552,Empirical Lifestyle Survey (Academic Observational Cohort),20,Male,173.3,78.4,26.1,Overweight,Student,9.5,0.5,10.0,12:30 AM,10:00 AM,Moderate,10.0,12.0,24.0,2.8,Irregular,16.6,10,Low,False,True,Low,High,High,Irregular,Digestive problems,71.4,37.9,16.9,99.4,22.0,17.0,41.5,Needs Attention (Hina Vihara)
HS-OBS-0553,Empirical Lifestyle Survey (Academic Observational Cohort),22,Male,178.0,87.0,27.5,Overweight,Student,6.2,0.5,6.7,12:30 AM,06:42 AM,Moderate,10.2,11.6,186.0,3.6,Irregular,65.0,7,Neutral,False,True,Medium,High,High,Irregular,None,71.7,85.6,41.7,98.8,36.4,32.0,59.5,Moderate (Madhyama)
HS-OBS-0554,Empirical Lifestyle Survey (Academic Observational Cohort),20,Male,168.0,56.4,20.0,Normal,Student,5.0,2.5,7.5,02:30 AM,07:30 AM,Poor,8.3,13.2,354.0,4.1,Regular,65.0,8,Low,True,False,Low,High,High,Regular,Migraine,49.2,79.2,33.8,99.7,78.0,10.0,53.0,Needs Attention (Hina Vihara)
HS-OBS-0555,Empirical Lifestyle Survey (Academic Observational Cohort),22,Male,180.4,66.0,20.3,Normal,Student,7.3,1.0,8.3,01:00 AM,08:18 AM,Moderate,8.1,11.9,222.0,3.7,Irregular,65.0,5,Neutral,True,True,Medium,High,Medium,Irregular,None,84.0,84.4,58.5,99.1,32.0,45.0,67.2,Moderate (Madhyama)
HS-OBS-0556,Empirical Lifestyle Survey (Academic Observational Cohort),24,Male,164.6,53.8,19.9,Normal,Student,6.5,1.0,7.5,01:00 AM,07:30 AM,Moderate,8.4,12.7,306.0,3.4,Irregular,65.0,6,Neutral,False,False,Medium,High,Medium,Irregular,None,76.3,81.2,49.2,85.0,38.0,25.0,58.8,Moderate (Madhyama)
HS-OBS-0557,Empirical Lifestyle Survey (Academic Observational Cohort),20,Male,177.7,69.9,22.1,Normal,Student,5.9,1.5,7.4,01:30 AM,07:24 AM,Poor,7.6,7.4,504.0,4.2,Irregular,65.0,9,Low,False,False,Low,High,High,Irregular,Migraine,63.1,100.0,24.4,99.4,46.0,10.0,54.0,Needs Attention (Hina Vihara)
HS-OBS-0558,Empirical Lifestyle Survey (Academic Observational Cohort),19,Male,173.5,62.9,20.9,Normal,Student,8.8,0.0,8.8,12:00 AM,08:48 AM,Moderate,11.399999999999999,11.1,66.0,2.7,Irregular,30.1,10,Low,False,True,Low,High,High,Irregular,Digestive problems,80.2,87.6,16.9,99.8,22.8,17.0,52.6,Needs Attention (Hina Vihara)
HS-OBS-0559,Empirical Lifestyle Survey (Academic Observational Cohort),20,Male,190.6,70.4,19.4,Normal,Student,8.4,23.5,7.9,11:30 PM,07:54 AM,Good,7.2,7.3,414.0,4.2,Regular,65.0,3,Good,True,False,High,High,Medium,Regular,None,87.9,100.0,75.0,99.4,86.0,40.0,79.8,Good (Prasanna)
HS-OBS-0560,Empirical Lifestyle Survey (Academic Observational Cohort),24,Female,172.1,66.5,22.5,Normal,Student,6.7,0.0,6.7,12:00 AM,06:42 AM,Moderate,8.2,12.6,246.0,4.2,Regular,65.0,5,Neutral,True,True,Medium,Medium,Medium,Irregular,Anxiety/stress-related concerns,79.4,81.6,58.5,99.4,58.0,65.0,72.5,Good (Prasanna)
HS-OBS-0561,Empirical Lifestyle Survey (Academic Observational Cohort),23,Female,166.9,53.1,19.1,Normal,Student,9.2,0.5,9.7,12:30 AM,09:42 AM,Moderate,12.399999999999999,10.8,12.0,2.1,Irregular,8.4,10,Low,False,False,Low,High,High,Irregular,Migraine,75.2,15.9,16.9,99.4,16.3,10.0,36.5,Needs Attention (Hina Vihara)
HS-OBS-0562,Empirical Lifestyle Survey (Academic Observational Cohort),22,Male,169.8,61.6,21.4,Normal,Student,6.6,0.0,6.6,12:00 AM,06:36 AM,Moderate,11.4,13.5,90.0,2.8,Irregular,44.0,8,Low,True,False,Low,High,High,Irregular,Anxiety/stress-related concerns,77.8,78.0,33.8,99.5,26.8,10.0,52.9,Needs Attention (Hina Vihara)
HS-OBS-0563,Empirical Lifestyle Survey (Academic Observational Cohort),21,Male,175.2,79.5,25.9,Overweight,Student,8.2,1.5,9.7,01:30 AM,09:42 AM,Moderate,10.3,10.7,114.0,3.3,Irregular,65.0,7,Neutral,False,True,Medium,High,High,Irregular,None,83.0,89.2,41.7,88.4,33.6,32.0,61.3,Moderate (Madhyama)
HS-OBS-0564,Empirical Lifestyle Survey (Academic Observational Cohort),19,Male,182.8,58.8,17.6,Underweight,Student,7.2,1.5,8.7,01:30 AM,08:42 AM,Good,6.3,5.9,576.0,4.2,Regular,65.0,3,Good,True,True,Medium,High,Low,Regular,Anxiety/stress-related concerns,85.4,100.0,75.0,99.4,87.0,50.0,81.2,Good (Prasanna)
HS-OBS-0565,Empirical Lifestyle Survey (Academic Observational Cohort),19,Female,159.9,42.2,16.5,Underweight,Student,8.2,0.0,8.2,12:00 AM,08:12 AM,Moderate,10.700000000000001,9.0,228.0,3.1,Irregular,65.0,10,Low,False,True,Low,High,High,Irregular,Migraine,84.0,96.0,16.9,99.0,38.9,17.0,56.8,Moderate (Madhyama)
HS-OBS-0566,Empirical Lifestyle Survey (Academic Observational Cohort),23,Male,168.6,69.1,24.3,Normal,Student,5.2,2.5,7.7,02:30 AM,07:42 AM,Poor,8.6,6.7,558.0,4.2,Regular,65.0,8,Low,True,False,Low,High,High,Irregular,Anxiety/stress-related concerns,52.3,100.0,33.8,99.4,56.0,10.0,54.7,Needs Attention (Hina Vihara)
HS-OBS-0567,Empirical Lifestyle Survey (Academic Observational Cohort),21,Male,179.8,75.3,23.3,Normal,Student,6.3,1.0,7.3,01:00 AM,07:18 AM,Moderate,10.4,7.8,372.0,4.2,Irregular,65.0,8,Low,False,True,Low,High,High,Irregular,Migraine,73.2,100.0,31.9,99.4,42.8,17.0,58.6,Moderate (Madhyama)
HS-OBS-0568,Empirical Lifestyle Survey (Academic Observational Cohort),23,Female,165.0,65.6,24.1,Normal,Student,8.3,0.0,8.3,12:00 AM,08:18 AM,Good,8.100000000000001,7.7,360.0,4.2,Regular,65.0,2,Good,True,True,Medium,Low,Medium,Regular,None,86.4,100.0,82.5,99.4,80.0,80.0,87.4,Excellent (Svastha)
HS-OBS-0569,Empirical Lifestyle Survey (Academic Observational Cohort),21,Female,176.1,72.9,23.5,Normal,Student,8.5,1.5,10.0,01:30 AM,10:00 AM,Moderate,12.4,11.0,54.0,3.2,Irregular,24.3,9,Low,False,True,Low,High,High,Irregular,Anxiety/stress-related concerns,83.0,82.3,24.4,99.2,15.3,17.0,52.8,Needs Attention (Hina Vihara)
HS-OBS-0570,Empirical Lifestyle Survey (Academic Observational Cohort),21,Male,170.0,62.7,21.7,Normal,Student,5.6,1.5,7.1,01:30 AM,07:06 AM,Poor,10.0,12.6,162.0,3.2,Irregular,65.0,8,Low,False,False,Low,High,High,Irregular,Migraine,58.4,81.6,31.9,98.8,28.0,10.0,49.0,Needs Attention (Hina Vihara)
HS-OBS-0571,Empirical Lifestyle Survey (Academic Observational Cohort),19,Female,161.1,53.0,20.4,Normal,Student,6.3,1.0,7.3,01:00 AM,07:18 AM,Moderate,10.8,13.5,174.0,3.2,Regular,65.0,9,Low,True,False,Low,High,High,Regular,Digestive problems,73.2,78.0,26.2,99.6,71.6,10.0,55.7,Moderate (Madhyama)
HS-OBS-0572,Empirical Lifestyle Survey (Academic Observational Cohort),23,Female,153.5,53.9,22.9,Normal,Student,8.0,0.0,8.0,12:00 AM,08:00 AM,Moderate,8.5,9.8,240.0,3.1,Regular,65.0,5,Neutral,True,False,Medium,Medium,Medium,Regular,None,84.0,92.8,58.5,79.8,86.5,45.0,73.3,Good (Prasanna)
HS-OBS-0573,Empirical Lifestyle Survey (Academic Observational Cohort),20,Male,174.5,81.7,26.8,Overweight,Student,6.2,0.5,6.7,12:30 AM,06:42 AM,Moderate,9.6,6.8,396.0,4.2,Irregular,65.0,7,Neutral,False,True,Medium,High,High,Irregular,Anxiety/stress-related concerns,71.7,100.0,41.7,99.4,36.0,32.0,62.1,Moderate (Madhyama)
HS-OBS-0574,Empirical Lifestyle Survey (Academic Observational Cohort),22,Female,166.1,55.6,20.2,Normal,Student,5.5,1.5,7.0,01:30 AM,07:00 AM,Poor,11.0,12.5,108.0,2.8,Irregular,46.9,9,Low,False,True,Low,High,High,Irregular,Migraine,56.9,82.0,24.4,99.8,30.0,17.0,48.8,Needs Attention (Hina Vihara)
HS-OBS-0575,Empirical Lifestyle Survey (Academic Observational Cohort),20,Female,156.1,56.1,23.0,Normal,Student,8.4,1.5,9.9,01:30 AM,09:54 AM,Moderate,11.2,9.9,210.0,3.7,Irregular,65.0,9,Low,False,True,Low,High,High,Irregular,Digestive problems,83.0,92.4,24.4,100.0,30.4,17.0,56.5,Moderate (Madhyama)
HS-OBS-0576,Empirical Lifestyle Survey (Academic Observational Cohort),21,Male,178.2,70.2,22.1,Normal,Student,8.5,1.0,9.5,01:00 AM,09:30 AM,Moderate,10.9,8.2,258.0,4.0,Irregular,65.0,6,Neutral,False,True,Medium,High,High,Irregular,Anxiety/stress-related concerns,84.0,99.2,49.2,100.0,32.8,32.0,65.9,Moderate (Madhyama)
HS-OBS-0577,Empirical Lifestyle Survey (Academic Observational Cohort),25,Male,161.6,62.1,23.8,Normal,Student,8.0,0.0,8.0,12:00 AM,08:00 AM,Moderate,7.8,6.9,396.0,4.2,Irregular,65.0,7,Neutral,True,True,Medium,High,High,Irregular,None,84.0,100.0,43.5,99.4,46.0,32.0,66.4,Moderate (Madhyama)
HS-OBS-0578,Empirical Lifestyle Survey (Academic Observational Cohort),23,Female,158.2,54.4,21.7,Normal,Student,7.5,0.5,8.0,12:30 AM,08:00 AM,Moderate,8.9,8.0,348.0,4.2,Irregular,65.0,6,Neutral,False,True,Medium,Medium,Medium,Irregular,None,84.0,100.0,49.2,99.4,36.0,65.0,72.3,Good (Prasanna)
HS-OBS-0579,Empirical Lifestyle Survey (Academic Observational Cohort),19,Male,172.6,79.6,26.7,Overweight,Student,6.5,1.0,7.5,01:00 AM,07:30 AM,Moderate,10.6,9.9,336.0,4.2,Irregular,65.0,8,Low,True,True,Low,High,High,Irregular,Migraine,76.3,92.4,33.8,99.4,41.2,17.0,58.1,Moderate (Madhyama)
HS-OBS-0580,Empirical Lifestyle Survey (Academic Observational Cohort),23,Male,176.9,64.5,20.6,Normal,Student,9.6,0.0,9.6,12:00 AM,09:36 AM,Good,5.8,9.0,294.0,4.2,Regular,65.0,2,Good,True,True,Medium,Low,Low,Regular,Anxiety/stress-related concerns,72.5,96.0,82.5,99.4,84.5,85.0,85.1,Excellent (Svastha)
HS-OBS-0581,Empirical Lifestyle Survey (Academic Observational Cohort),21,Male,174.3,75.1,24.7,Normal,Student,5.5,2.0,7.5,02:00 AM,07:30 AM,Poor,10.1,10.8,354.0,4.2,Irregular,65.0,10,Low,True,False,Low,High,High,Irregular,Anxiety/stress-related concerns,56.9,88.8,18.8,99.4,40.7,10.0,48.9,Needs Attention (Hina Vihara)
HS-OBS-0582,Empirical Lifestyle Survey (Academic Observational Cohort),23,Male,177.6,70.9,22.5,Normal,Student,7.7,1.5,9.2,01:30 AM,09:12 AM,Moderate,8.3,6.2,480.0,4.2,Regular,65.0,7,Neutral,False,False,Medium,High,High,Regular,None,83.0,100.0,41.7,99.4,80.0,12.0,66.3,Moderate (Madhyama)
HS-OBS-0583,Empirical Lifestyle Survey (Academic Observational Cohort),21,Female,169.6,57.6,20.0,Normal,Student,8.5,0.0,8.5,12:00 AM,08:30 AM,Moderate,9.799999999999999,13.1,96.0,2.7,Irregular,41.6,8,Low,True,False,Low,High,High,Irregular,Digestive problems,84.0,79.6,33.8,99.5,22.0,10.0,54.0,Needs Attention (Hina Vihara)
HS-OBS-0584,Empirical Lifestyle Survey (Academic Observational Cohort),25,Male,173.7,49.8,16.5,Underweight,Student,9.1,0.0,9.1,12:00 AM,09:06 AM,Moderate,7.8,10.2,114.0,2.7,Regular,49.4,5,Neutral,True,True,Medium,Medium,Medium,Regular,None,76.4,91.2,58.5,100.0,78.5,65.0,76.0,Good (Prasanna)
HS-OBS-0585,Empirical Lifestyle Survey (Academic Observational Cohort),22,Male,183.4,69.0,20.5,Normal,Student,5.1,2.0,7.1,02:00 AM,07:06 AM,Poor,8.7,8.0,582.0,4.2,Regular,65.0,10,Low,False,False,Low,High,High,Irregular,Digestive problems,50.7,100.0,16.9,99.4,56.0,10.0,51.0,Needs Attention (Hina Vihara)
HS-OBS-0586,Empirical Lifestyle Survey (Academic Observational Cohort),20,Female,161.2,59.9,23.1,Normal,Student,7.5,0.5,8.0,12:30 AM,08:00 AM,Moderate,7.800000000000001,9.2,354.0,4.2,Regular,65.0,6,Neutral,False,True,Medium,Medium,Medium,Regular,None,84.0,95.2,49.2,99.4,89.5,65.0,77.8,Good (Prasanna)
HS-OBS-0587,Empirical Lifestyle Survey (Academic Observational Cohort),23,Female,160.8,55.5,21.5,Normal,Student,6.8,0.5,7.3,12:30 AM,07:18 AM,Moderate,9.0,5.9,456.0,4.2,Regular,65.0,2,Good,True,True,Medium,Low,High,Regular,Digestive problems,80.9,100.0,82.5,99.4,83.0,67.0,84.3,Good (Prasanna)
HS-OBS-0588,Empirical Lifestyle Survey (Academic Observational Cohort),22,Female,159.8,63.6,24.9,Normal,Student,8.4,1.0,9.4,01:00 AM,09:24 AM,Moderate,10.6,9.8,168.0,3.0,Irregular,64.8,8,Low,True,False,Low,High,High,Irregular,Migraine,84.0,92.8,33.8,82.7,35.7,10.0,56.3,Moderate (Madhyama)
HS-OBS-0589,Empirical Lifestyle Survey (Academic Observational Cohort),22,Female,160.7,59.2,22.9,Normal,Student,7.8,23.0,6.8,11:00 PM,06:48 AM,Good,5.3999999999999995,8.7,492.0,4.2,Irregular,65.0,2,Good,True,True,High,High,Low,Irregular,Migraine,87.9,97.2,82.5,99.4,52.0,65.0,81.2,Good (Prasanna)
HS-OBS-0590,Empirical Lifestyle Survey (Academic Observational Cohort),19,Male,182.7,61.8,18.5,Normal,Student,6.6,1.5,8.1,01:30 AM,08:06 AM,Moderate,9.2,12.6,270.0,3.9,Irregular,65.0,6,Neutral,False,True,Medium,High,High,Irregular,None,76.8,81.6,49.2,99.7,22.0,32.0,59.8,Moderate (Madhyama)
HS-OBS-0591,Empirical Lifestyle Survey (Academic Observational Cohort),22,Male,172.6,54.1,18.2,Underweight,Student,8.8,1.5,10.3,01:30 AM,10:18 AM,Moderate,8.0,10.9,138.0,3.0,Irregular,47.8,6,Neutral,True,False,Medium,High,Medium,Irregular,Anxiety/stress-related concerns,79.2,88.4,51.0,99.8,35.0,25.0,62.2,Moderate (Madhyama)
HS-OBS-0592,Empirical Lifestyle Survey (Academic Observational Cohort),23,Male,171.5,86.1,29.3,Overweight,Student,5.7,2.0,7.7,02:00 AM,07:42 AM,Poor,5.9,10.0,480.0,4.2,Irregular,65.0,10,Low,False,False,Low,High,High,Irregular,Migraine,60.0,92.0,16.9,99.4,45.5,10.0,50.3,Needs Attention (Hina Vihara)
HS-OBS-0593,Empirical Lifestyle Survey (Academic Observational Cohort),20,Female,158.3,56.3,22.5,Normal,Student,8.4,0.5,8.9,12:30 AM,08:54 AM,Moderate,9.9,9.3,150.0,2.9,Irregular,59.0,7,Neutral,False,False,Medium,High,High,Irregular,None,84.0,94.8,41.7,98.8,33.0,12.0,59.9,Moderate (Madhyama)
HS-OBS-0594,Empirical Lifestyle Survey (Academic Observational Cohort),21,Female,153.7,51.7,21.9,Normal,Student,9.6,23.0,8.6,11:00 PM,08:36 AM,Moderate,11.4,7.5,180.0,2.8,Irregular,65.0,5,Neutral,True,True,Medium,High,High,Irregular,None,71.6,100.0,58.5,84.6,28.8,32.0,63.1,Moderate (Madhyama)
HS-OBS-0595,Empirical Lifestyle Survey (Academic Observational Cohort),22,Female,162.6,61.5,23.3,Normal,Student,6.9,1.5,8.4,01:30 AM,08:24 AM,Moderate,11.3,8.2,300.0,3.3,Regular,65.0,6,Neutral,False,False,Medium,High,High,Regular,None,81.5,99.2,49.2,82.5,69.6,12.0,64.4,Moderate (Madhyama)
HS-OBS-0596,Empirical Lifestyle Survey (Academic Observational Cohort),20,Male,185.4,80.4,23.4,Normal,Student,6.6,1.5,8.1,01:30 AM,08:06 AM,Moderate,12.700000000000001,12.0,48.0,3.2,Irregular,24.5,10,Low,True,False,Low,High,High,Irregular,Migraine,76.8,78.5,18.8,99.9,12.0,10.0,48.0,Needs Attention (Hina Vihara)
HS-OBS-0597,Empirical Lifestyle Survey (Academic Observational Cohort),21,Female,154.9,51.9,21.6,Normal,Student,6.4,0.5,6.9,12:30 AM,06:54 AM,Moderate,9.200000000000001,9.5,402.0,3.6,Irregular,65.0,8,Low,True,True,Low,High,High,Irregular,Anxiety/stress-related concerns,74.8,94.0,33.8,98.8,38.0,17.0,57.6,Moderate (Madhyama)
HS-OBS-0598,Empirical Lifestyle Survey (Academic Observational Cohort),25,Male,175.9,63.2,20.4,Normal,Student,5.1,1.5,6.6,01:30 AM,06:36 AM,Poor,8.0,12.8,336.0,4.2,Irregular,65.0,9,Low,False,True,Low,High,High,Irregular,Digestive problems,50.7,80.8,24.4,99.4,38.0,17.0,48.1,Needs Attention (Hina Vihara)
HS-OBS-0599,Empirical Lifestyle Survey (Academic Observational Cohort),19,Male,175.0,82.0,26.8,Overweight,Student,7.3,1.0,8.3,01:00 AM,08:18 AM,Moderate,8.9,9.6,210.0,4.2,Regular,65.0,9,Low,True,True,Low,High,High,Regular,Anxiety/stress-related concerns,84.0,93.6,26.2,99.4,71.5,17.0,62.1,Moderate (Madhyama)
HS-OBS-0600,Empirical Lifestyle Survey (Academic Observational Cohort),21,Male,162.5,46.0,17.4,Underweight,Student,9.0,1.5,10.5,01:30 AM,10:30 AM,Moderate,6.6000000000000005,8.6,354.0,4.0,Irregular,65.0,7,Neutral,False,True,Medium,High,High,Irregular,Anxiety/stress-related concerns,76.7,97.6,41.7,100.0,46.5,32.0,64.1,Moderate (Madhyama)
HS-OBS-0601,Empirical Lifestyle Survey (Academic Observational Cohort),22,Female,159.8,49.8,19.5,Normal,Student,8.2,1.5,9.7,01:30 AM,09:42 AM,Moderate,10.7,7.0,282.0,3.8,Irregular,65.0,9,Low,False,False,Low,High,High,Irregular,Anxiety/stress-related concerns,83.0,100.0,24.4,99.4,34.4,10.0,57.0,Moderate (Madhyama)
HS-OBS-0602,Empirical Lifestyle Survey (Academic Observational Cohort),23,Male,173.3,66.6,22.2,Normal,Student,8.8,0.5,9.3,12:30 AM,09:18 AM,Moderate,12.2,10.6,12.0,2.4,Irregular,17.3,8,Low,False,True,Low,High,High,Irregular,Migraine,80.2,25.6,31.9,99.8,18.9,17.0,43.9,Needs Attention (Hina Vihara)
HS-OBS-0603,Empirical Lifestyle Survey (Academic Observational Cohort),21,Female,168.9,58.2,20.4,Normal,Student,7.1,1.5,8.6,01:30 AM,08:36 AM,Moderate,6.8999999999999995,9.8,366.0,4.2,Regular,65.0,7,Neutral,False,True,Medium,High,High,Regular,Migraine,83.0,92.8,41.7,99.4,80.5,32.0,68.7,Moderate (Madhyama)
HS-OBS-0604,Empirical Lifestyle Survey (Academic Observational Cohort),25,Male,171.4,66.0,22.5,Normal,Student,9.4,23.0,8.4,11:00 PM,08:24 AM,Moderate,9.5,10.9,42.0,2.4,Irregular,24.3,5,Neutral,True,False,Medium,High,High,Irregular,Migraine,74.2,78.0,58.5,98.8,25.0,12.0,57.1,Moderate (Madhyama)
HS-OBS-0605,Empirical Lifestyle Survey (Academic Observational Cohort),19,Male,168.4,81.9,28.9,Overweight,Student,5.9,2.0,7.9,02:00 AM,07:54 AM,Poor,8.6,6.2,546.0,4.2,Regular,65.0,9,Low,True,True,Low,High,High,Irregular,Anxiety/stress-related concerns,63.1,100.0,26.2,99.4,56.0,17.0,56.8,Moderate (Madhyama)
HS-OBS-0606,Empirical Lifestyle Survey (Academic Observational Cohort),23,Male,170.9,71.8,24.6,Normal,Student,9.4,0.0,9.4,12:00 AM,09:24 AM,Good,9.3,4.5,306.0,4.1,Regular,65.0,4,Good,True,True,Medium,Low,High,Regular,Anxiety/stress-related concerns,75.1,100.0,67.5,99.7,77.0,67.0,79.3,Good (Prasanna)
HS-OBS-0607,Empirical Lifestyle Survey (Academic Observational Cohort),19,Female,167.2,60.1,21.5,Normal,Student,7.1,0.5,7.6,12:30 AM,07:36 AM,Moderate,11.8,11.8,72.0,2.6,Regular,34.9,9,Low,False,True,Low,High,High,Regular,Digestive problems,84.0,84.8,24.4,99.5,63.6,17.0,59.3,Moderate (Madhyama)
HS-OBS-0608,Empirical Lifestyle Survey (Academic Observational Cohort),22,Female,159.9,58.6,22.9,Normal,Student,7.1,1.0,8.1,01:00 AM,08:06 AM,Moderate,9.2,7.7,378.0,4.2,Regular,65.0,5,Neutral,True,False,Medium,High,High,Regular,Migraine,84.0,100.0,58.5,99.4,70.0,12.0,68.7,Moderate (Madhyama)
HS-OBS-0609,Empirical Lifestyle Survey (Academic Observational Cohort),22,Female,163.0,53.7,20.2,Normal,Student,9.0,23.5,8.5,11:30 PM,08:30 AM,Moderate,10.9,7.9,102.0,2.4,Irregular,40.3,5,Neutral,True,False,Medium,High,High,Irregular,None,79.2,100.0,58.5,87.9,32.8,12.0,62.0,Moderate (Madhyama)
HS-OBS-0610,Empirical Lifestyle Survey (Academic Observational Cohort),22,Female,163.9,54.7,20.4,Normal,Student,5.4,1.5,6.9,01:30 AM,06:54 AM,Poor,6.3999999999999995,12.7,384.0,3.6,Irregular,65.0,9,Low,False,True,Low,High,High,Irregular,Migraine,55.4,81.2,24.4,98.8,38.0,17.0,49.2,Needs Attention (Hina Vihara)
HS-OBS-0611,Empirical Lifestyle Survey (Academic Observational Cohort),21,Female,163.1,45.3,17.0,Underweight,Student,6.3,0.0,6.3,12:00 AM,06:18 AM,Moderate,8.1,5.1,570.0,4.2,Regular,65.0,5,Neutral,True,False,Medium,Medium,Medium,Regular,None,73.2,100.0,58.5,99.4,100.0,45.0,75.8,Good (Prasanna)
HS-OBS-0612,Empirical Lifestyle Survey (Academic Observational Cohort),20,Female,166.2,50.3,18.2,Underweight,Student,8.5,1.0,9.5,01:00 AM,09:30 AM,Moderate,9.8,12.1,90.0,2.7,Irregular,41.7,8,Low,False,False,Low,High,High,Irregular,Digestive problems,84.0,83.6,31.9,99.1,22.0,10.0,54.3,Needs Attention (Hina Vihara)
HS-OBS-0613,Empirical Lifestyle Survey (Academic Observational Cohort),21,Female,163.7,70.6,26.3,Overweight,Student,7.2,0.5,7.7,12:30 AM,07:42 AM,Moderate,9.8,9.4,246.0,3.7,Regular,65.0,7,Neutral,True,True,Medium,High,High,Regular,Migraine,84.0,94.4,43.5,99.1,78.5,32.0,69.3,Moderate (Madhyama)
HS-OBS-0614,Empirical Lifestyle Survey (Academic Observational Cohort),21,Male,174.0,75.1,24.8,Normal,Student,5.8,1.5,7.3,01:30 AM,07:18 AM,Poor,11.5,12.8,84.0,3.9,Irregular,38.0,8,Low,True,True,Low,High,High,Irregular,Digestive problems,61.5,80.8,33.8,97.9,26.0,17.0,50.8,Needs Attention (Hina Vihara)
HS-OBS-0615,Empirical Lifestyle Survey (Academic Observational Cohort),21,Female,162.3,51.2,19.4,Normal,Student,9.8,23.0,8.8,11:00 PM,08:48 AM,Moderate,10.4,7.3,180.0,2.9,Regular,65.0,5,Neutral,True,True,Medium,High,High,Regular,None,69.1,100.0,58.5,88.1,76.8,32.0,68.7,Moderate (Madhyama)
HS-OBS-0616,Empirical Lifestyle Survey (Academic Observational Cohort),20,Male,171.4,61.4,20.9,Normal,Student,7.7,1.5,9.2,01:30 AM,09:12 AM,Moderate,11.8,10.2,24.0,2.7,Regular,30.7,7,Neutral,False,False,Medium,High,High,Regular,None,83.0,58.5,41.7,98.1,64.1,12.0,56.8,Moderate (Madhyama)
HS-OBS-0617,Empirical Lifestyle Survey (Academic Observational Cohort),20,Female,161.4,47.8,18.3,Underweight,Student,8.2,0.5,8.7,12:30 AM,08:42 AM,Moderate,10.5,8.9,246.0,2.9,Irregular,65.0,10,Low,False,True,Low,High,High,Irregular,Anxiety/stress-related concerns,84.0,96.4,16.9,77.9,41.0,17.0,55.0,Moderate (Madhyama)
HS-OBS-0618,Empirical Lifestyle Survey (Academic Observational Cohort),22,Male,165.8,54.8,19.9,Normal,Student,8.6,0.0,8.6,12:00 AM,08:36 AM,Moderate,9.4,7.9,318.0,3.9,Irregular,65.0,7,Neutral,False,True,Medium,High,High,Irregular,Migraine,82.7,100.0,41.7,99.7,30.0,32.0,63.9,Moderate (Madhyama)
HS-OBS-0619,Empirical Lifestyle Survey (Academic Observational Cohort),20,Male,171.0,49.9,17.1,Underweight,Student,5.3,1.5,6.8,01:30 AM,06:48 AM,Poor,8.0,13.3,288.0,3.3,Regular,65.0,10,Low,False,True,Low,High,High,Irregular,Migraine,53.8,78.8,16.9,82.5,58.0,17.0,47.7,Needs Attention (Hina Vihara)
HS-OBS-0620,Empirical Lifestyle Survey (Academic Observational Cohort),19,Female,168.7,66.3,23.3,Normal,Student,5.3,1.5,6.8,01:30 AM,06:48 AM,Poor,13.0,10.6,240.0,3.6,Regular,65.0,10,Low,True,False,Low,High,High,Regular,Anxiety/stress-related concerns,53.8,89.6,18.8,98.8,62.5,10.0,50.9,Needs Attention (Hina Vihara)
HS-OBS-0621,Empirical Lifestyle Survey (Academic Observational Cohort),25,Male,172.5,69.7,23.4,Normal,Student,7.9,0.5,8.4,12:30 AM,08:24 AM,Moderate,12.399999999999999,7.8,144.0,3.2,Irregular,59.0,8,Low,False,True,Low,High,High,Irregular,Digestive problems,84.0,100.0,31.9,87.9,20.8,17.0,57.2,Moderate (Madhyama)
HS-OBS-0622,Empirical Lifestyle Survey (Academic Observational Cohort),23,Male,177.3,72.1,22.9,Normal,Student,7.6,23.5,7.1,11:30 PM,07:06 AM,Moderate,9.3,8.8,378.0,4.2,Irregular,65.0,5,Neutral,True,False,Medium,High,High,Irregular,Digestive problems,85.5,96.8,58.5,99.4,41.5,12.0,65.0,Moderate (Madhyama)
HS-OBS-0623,Empirical Lifestyle Survey (Academic Observational Cohort),21,Female,159.8,57.5,22.5,Normal,Student,9.5,0.0,9.5,12:00 AM,09:30 AM,Moderate,9.0,12.2,60.0,2.1,Irregular,34.0,6,Neutral,True,False,Medium,Medium,High,Irregular,Digestive problems,71.4,83.2,51.0,83.6,22.0,32.0,57.6,Moderate (Madhyama)
HS-OBS-0624,Empirical Lifestyle Survey (Academic Observational Cohort),20,Female,161.5,62.2,23.8,Normal,Student,9.3,1.5,10.8,01:30 AM,10:48 AM,Moderate,9.5,9.0,174.0,3.3,Irregular,65.0,8,Low,True,False,Low,High,High,Irregular,Anxiety/stress-related concerns,72.9,96.0,33.8,98.9,34.5,10.0,55.9,Moderate (Madhyama)
HS-OBS-0625,Empirical Lifestyle Survey (Academic Observational Cohort),21,Female,154.8,54.3,22.7,Normal,Student,7.1,1.5,8.6,01:30 AM,08:36 AM,Moderate,7.5,11.0,246.0,3.1,Irregular,65.0,3,Good,True,True,Medium,High,Medium,Irregular,None,83.0,88.0,75.0,78.5,34.5,45.0,69.2,Moderate (Madhyama)
HS-OBS-0626,Empirical Lifestyle Survey (Academic Observational Cohort),22,Male,178.1,84.8,26.7,Overweight,Student,6.2,0.0,6.2,12:00 AM,06:12 AM,Moderate,8.5,7.4,366.0,4.2,Regular,65.0,3,Good,True,False,High,Low,Medium,Regular,Anxiety/stress-related concerns,71.7,100.0,75.0,99.4,93.0,75.0,83.4,Good (Prasanna)
HS-OBS-0627,Empirical Lifestyle Survey (Academic Observational Cohort),21,Male,169.4,76.1,26.5,Overweight,Student,9.7,0.5,10.2,12:30 AM,10:12 AM,Moderate,12.5,8.0,90.0,3.4,Irregular,43.5,8,Low,True,True,Low,High,High,Irregular,Anxiety/stress-related concerns,68.9,100.0,33.8,100.0,20.0,17.0,55.4,Moderate (Madhyama)
HS-OBS-0628,Empirical Lifestyle Survey (Academic Observational Cohort),22,Female,164.5,52.2,19.3,Normal,Student,5.1,2.0,7.1,02:00 AM,07:06 AM,Poor,11.8,10.7,252.0,3.8,Irregular,65.0,9,Low,True,False,Low,High,High,Irregular,Anxiety/stress-related concerns,50.7,89.2,26.2,99.6,27.6,10.0,47.5,Needs Attention (Hina Vihara)
HS-OBS-0629,Empirical Lifestyle Survey (Academic Observational Cohort),21,Female,154.0,60.9,25.7,Overweight,Student,6.9,1.0,7.9,01:00 AM,07:54 AM,Moderate,11.1,11.8,222.0,3.4,Irregular,65.0,9,Low,True,False,Low,High,High,Irregular,Migraine,82.5,84.8,26.2,85.4,29.2,10.0,52.5,Needs Attention (Hina Vihara)
HS-OBS-0630,Empirical Lifestyle Survey (Academic Observational Cohort),20,Male,160.1,60.4,23.6,Normal,Student,8.8,1.5,10.3,01:30 AM,10:18 AM,Moderate,8.1,11.2,216.0,3.8,Regular,65.0,7,Neutral,False,False,Medium,High,High,Regular,None,79.2,87.2,41.7,99.6,73.5,12.0,62.4,Moderate (Madhyama)
HS-OBS-0631,Empirical Lifestyle Survey (Academic Observational Cohort),23,Male,173.7,70.1,23.2,Normal,Student,8.6,0.0,8.6,12:00 AM,08:36 AM,Good,7.3,11.3,174.0,3.2,Regular,65.0,3,Good,True,True,High,Low,Medium,Regular,Digestive problems,85.1,86.8,75.0,82.0,73.0,95.0,83.4,Good (Prasanna)
HS-OBS-0632,Empirical Lifestyle Survey (Academic Observational Cohort),22,Female,159.0,46.9,18.6,Normal,Student,7.0,1.0,8.0,01:00 AM,08:00 AM,Moderate,6.4,7.0,552.0,4.2,Regular,65.0,7,Neutral,False,True,Medium,High,High,Regular,Migraine,84.0,100.0,41.7,99.4,86.0,32.0,70.8,Good (Prasanna)
HS-OBS-0633,Empirical Lifestyle Survey (Academic Observational Cohort),22,Male,176.4,60.9,19.6,Normal,Student,8.3,1.5,9.8,01:30 AM,09:48 AM,Moderate,11.7,9.3,186.0,3.0,Regular,65.0,8,Low,True,True,Low,High,High,Regular,Anxiety/stress-related concerns,83.0,94.8,33.8,81.5,69.4,17.0,61.6,Moderate (Madhyama)
HS-OBS-0634,Empirical Lifestyle Survey (Academic Observational Cohort),21,Female,163.1,59.6,22.4,Normal,Student,5.4,2.0,7.4,02:00 AM,07:24 AM,Poor,11.8,10.5,246.0,2.9,Irregular,65.0,10,Low,False,False,Low,High,High,Irregular,Anxiety/stress-related concerns,55.4,90.0,16.9,72.5,28.6,10.0,44.2,Needs Attention (Hina Vihara)
HS-OBS-0635,Empirical Lifestyle Survey (Academic Observational Cohort),21,Female,167.8,67.6,24.0,Normal,Student,9.0,0.5,9.5,12:30 AM,09:30 AM,Moderate,11.4,11.1,48.0,2.9,Regular,31.8,8,Low,True,True,Low,High,High,Regular,Anxiety/stress-related concerns,77.7,87.6,33.8,99.4,62.8,17.0,60.2,Moderate (Madhyama)
HS-OBS-0636,Empirical Lifestyle Survey (Academic Observational Cohort),20,Female,167.3,68.5,24.5,Normal,Student,9.4,23.5,8.9,11:30 PM,08:54 AM,Good,8.9,9.3,36.0,2.5,Regular,29.7,3,Good,True,False,High,High,Medium,Irregular,None,76.6,80.5,75.0,99.1,53.0,40.0,69.8,Moderate (Madhyama)
HS-OBS-0637,Empirical Lifestyle Survey (Academic Observational Cohort),21,Male,161.9,61.5,23.5,Normal,Student,8.4,23.0,7.4,11:00 PM,07:24 AM,Good,7.6,7.4,474.0,4.2,Regular,65.0,4,Good,True,False,Medium,High,Medium,Regular,None,87.9,100.0,67.5,99.4,86.0,25.0,75.6,Good (Prasanna)
HS-OBS-0638,Empirical Lifestyle Survey (Academic Observational Cohort),21,Male,172.8,73.6,24.6,Normal,Student,7.2,1.0,8.2,01:00 AM,08:12 AM,Moderate,9.5,8.2,288.0,4.2,Regular,65.0,7,Neutral,False,True,Medium,High,High,Regular,Digestive problems,84.0,99.2,41.7,99.4,70.0,32.0,68.8,Moderate (Madhyama)
HS-OBS-0639,Empirical Lifestyle Survey (Academic Observational Cohort),22,Male,178.9,79.6,24.9,Normal,Student,8.7,1.0,9.7,01:00 AM,09:42 AM,Moderate,9.5,9.3,330.0,4.2,Irregular,65.0,9,Low,False,False,Low,High,High,Irregular,Migraine,81.5,94.8,24.4,99.4,33.0,10.0,55.6,Moderate (Madhyama)
HS-OBS-0640,Empirical Lifestyle Survey (Academic Observational Cohort),21,Female,162.7,60.1,22.7,Normal,Student,5.1,2.0,7.1,02:00 AM,07:06 AM,Poor,8.9,9.2,402.0,4.1,Irregular,65.0,10,Low,False,True,Low,High,High,Irregular,Migraine,50.7,95.2,16.9,99.7,39.5,17.0,49.4,Needs Attention (Hina Vihara)
HS-OBS-0641,Empirical Lifestyle Survey (Academic Observational Cohort),19,Female,169.6,61.5,21.4,Normal,Student,9.6,0.5,10.1,12:30 AM,10:06 AM,Moderate,12.700000000000001,9.4,78.0,2.7,Irregular,41.0,10,Low,True,True,Low,High,High,Irregular,Digestive problems,70.1,94.4,18.8,99.5,22.5,17.0,51.9,Needs Attention (Hina Vihara)
HS-OBS-0642,Empirical Lifestyle Survey (Academic Observational Cohort),21,Male,166.4,74.8,27.0,Overweight,Student,7.8,0.0,7.8,12:00 AM,07:48 AM,Good,7.1,5.6,522.0,4.2,Regular,65.0,2,Good,True,True,High,Low,Medium,Regular,Migraine,86.4,100.0,82.5,99.4,93.0,95.0,91.7,Excellent (Svastha)
HS-OBS-0643,Empirical Lifestyle Survey (Academic Observational Cohort),19,Female,170.4,56.8,19.6,Normal,Student,6.2,0.0,6.2,12:00 AM,06:12 AM,Moderate,10.1,7.5,420.0,4.2,Regular,65.0,5,Neutral,True,True,Medium,Medium,High,Regular,Anxiety/stress-related concerns,71.7,100.0,58.5,99.4,92.2,52.0,75.8,Good (Prasanna)
HS-OBS-0644,Empirical Lifestyle Survey (Academic Observational Cohort),22,Female,164.4,68.0,25.2,Overweight,Student,9.0,0.0,9.0,12:00 AM,09:00 AM,Good,8.6,9.8,108.0,3.2,Regular,47.2,2,Good,True,True,Medium,Low,Medium,Regular,Anxiety/stress-related concerns,80.1,92.8,82.5,99.7,70.5,80.0,83.7,Good (Prasanna)
HS-OBS-0645,Empirical Lifestyle Survey (Academic Observational Cohort),20,Male,173.4,65.0,21.6,Normal,Student,7.6,0.0,7.6,12:00 AM,07:36 AM,Moderate,9.7,9.6,234.0,3.7,Regular,65.0,5,Neutral,True,True,Medium,Medium,High,Regular,Anxiety/stress-related concerns,84.0,93.6,58.5,99.1,77.5,52.0,75.6,Good (Prasanna)
HS-OBS-0646,Empirical Lifestyle Survey (Academic Observational Cohort),20,Male,170.8,73.3,25.1,Overweight,Student,9.8,0.0,9.8,12:00 AM,09:48 AM,Moderate,8.8,7.9,312.0,3.9,Regular,65.0,5,Neutral,True,True,Medium,Medium,Medium,Regular,Digestive problems,67.6,100.0,58.5,99.7,70.0,65.0,74.6,Good (Prasanna)
HS-OBS-0647,Empirical Lifestyle Survey (Academic Observational Cohort),19,Male,165.1,46.7,17.1,Underweight,Student,8.1,0.5,8.6,12:30 AM,08:36 AM,Moderate,6.9,7.5,522.0,4.2,Irregular,65.0,6,Neutral,False,True,Medium,Medium,Medium,Irregular,Anxiety/stress-related concerns,84.0,100.0,49.2,99.4,40.0,65.0,72.8,Good (Prasanna)
HS-OBS-0648,Empirical Lifestyle Survey (Academic Observational Cohort),23,Female,155.4,52.1,21.6,Normal,Student,5.7,1.5,7.2,01:30 AM,07:12 AM,Poor,9.0,13.5,240.0,2.7,Irregular,65.0,8,Low,False,True,Low,High,High,Irregular,Digestive problems,60.0,78.0,31.9,70.6,28.0,17.0,47.1,Needs Attention (Hina Vihara)
HS-OBS-0649,Empirical Lifestyle Survey (Academic Observational Cohort),23,Female,167.4,67.0,23.9,Normal,Student,8.5,0.0,8.5,12:00 AM,08:30 AM,Moderate,8.3,6.0,366.0,4.2,Regular,65.0,5,Neutral,True,False,Medium,Medium,Medium,Irregular,None,84.0,100.0,58.5,99.4,67.0,45.0,74.3,Good (Prasanna)
HS-OBS-0650,Empirical Lifestyle Survey (Academic Observational Cohort),19,Male,170.1,55.3,19.1,Normal,Student,5.2,2.0,7.2,02:00 AM,07:12 AM,Poor,10.8,13.3,174.0,2.6,Irregular,62.7,9,Low,True,False,Low,High,High,Irregular,Anxiety/stress-related concerns,52.3,78.8,26.2,76.8,31.6,10.0,44.2,Needs Attention (Hina Vihara)
