participant_id,data_source_nature,age,gender,height_cm,weight_kg,bmi,bmi_category,occupation,sleep_duration_hrs,sleep_time_dec,wake_up_time_dec,sleep_time_str,wake_up_time_str,sleep_quality,work_study_hrs,screen_time_hrs,physical_activity_min,water_intake_liters,meal_regularity,outdoor_time_min,stress_level,mood,relaxation_activity,breakfast_regular,fruit_veg_intake,processed_food_freq,caffeine_freq,meal_timing_consistency,health_conditions,sleep_score,activity_score,stress_score,hydration_score,routine_score,nutrition_score,lifestyle_wellness_score,wellness_category
HS-SYNTH-0001,Synthetic Evaluation Record (Simulated Cohort),50,Female,156.2,83.3,34.1,Obesity Range,Self-Employed / Business,7.5,21.94,5.48,09:56 PM,05:29 AM,Good,7.9,3.7,46.0,2.5,Regular,40.0,2,Good,True,False,Medium,Low,Medium,Regular,None,87.9,100.0,82.5,75.8,100.0,60.0,84.2,Good (Prasanna)
HS-SYNTH-0002,Synthetic Evaluation Record (Simulated Cohort),21,Male,160.6,77.4,30.0,Obesity Range,Freelancer / Creative,6.9,2.0,8.92,02:00 AM,08:55 AM,Moderate,8.0,4.6,45.0,1.4,Irregular,28.0,2,Neutral,True,False,High,High,High,Irregular,Digestive problems,84.0,98.0,81.0,45.4,60.0,27.0,68.9,Moderate (Madhyama)
HS-SYNTH-0003,Synthetic Evaluation Record (Simulated Cohort),27,Male,174.2,63.5,20.9,Normal,Student,4.6,1.5,6.09,01:30 AM,06:05 AM,Poor,10.0,8.1,7.0,2.0,Irregular,25.0,9,Neutral,True,True,Low,High,High,Irregular,None,45.5,35.5,28.5,87.7,43.0,17.0,39.1,Needs Attention (Hina Vihara)
HS-SYNTH-0004,Synthetic Evaluation Record (Simulated Cohort),45,Male,174.5,66.7,21.9,Normal,Educator / Academic,7.0,22.36,5.34,10:22 PM,05:20 AM,Good,7.9,6.6,44.0,3.2,Regular,20.0,4,Low,True,True,High,Low,Low,Regular,Thyroid disorder,87.9,88.4,63.8,97.7,93.0,100.0,86.9,Excellent (Svastha)
HS-SYNTH-0005,Synthetic Evaluation Record (Simulated Cohort),32,Male,161.5,64.0,24.5,Normal,Student,6.6,1.5,8.12,01:30 AM,08:07 AM,Moderate,11.6,9.1,11.0,2.0,Regular,12.0,7,Low,False,False,Low,High,Medium,Regular,None,79.3,24.7,39.5,85.8,84.2,10.0,50.3,Needs Attention (Hina Vihara)
HS-SYNTH-0006,Synthetic Evaluation Record (Simulated Cohort),36,Female,161.0,62.7,24.2,Normal,Student,7.1,21.99,5.08,09:59 PM,05:05 AM,Good,6.7,5.3,44.0,2.7,Regular,39.0,3,Good,True,True,High,Low,Medium,Regular,None,87.9,98.4,75.0,99.3,100.0,95.0,91.1,Excellent (Svastha)
HS-SYNTH-0007,Synthetic Evaluation Record (Simulated Cohort),38,Male,179.6,76.5,23.7,Normal,Self-Employed / Business,7.1,22.44,5.51,10:26 PM,05:31 AM,Good,6.5,4.1,46.0,2.4,Regular,20.0,3,Good,True,True,Medium,Medium,Low,Regular,None,87.9,90.0,75.0,78.4,100.0,70.0,83.0,Good (Prasanna)
HS-SYNTH-0008,Synthetic Evaluation Record (Simulated Cohort),29,Female,168.1,74.5,26.4,Overweight,Working Professional (IT/Corporate),5.9,1.5,7.36,01:30 AM,07:21 AM,Moderate,8.6,7.3,25.0,1.9,Irregular,12.0,9,Neutral,False,False,Medium,High,High,Irregular,Anxiety/stress-related concerns,68.6,50.9,26.7,67.5,43.0,12.0,43.7,Needs Attention (Hina Vihara)
HS-SYNTH-0009,Synthetic Evaluation Record (Simulated Cohort),36,Female,140.1,58.2,29.7,Overweight,Working Professional (IT/Corporate),6.6,2.0,8.59,02:00 AM,08:36 AM,Poor,10.4,5.2,13.0,2.8,Regular,35.0,9,Neutral,True,True,High,Medium,High,Regular,None,76.3,50.2,28.5,99.7,96.8,67.0,65.2,Moderate (Madhyama)
HS-SYNTH-0010,Synthetic Evaluation Record (Simulated Cohort),54,Female,192.1,63.7,17.3,Underweight,Self-Employed / Business,7.6,22.5,6.09,10:30 PM,06:05 AM,Moderate,7.8,5.4,43.0,2.7,Regular,72.0,5,Good,True,True,Medium,Low,Low,Regular,None,85.5,96.9,60.0,99.5,100.0,85.0,85.5,Excellent (Svastha)
HS-SYNTH-0011,Synthetic Evaluation Record (Simulated Cohort),24,Male,167.5,53.7,19.1,Normal,Working Professional (IT/Corporate),7.8,22.68,6.5,10:41 PM,06:30 AM,Good,6.5,6.5,59.0,2.4,Regular,45.0,3,Good,True,True,High,Low,Medium,Regular,Hypertension,87.9,100.0,75.0,99.8,93.0,95.0,90.6,Excellent (Svastha)
HS-SYNTH-0012,Synthetic Evaluation Record (Simulated Cohort),41,Female,167.5,57.6,20.5,Normal,Working Professional (IT/Corporate),6.6,2.0,8.56,02:00 AM,08:33 AM,Moderate,9.2,3.6,22.0,2.8,Irregular,26.0,3,Neutral,True,True,Low,Low,Medium,Irregular,Diabetes,79.3,60.2,73.5,96.6,50.0,65.0,70.3,Good (Prasanna)
HS-SYNTH-0013,Synthetic Evaluation Record (Simulated Cohort),31,Male,175.4,60.1,19.5,Normal,Working Professional (IT/Corporate),6.1,2.0,8.11,02:00 AM,08:07 AM,Poor,8.9,8.1,8.0,1.9,Irregular,18.0,4,Neutral,False,False,Medium,High,Medium,Irregular,Diabetes,68.6,30.0,64.2,87.6,43.0,25.0,51.8,Needs Attention (Hina Vihara)
HS-SYNTH-0014,Synthetic Evaluation Record (Simulated Cohort),33,Male,164.9,80.8,29.7,Overweight,Healthcare Worker,7.6,21.93,5.52,09:56 PM,05:31 AM,Good,7.2,3.3,69.0,2.0,Regular,33.0,3,Good,True,True,High,Medium,Low,Regular,None,87.9,100.0,75.0,58.8,100.0,85.0,85.5,Excellent (Svastha)
HS-SYNTH-0015,Synthetic Evaluation Record (Simulated Cohort),49,Male,172.5,73.3,24.6,Normal,Healthcare Worker,7.0,22.5,5.48,10:30 PM,05:29 AM,Good,7.9,6.2,53.0,3.0,Regular,30.0,2,Neutral,True,True,High,Low,Medium,Regular,None,87.9,100.0,81.0,100.0,93.0,95.0,91.8,Excellent (Svastha)
HS-SYNTH-0016,Synthetic Evaluation Record (Simulated Cohort),52,Female,169.2,59.4,20.7,Normal,Freelancer / Creative,7.6,2.0,9.59,02:00 AM,09:35 AM,Moderate,6.9,8.1,40.0,1.7,Irregular,5.0,3,Neutral,True,False,High,Medium,High,Irregular,None,85.5,66.8,73.5,70.5,53.0,47.0,67.4,Moderate (Madhyama)
HS-SYNTH-0017,Synthetic Evaluation Record (Simulated Cohort),38,Male,160.7,63.7,24.7,Normal,Homemaker,6.1,2.0,8.15,02:00 AM,08:09 AM,Good,7.6,10.1,15.0,2.1,Irregular,28.0,4,Neutral,True,False,High,Low,High,Irregular,Anxiety/stress-related concerns,74.0,42.9,66.0,89.2,52.0,62.0,63.5,Moderate (Madhyama)
HS-SYNTH-0018,Synthetic Evaluation Record (Simulated Cohort),22,Male,175.1,76.0,24.8,Normal,Freelancer / Creative,5.9,1.5,7.35,01:30 AM,07:21 AM,Poor,8.7,6.4,0.0,1.7,Irregular,26.0,8,Neutral,True,False,Medium,Medium,High,Irregular,None,65.6,26.0,36.0,63.9,43.0,32.0,43.6,Needs Attention (Hina Vihara)
HS-SYNTH-0019,Synthetic Evaluation Record (Simulated Cohort),28,Male,151.7,62.4,27.1,Overweight,Freelancer / Creative,8.2,2.0,10.19,02:00 AM,10:11 AM,Moderate,9.2,7.5,45.0,2.8,Irregular,17.0,3,Neutral,True,True,Medium,High,High,Irregular,None,85.5,87.0,73.5,98.8,43.0,32.0,70.0,Good (Prasanna)
HS-SYNTH-0020,Synthetic Evaluation Record (Simulated Cohort),40,Other,174.7,57.2,18.7,Normal,Student,5.2,1.5,6.67,01:30 AM,06:40 AM,Good,8.2,11.5,19.0,1.8,Irregular,6.0,7,Low,True,False,Low,Medium,Medium,Irregular,None,60.2,21.6,41.2,83.3,45.0,30.0,44.5,Needs Attention (Hina Vihara)
HS-SYNTH-0021,Synthetic Evaluation Record (Simulated Cohort),38,Female,172.1,72.7,24.5,Normal,Self-Employed / Business,8.0,23.14,7.18,11:08 PM,07:11 AM,Good,8.7,4.2,25.0,3.1,Regular,38.0,5,Good,True,True,High,Medium,High,Regular,Anxiety/stress-related concerns,87.9,68.9,60.0,98.4,90.0,67.0,76.4,Good (Prasanna)
HS-SYNTH-0022,Synthetic Evaluation Record (Simulated Cohort),58,Male,162.9,69.6,26.2,Overweight,Working Professional (IT/Corporate),7.0,22.33,5.29,10:20 PM,05:17 AM,Good,6.1,5.4,61.0,3.2,Regular,28.0,3,Good,True,True,High,Medium,Medium,Regular,None,87.9,98.0,75.0,98.9,100.0,80.0,88.3,Excellent (Svastha)
HS-SYNTH-0023,Synthetic Evaluation Record (Simulated Cohort),35,Female,178.6,62.7,19.7,Normal,Freelancer / Creative,7.9,2.0,9.86,02:00 AM,09:52 AM,Good,8.4,6.6,59.0,2.9,Irregular,12.0,5,Neutral,False,True,High,Medium,Medium,Irregular,Asthma,87.9,82.0,56.7,99.0,53.0,80.0,76.1,Good (Prasanna)
HS-SYNTH-0024,Synthetic Evaluation Record (Simulated Cohort),38,Female,153.3,74.9,31.9,Obesity Range,Educator / Academic,7.8,21.71,5.54,09:43 PM,05:32 AM,Good,5.3,7.2,25.0,3.2,Regular,26.0,4,Good,True,True,High,High,Medium,Regular,None,87.9,64.9,67.5,98.4,93.0,60.0,76.3,Good (Prasanna)
HS-SYNTH-0025,Synthetic Evaluation Record (Simulated Cohort),36,Female,166.5,61.6,22.2,Normal,Self-Employed / Business,4.5,2.0,6.5,02:00 AM,06:30 AM,Good,7.3,5.0,19.0,1.9,Irregular,54.0,5,Neutral,True,True,Low,High,Low,Irregular,Anxiety/stress-related concerns,49.4,59.6,58.5,82.1,60.0,35.0,55.0,Moderate (Madhyama)
HS-SYNTH-0026,Synthetic Evaluation Record (Simulated Cohort),43,Female,161.4,44.3,17.0,Underweight,Educator / Academic,8.1,21.91,6.02,09:54 PM,06:01 AM,Good,9.0,6.1,43.0,2.2,Regular,20.0,3,Neutral,True,True,Medium,Low,Low,Regular,None,87.9,86.9,73.5,98.8,83.0,85.0,84.8,Good (Prasanna)
HS-SYNTH-0027,Synthetic Evaluation Record (Simulated Cohort),38,Female,165.9,83.3,30.3,Obesity Range,Working Professional (IT/Corporate),6.7,2.0,8.69,02:00 AM,08:41 AM,Moderate,7.2,9.3,23.0,1.7,Regular,46.0,3,Neutral,True,False,Medium,Low,Low,Regular,None,80.9,60.6,73.5,54.7,96.0,65.0,72.1,Good (Prasanna)
HS-SYNTH-0028,Synthetic Evaluation Record (Simulated Cohort),30,Female,168.4,60.0,21.2,Normal,Working Professional (IT/Corporate),6.0,1.5,7.54,01:30 AM,07:33 AM,Poor,10.1,8.6,18.0,1.8,Regular,8.0,7,Neutral,False,False,Medium,Medium,High,Regular,None,67.1,33.6,41.7,80.0,98.7,32.0,54.8,Needs Attention (Hina Vihara)
HS-SYNTH-0029,Synthetic Evaluation Record (Simulated Cohort),54,Male,169.3,55.9,19.5,Normal,Educator / Academic,8.0,21.57,5.55,09:34 PM,05:33 AM,Moderate,9.0,2.9,43.0,2.4,Regular,31.0,4,Good,True,True,High,Low,Low,Regular,Thyroid disorder,85.5,96.9,67.5,99.5,90.0,100.0,88.5,Excellent (Svastha)
HS-SYNTH-0030,Synthetic Evaluation Record (Simulated Cohort),32,Male,166.8,65.3,23.5,Normal,Healthcare Worker,7.9,2.0,9.88,02:00 AM,09:53 AM,Poor,6.9,7.6,24.0,1.9,Regular,33.0,7,Neutral,True,False,Medium,High,Medium,Regular,None,82.5,67.3,43.5,76.4,93.0,25.0,62.3,Moderate (Madhyama)
HS-SYNTH-0031,Synthetic Evaluation Record (Simulated Cohort),44,Female,169.9,62.0,21.5,Normal,Student,8.1,21.5,5.6,09:30 PM,05:36 AM,Good,6.6,5.1,47.0,2.8,Regular,27.0,2,Good,True,True,High,Medium,Low,Regular,None,87.9,97.0,82.5,98.8,100.0,85.0,90.5,Excellent (Svastha)
HS-SYNTH-0032,Synthetic Evaluation Record (Simulated Cohort),20,Female,167.6,92.1,32.8,Obesity Range,Working Professional (IT/Corporate),5.4,1.5,6.93,01:30 AM,06:56 AM,Poor,8.3,5.5,16.0,3.0,Irregular,5.0,10,Low,False,True,Medium,High,High,Irregular,Digestive problems,57.9,29.9,16.9,89.4,60.0,32.0,43.4,Needs Attention (Hina Vihara)
HS-SYNTH-0033,Synthetic Evaluation Record (Simulated Cohort),24,Female,173.3,50.5,16.8,Underweight,Freelancer / Creative,6.3,2.0,8.3,02:00 AM,08:18 AM,Moderate,6.4,6.9,19.0,2.9,Regular,16.0,4,Low,False,True,Medium,Low,Medium,Regular,Migraine,74.7,45.6,62.0,92.5,93.0,80.0,71.9,Good (Prasanna)
HS-SYNTH-0034,Synthetic Evaluation Record (Simulated Cohort),40,Male,174.8,42.2,13.8,Underweight,Freelancer / Creative,5.6,1.5,7.09,01:30 AM,07:06 AM,Poor,9.0,11.8,12.0,0.9,Regular,13.0,7,Neutral,False,False,Low,High,High,Regular,Arthritis,60.9,16.5,41.7,45.0,75.0,10.0,40.0,Needs Attention (Hina Vihara)
HS-SYNTH-0035,Synthetic Evaluation Record (Simulated Cohort),39,Female,168.9,83.6,29.3,Overweight,Working Professional (IT/Corporate),5.3,1.5,6.78,01:30 AM,06:47 AM,Poor,7.5,5.5,8.0,2.3,Irregular,38.0,6,Low,False,False,Low,High,High,Irregular,Hypertension,56.3,42.4,47.0,76.9,60.0,10.0,46.1,Needs Attention (Hina Vihara)
HS-SYNTH-0036,Synthetic Evaluation Record (Simulated Cohort),25,Female,168.0,62.3,22.1,Normal,Self-Employed / Business,7.9,22.25,6.16,10:15 PM,06:10 AM,Good,8.7,2.5,33.0,2.4,Regular,79.0,3,Neutral,True,True,High,Medium,Medium,Regular,Anxiety/stress-related concerns,87.9,81.3,73.5,99.7,90.0,80.0,83.8,Good (Prasanna)
HS-SYNTH-0037,Synthetic Evaluation Record (Simulated Cohort),37,Female,164.5,54.5,20.1,Normal,Self-Employed / Business,7.2,22.27,5.51,10:16 PM,05:31 AM,Good,8.2,5.4,66.0,3.0,Regular,43.0,4,Neutral,True,True,Low,Medium,Low,Regular,Diabetes,87.9,100.0,66.0,97.2,100.0,55.0,82.2,Good (Prasanna)
HS-SYNTH-0038,Synthetic Evaluation Record (Simulated Cohort),56,Male,163.8,66.3,24.7,Normal,Homemaker,7.8,22.42,6.19,10:25 PM,06:11 AM,Good,7.4,3.2,71.0,2.6,Regular,28.0,5,Neutral,True,True,Medium,Medium,Medium,Regular,None,87.9,98.0,58.5,89.3,100.0,65.0,81.3,Good (Prasanna)
HS-SYNTH-0039,Synthetic Evaluation Record (Simulated Cohort),39,Male,169.7,48.3,16.8,Underweight,Student,7.7,2.0,9.73,02:00 AM,09:44 AM,Poor,10.9,9.3,12.0,2.4,Irregular,23.0,7,Neutral,False,True,Low,Medium,Low,Irregular,None,82.5,36.5,41.7,97.5,48.8,55.0,58.6,Moderate (Madhyama)
HS-SYNTH-0040,Synthetic Evaluation Record (Simulated Cohort),32,Female,173.7,77.5,25.7,Overweight,Student,7.5,22.68,6.2,10:41 PM,06:12 AM,Good,7.5,3.5,49.0,2.0,Regular,44.0,3,Good,False,True,High,Low,Low,Regular,None,87.9,100.0,73.2,64.1,100.0,100.0,88.4,Excellent (Svastha)
HS-SYNTH-0041,Synthetic Evaluation Record (Simulated Cohort),46,Female,164.2,58.1,21.5,Normal,Healthcare Worker,8.0,22.91,6.9,10:54 PM,06:54 AM,Good,8.2,6.3,57.0,3.0,Regular,41.0,3,Good,True,True,Medium,Medium,Low,Regular,None,87.9,100.0,75.0,97.6,93.0,70.0,85.9,Excellent (Svastha)
HS-SYNTH-0042,Synthetic Evaluation Record (Simulated Cohort),44,Male,159.4,63.0,24.8,Normal,Working Professional (IT/Corporate),5.7,2.0,7.7,02:00 AM,07:42 AM,Poor,10.4,5.9,54.0,1.0,Regular,45.0,7,Neutral,False,True,High,Medium,Medium,Regular,None,62.5,100.0,41.7,37.7,96.8,80.0,69.9,Moderate (Madhyama)
HS-SYNTH-0043,Synthetic Evaluation Record (Simulated Cohort),22,Male,167.3,85.8,30.7,Obesity Range,Student,7.7,2.0,9.71,02:00 AM,09:43 AM,Moderate,8.5,6.5,42.0,2.0,Irregular,25.0,4,Neutral,True,True,Low,Medium,Medium,Irregular,None,85.5,90.3,66.0,59.6,53.0,50.0,69.6,Moderate (Madhyama)
HS-SYNTH-0044,Synthetic Evaluation Record (Simulated Cohort),51,Male,149.6,53.1,23.7,Normal,Working Professional (IT/Corporate),7.0,22.74,5.7,10:44 PM,05:42 AM,Good,8.5,4.5,44.0,2.9,Regular,23.0,3,Good,True,False,High,Low,Low,Regular,None,87.9,91.4,75.0,99.8,100.0,80.0,87.2,Excellent (Svastha)
HS-SYNTH-0045,Synthetic Evaluation Record (Simulated Cohort),28,Female,171.7,76.1,25.8,Overweight,Freelancer / Creative,4.7,1.5,6.18,01:30 AM,06:11 AM,Poor,10.4,13.2,16.0,0.8,Irregular,17.0,7,Neutral,False,False,Medium,Low,High,Irregular,Hypertension,47.1,21.1,41.7,28.6,41.8,47.0,38.8,Needs Attention (Hina Vihara)
HS-SYNTH-0046,Synthetic Evaluation Record (Simulated Cohort),49,Female,171.9,73.8,25.0,Overweight,Healthcare Worker,7.1,22.45,5.54,10:27 PM,05:33 AM,Good,6.1,3.9,45.0,3.3,Regular,32.0,3,Good,True,True,High,Medium,Low,Regular,None,87.9,100.0,75.0,98.6,100.0,85.0,89.5,Excellent (Svastha)
HS-SYNTH-0047,Synthetic Evaluation Record (Simulated Cohort),54,Male,163.6,68.9,25.7,Overweight,Healthcare Worker,7.4,22.27,5.71,10:16 PM,05:42 AM,Good,7.8,4.0,48.0,2.5,Regular,39.0,4,Good,True,True,Medium,Medium,Low,Regular,None,87.9,100.0,67.5,88.9,100.0,70.0,84.3,Good (Prasanna)
HS-SYNTH-0048,Synthetic Evaluation Record (Simulated Cohort),30,Female,167.7,67.5,24.0,Normal,Self-Employed / Business,5.1,2.0,7.1,02:00 AM,07:06 AM,Moderate,10.7,6.9,35.0,1.9,Regular,33.0,5,Neutral,False,False,Low,High,Medium,Regular,None,56.2,84.4,56.7,71.6,87.4,10.0,58.3,Moderate (Madhyama)
HS-SYNTH-0049,Synthetic Evaluation Record (Simulated Cohort),40,Male,176.8,50.2,16.1,Underweight,Homemaker,6.0,2.0,7.99,02:00 AM,07:59 AM,Good,7.8,3.0,43.0,2.7,Regular,5.0,4,Good,True,True,Low,High,Medium,Regular,None,72.5,71.9,67.5,96.5,100.0,30.0,69.4,Moderate (Madhyama)
HS-SYNTH-0050,Synthetic Evaluation Record (Simulated Cohort),40,Female,171.9,65.9,22.3,Normal,Healthcare Worker,8.6,2.0,10.63,02:00 AM,10:38 AM,Moderate,9.6,6.1,17.0,1.7,Irregular,26.0,5,Neutral,False,True,High,Low,High,Irregular,Asthma,84.2,52.4,56.7,69.4,43.0,82.0,66.2,Moderate (Madhyama)
HS-SYNTH-0051,Synthetic Evaluation Record (Simulated Cohort),25,Male,177.2,72.4,23.1,Normal,Educator / Academic,5.5,2.0,7.47,02:00 AM,07:28 AM,Poor,6.8,9.7,29.0,1.2,Regular,27.0,4,Neutral,False,True,Medium,Low,Low,Regular,None,59.4,65.3,64.2,43.2,94.0,85.0,68.6,Moderate (Madhyama)
HS-SYNTH-0052,Synthetic Evaluation Record (Simulated Cohort),53,Male,170.3,68.3,23.6,Normal,Student,7.6,22.11,5.7,10:07 PM,05:42 AM,Moderate,7.5,3.4,68.0,3.0,Regular,37.0,3,Neutral,True,True,Medium,Low,Low,Regular,None,85.5,100.0,73.5,99.8,100.0,85.0,88.8,Excellent (Svastha)
HS-SYNTH-0053,Synthetic Evaluation Record (Simulated Cohort),26,Female,163.4,76.9,28.8,Overweight,Working Professional (IT/Corporate),7.1,1.5,8.56,01:30 AM,08:34 AM,Poor,12.2,9.4,20.0,2.0,Irregular,9.0,9,Neutral,True,False,Medium,High,High,Irregular,Migraine,82.5,34.5,28.5,70.0,37.9,12.0,43.8,Needs Attention (Hina Vihara)
HS-SYNTH-0054,Synthetic Evaluation Record (Simulated Cohort),29,Male,160.1,61.7,24.1,Normal,Educator / Academic,6.2,2.0,8.25,02:00 AM,08:15 AM,Good,6.1,5.5,41.0,2.8,Irregular,60.0,5,Neutral,True,False,High,Medium,Low,Irregular,None,75.6,93.8,58.5,98.5,60.0,65.0,74.0,Good (Prasanna)
HS-SYNTH-0055,Synthetic Evaluation Record (Simulated Cohort),20,Male,171.2,77.8,26.5,Overweight,Student,5.4,1.5,6.87,01:30 AM,06:52 AM,Poor,7.2,12.4,14.0,2.6,Regular,0.0,6,Neutral,False,True,Medium,High,High,Regular,Thyroid disorder,57.9,5.0,49.2,98.9,85.0,32.0,49.3,Needs Attention (Hina Vihara)
HS-SYNTH-0056,Synthetic Evaluation Record (Simulated Cohort),41,Male,165.8,79.9,29.1,Overweight,Homemaker,7.2,2.0,9.2,02:00 AM,09:12 AM,Moderate,4.0,6.9,9.0,2.3,Regular,31.0,5,Neutral,False,True,High,Low,High,Regular,None,85.5,44.0,56.7,80.1,93.0,82.0,72.0,Good (Prasanna)
HS-SYNTH-0057,Synthetic Evaluation Record (Simulated Cohort),33,Female,176.0,64.1,20.7,Normal,Student,4.4,1.5,5.9,01:30 AM,05:54 AM,Moderate,8.2,9.7,25.0,2.3,Regular,27.0,7,Neutral,False,False,Low,Medium,Medium,Regular,Migraine,45.5,59.1,41.7,99.2,94.0,30.0,55.6,Moderate (Madhyama)
HS-SYNTH-0058,Synthetic Evaluation Record (Simulated Cohort),47,Male,172.6,66.1,22.2,Normal,Healthcare Worker,6.7,2.0,8.69,02:00 AM,08:41 AM,Poor,8.3,7.3,28.0,2.8,Irregular,5.0,9,Neutral,True,True,Medium,Medium,Low,Irregular,Anxiety/stress-related concerns,77.9,48.6,28.5,98.8,53.0,70.0,60.4,Moderate (Madhyama)
HS-SYNTH-0059,Synthetic Evaluation Record (Simulated Cohort),27,Female,166.5,72.6,26.2,Overweight,Working Professional (IT/Corporate),6.6,1.5,8.08,01:30 AM,08:05 AM,Good,9.5,12.4,27.0,1.9,Irregular,11.0,7,Good,False,False,Low,High,Medium,Irregular,None,81.7,35.4,43.2,68.7,35.0,10.0,45.9,Needs Attention (Hina Vihara)
HS-SYNTH-0060,Synthetic Evaluation Record (Simulated Cohort),24,Female,175.0,64.2,21.0,Normal,Student,7.0,2.0,8.97,02:00 AM,08:58 AM,Moderate,7.6,8.2,51.0,1.4,Regular,34.0,6,Neutral,True,False,Low,Medium,Low,Regular,None,85.5,99.2,51.0,52.4,93.0,35.0,69.6,Moderate (Madhyama)
HS-SYNTH-0061,Synthetic Evaluation Record (Simulated Cohort),42,Female,153.0,61.3,26.2,Overweight,Self-Employed / Business,6.8,22.1,4.92,10:06 PM,04:55 AM,Moderate,9.0,6.0,35.0,3.5,Regular,55.0,2,Good,True,True,Medium,Low,Low,Regular,None,82.4,84.4,82.5,93.2,90.0,85.0,85.2,Excellent (Svastha)
HS-SYNTH-0062,Synthetic Evaluation Record (Simulated Cohort),36,Female,172.4,71.7,24.1,Normal,Freelancer / Creative,8.1,22.54,6.6,10:32 PM,06:36 AM,Moderate,7.3,5.5,44.0,2.2,Regular,27.0,2,Neutral,True,True,Medium,Low,Medium,Regular,None,85.5,95.4,81.0,76.5,100.0,80.0,86.2,Excellent (Svastha)
HS-SYNTH-0063,Synthetic Evaluation Record (Simulated Cohort),46,Male,158.3,69.0,27.5,Overweight,Freelancer / Creative,8.7,22.51,7.22,10:31 PM,07:13 AM,Moderate,5.9,5.3,45.0,2.8,Regular,43.0,5,Low,True,False,High,Medium,Medium,Regular,None,83.0,100.0,56.2,100.0,100.0,60.0,80.3,Good (Prasanna)
HS-SYNTH-0064,Synthetic Evaluation Record (Simulated Cohort),29,Female,158.0,61.7,24.7,Normal,Student,5.2,1.5,6.65,01:30 AM,06:39 AM,Moderate,12.2,7.3,18.0,1.3,Irregular,37.0,6,Low,False,False,Low,Low,Low,Irregular,Migraine,57.8,58.0,47.0,56.3,35.4,50.0,51.4,Needs Attention (Hina Vihara)
HS-SYNTH-0065,Synthetic Evaluation Record (Simulated Cohort),31,Female,166.2,87.2,31.6,Obesity Range,Self-Employed / Business,7.1,23.2,6.32,11:12 PM,06:19 AM,Good,8.5,6.1,50.0,2.4,Regular,20.0,4,Neutral,True,True,Medium,Low,Low,Regular,None,87.9,90.0,66.0,69.2,93.0,85.0,82.1,Good (Prasanna)
HS-SYNTH-0066,Synthetic Evaluation Record (Simulated Cohort),36,Male,169.6,62.8,21.8,Normal,Student,6.4,1.5,7.87,01:30 AM,07:52 AM,Moderate,9.1,6.0,0.0,1.0,Regular,15.0,7,Low,False,True,High,High,High,Regular,Diabetes,76.3,15.0,39.5,45.5,90.0,47.0,51.2,Needs Attention (Hina Vihara)
HS-SYNTH-0067,Synthetic Evaluation Record (Simulated Cohort),37,Female,166.8,67.5,24.3,Normal,Educator / Academic,7.1,22.26,5.31,10:16 PM,05:19 AM,Good,6.7,5.7,35.0,2.7,Regular,52.0,2,Good,True,True,Medium,Low,Low,Regular,None,87.9,84.4,82.5,99.8,100.0,85.0,88.3,Excellent (Svastha)
HS-SYNTH-0068,Synthetic Evaluation Record (Simulated Cohort),42,Female,150.5,68.6,30.3,Obesity Range,Student,6.9,21.5,4.44,09:30 PM,04:26 AM,Good,8.3,4.8,49.0,2.6,Regular,34.0,4,Good,True,True,Medium,Medium,Medium,Regular,Hypertension,86.4,100.0,67.5,99.1,100.0,65.0,84.1,Good (Prasanna)
HS-SYNTH-0069,Synthetic Evaluation Record (Simulated Cohort),32,Female,172.4,68.3,23.0,Normal,Self-Employed / Business,5.8,2.0,7.81,02:00 AM,07:48 AM,Moderate,6.2,7.0,35.0,2.0,Regular,33.0,7,Low,False,True,Medium,Low,High,Regular,None,67.0,84.4,39.5,74.6,93.0,67.0,68.5,Moderate (Madhyama)
HS-SYNTH-0070,Synthetic Evaluation Record (Simulated Cohort),38,Female,166.4,64.5,23.3,Normal,Educator / Academic,5.2,2.0,7.16,02:00 AM,07:09 AM,Moderate,7.0,5.4,60.0,2.0,Irregular,5.0,7,Neutral,True,True,High,Medium,Low,Irregular,Diabetes,57.8,75.0,43.5,72.5,60.0,85.0,64.7,Moderate (Madhyama)
HS-SYNTH-0071,Synthetic Evaluation Record (Simulated Cohort),38,Female,175.5,50.6,16.4,Underweight,Educator / Academic,6.5,22.87,5.37,10:52 PM,05:22 AM,Moderate,7.4,6.0,37.0,2.1,Regular,58.0,2,Good,True,True,High,Low,Low,Regular,None,77.8,87.6,82.5,99.9,100.0,100.0,89.4,Excellent (Svastha)
HS-SYNTH-0072,Synthetic Evaluation Record (Simulated Cohort),23,Female,169.7,78.8,27.4,Overweight,Self-Employed / Business,6.5,2.0,8.47,02:00 AM,08:28 AM,Moderate,8.0,10.5,18.0,1.8,Regular,36.0,3,Good,False,False,Medium,High,Low,Regular,Hypertension,77.8,48.0,73.2,61.9,90.0,30.0,62.8,Moderate (Madhyama)
HS-SYNTH-0073,Synthetic Evaluation Record (Simulated Cohort),20,Female,168.9,65.2,22.9,Normal,Self-Employed / Business,7.5,2.0,9.49,02:00 AM,09:29 AM,Good,4.0,6.3,3.0,1.9,Irregular,23.0,7,Good,True,False,Medium,Low,Low,Irregular,Hypertension,87.9,27.7,45.0,82.4,53.0,65.0,59.6,Moderate (Madhyama)
HS-SYNTH-0074,Synthetic Evaluation Record (Simulated Cohort),53,Female,144.1,69.0,33.2,Obesity Range,Self-Employed / Business,6.9,2.0,8.86,02:00 AM,08:52 AM,Good,6.1,3.3,53.0,2.2,Irregular,23.0,4,Low,False,False,High,Low,High,Irregular,None,86.4,93.0,62.0,77.0,60.0,62.0,74.2,Good (Prasanna)
HS-SYNTH-0075,Synthetic Evaluation Record (Simulated Cohort),23,Male,167.8,76.9,27.3,Overweight,Student,5.5,1.5,7.02,01:30 AM,07:01 AM,Poor,8.0,8.7,25.0,1.7,Irregular,39.0,8,Low,True,True,Medium,Low,Medium,Irregular,None,59.4,66.1,33.8,58.6,59.0,80.0,59.1,Moderate (Madhyama)
HS-SYNTH-0076,Synthetic Evaluation Record (Simulated Cohort),39,Female,167.6,94.5,33.6,Obesity Range,Student,4.7,1.5,6.21,01:30 AM,06:13 AM,Moderate,10.0,5.8,0.0,2.0,Regular,2.0,8,Low,False,False,Low,High,High,Regular,Thyroid disorder,50.1,5.0,31.9,60.5,90.0,10.0,37.0,Needs Attention (Hina Vihara)
HS-SYNTH-0077,Synthetic Evaluation Record (Simulated Cohort),37,Female,164.6,58.7,21.7,Normal,Freelancer / Creative,7.1,1.5,8.63,01:30 AM,08:38 AM,Moderate,8.2,9.2,27.0,1.8,Irregular,3.0,7,Neutral,False,False,Medium,Medium,Medium,Irregular,Arthritis,85.5,40.2,41.7,79.0,56.5,45.0,57.2,Moderate (Madhyama)
HS-SYNTH-0078,Synthetic Evaluation Record (Simulated Cohort),42,Male,180.9,72.5,22.2,Normal,Freelancer / Creative,8.0,21.5,5.51,09:30 PM,05:31 AM,Good,7.7,5.1,57.0,2.9,Regular,57.0,4,Good,True,True,Medium,Low,Medium,Regular,Hypertension,87.9,100.0,67.5,99.5,100.0,80.0,87.2,Excellent (Svastha)
HS-SYNTH-0079,Synthetic Evaluation Record (Simulated Cohort),24,Male,155.8,85.2,35.1,Obesity Range,Working Professional (IT/Corporate),5.3,1.5,6.8,01:30 AM,06:48 AM,Moderate,9.7,7.6,37.0,2.6,Irregular,31.0,9,Neutral,False,False,Medium,Low,Low,Irregular,Digestive problems,59.3,87.6,26.7,79.0,43.0,65.0,58.9,Moderate (Madhyama)
HS-SYNTH-0080,Synthetic Evaluation Record (Simulated Cohort),49,Male,155.7,64.9,26.8,Overweight,Healthcare Worker,5.8,2.0,7.81,02:00 AM,07:49 AM,Poor,8.9,4.0,33.0,2.4,Irregular,53.0,3,Neutral,True,True,High,Medium,Medium,Irregular,None,64.0,81.3,73.5,99.3,50.0,80.0,73.7,Good (Prasanna)
HS-SYNTH-0081,Synthetic Evaluation Record (Simulated Cohort),24,Female,182.2,79.1,23.8,Normal,Student,7.9,22.5,6.36,10:30 PM,06:21 AM,Good,6.9,3.2,25.0,2.0,Regular,50.0,3,Good,True,True,High,Medium,Medium,Regular,None,87.9,68.9,75.0,67.2,100.0,80.0,79.9,Good (Prasanna)
HS-SYNTH-0082,Synthetic Evaluation Record (Simulated Cohort),33,Male,174.1,84.7,27.9,Overweight,Student,5.7,1.5,7.21,01:30 AM,07:13 AM,Poor,10.0,8.4,5.0,1.2,Regular,12.0,9,Neutral,True,False,Low,Low,High,Regular,Migraine,62.5,18.2,28.5,39.9,83.0,32.0,42.4,Needs Attention (Hina Vihara)
HS-SYNTH-0083,Synthetic Evaluation Record (Simulated Cohort),28,Female,167.6,68.6,24.4,Normal,Freelancer / Creative,6.7,22.14,4.8,10:08 PM,04:48 AM,Good,6.4,5.5,25.0,3.6,Regular,41.0,3,Neutral,True,True,Medium,Low,Medium,Regular,None,83.3,68.9,73.5,96.0,100.0,80.0,81.4,Good (Prasanna)
HS-SYNTH-0084,Synthetic Evaluation Record (Simulated Cohort),55,Female,168.6,60.7,21.4,Normal,Healthcare Worker,7.1,22.44,5.55,10:27 PM,05:33 AM,Good,6.2,4.7,38.0,3.4,Regular,67.0,2,Good,True,True,High,Low,Low,Regular,Hypertension,87.9,89.1,82.5,95.4,100.0,100.0,91.4,Excellent (Svastha)
HS-SYNTH-0085,Synthetic Evaluation Record (Simulated Cohort),26,Male,177.3,60.8,19.3,Normal,Working Professional (IT/Corporate),4.5,1.5,6.0,01:30 AM,06:00 AM,Moderate,9.1,6.0,26.0,1.7,Regular,13.0,10,Low,False,False,Low,High,High,Regular,Migraine,47.0,53.4,16.9,72.5,90.0,10.0,43.2,Needs Attention (Hina Vihara)
HS-SYNTH-0086,Synthetic Evaluation Record (Simulated Cohort),49,Male,177.7,68.8,21.8,Normal,Self-Employed / Business,8.1,22.3,6.36,10:18 PM,06:22 AM,Good,8.0,3.8,35.0,3.0,Regular,35.0,2,Neutral,False,True,Medium,Low,Medium,Regular,None,87.9,84.4,79.2,98.6,100.0,80.0,86.6,Excellent (Svastha)
HS-SYNTH-0087,Synthetic Evaluation Record (Simulated Cohort),30,Male,165.3,72.0,26.4,Overweight,Freelancer / Creative,5.4,2.0,7.43,02:00 AM,07:26 AM,Good,5.9,6.0,31.0,1.9,Irregular,52.0,6,Good,True,False,Low,High,High,Irregular,Migraine,63.3,78.2,52.5,68.4,60.0,10.0,54.3,Needs Attention (Hina Vihara)
HS-SYNTH-0088,Synthetic Evaluation Record (Simulated Cohort),32,Male,147.9,58.5,26.7,Overweight,Educator / Academic,8.4,22.39,6.77,10:23 PM,06:46 AM,Good,8.0,3.8,37.0,2.4,Regular,30.0,1,Good,True,True,Medium,Medium,Low,Regular,Anxiety/stress-related concerns,87.9,87.6,90.0,99.8,100.0,70.0,87.7,Excellent (Svastha)
HS-SYNTH-0089,Synthetic Evaluation Record (Simulated Cohort),41,Male,177.8,53.9,17.1,Underweight,Working Professional (IT/Corporate),7.4,22.66,6.02,10:40 PM,06:01 AM,Good,8.4,3.2,47.0,3.4,Regular,25.0,2,Low,True,True,High,Medium,Medium,Regular,Hypertension,87.9,95.0,78.8,90.4,100.0,80.0,87.6,Excellent (Svastha)
HS-SYNTH-0090,Synthetic Evaluation Record (Simulated Cohort),36,Male,172.1,87.9,29.7,Overweight,Homemaker,6.5,2.0,8.45,02:00 AM,08:27 AM,Moderate,8.3,8.5,35.0,2.1,Irregular,22.0,3,Low,False,False,Medium,High,Medium,Irregular,Migraine,77.8,74.4,69.5,62.3,53.0,25.0,61.5,Moderate (Madhyama)
HS-SYNTH-0091,Synthetic Evaluation Record (Simulated Cohort),38,Other,157.6,78.9,31.8,Obesity Range,Homemaker,6.0,2.0,8.01,02:00 AM,08:01 AM,Good,8.6,5.3,14.0,2.2,Irregular,5.0,5,Neutral,True,True,Medium,Low,High,Irregular,Hypertension,72.5,26.8,58.5,76.4,50.0,67.0,58.2,Moderate (Madhyama)
HS-SYNTH-0092,Synthetic Evaluation Record (Simulated Cohort),37,Female,162.0,48.8,18.6,Normal,Student,8.1,22.06,6.17,10:03 PM,06:10 AM,Good,6.3,5.7,44.0,2.0,Regular,43.0,5,Low,False,True,High,Low,Medium,Regular,None,87.9,98.4,54.5,99.6,100.0,95.0,87.0,Excellent (Svastha)
HS-SYNTH-0093,Synthetic Evaluation Record (Simulated Cohort),33,Male,162.9,63.1,23.8,Normal,Working Professional (IT/Corporate),6.5,2.0,8.51,02:00 AM,08:31 AM,Good,10.5,8.5,23.0,1.8,Regular,12.0,3,Neutral,False,True,Medium,High,Low,Regular,Diabetes,80.2,45.8,71.7,75.0,89.0,50.0,67.4,Moderate (Madhyama)
HS-SYNTH-0094,Synthetic Evaluation Record (Simulated Cohort),37,Female,153.3,38.5,16.4,Underweight,Student,6.0,2.0,7.98,02:00 AM,07:59 AM,Moderate,12.0,5.2,51.0,2.2,Irregular,18.0,6,Neutral,True,True,Medium,Low,Medium,Irregular,None,70.1,88.0,51.0,98.8,44.0,80.0,71.0,Good (Prasanna)
HS-SYNTH-0095,Synthetic Evaluation Record (Simulated Cohort),39,Female,162.1,67.8,25.8,Overweight,Freelancer / Creative,6.3,2.0,8.28,02:00 AM,08:17 AM,Moderate,10.7,5.2,36.0,2.6,Irregular,38.0,3,Neutral,False,False,Medium,High,Low,Irregular,Arthritis,74.7,86.0,71.7,99.7,54.4,30.0,68.2,Moderate (Madhyama)
HS-SYNTH-0096,Synthetic Evaluation Record (Simulated Cohort),39,Male,176.6,77.1,24.7,Normal,Working Professional (IT/Corporate),5.2,1.5,6.7,01:30 AM,06:42 AM,Moderate,10.9,9.0,0.0,1.3,Regular,10.0,9,Neutral,False,False,Medium,High,Medium,Regular,None,57.8,6.0,26.7,48.2,90.3,25.0,39.3,Needs Attention (Hina Vihara)
HS-SYNTH-0097,Synthetic Evaluation Record (Simulated Cohort),25,Female,178.3,71.4,22.5,Normal,Working Professional (IT/Corporate),6.1,1.5,7.59,01:30 AM,07:35 AM,Poor,9.2,7.4,13.0,1.0,Irregular,25.0,7,Low,True,False,Medium,High,Medium,Irregular,Hypertension,68.6,45.2,41.2,38.4,43.0,25.0,45.0,Needs Attention (Hina Vihara)
HS-SYNTH-0098,Synthetic Evaluation Record (Simulated Cohort),44,Female,164.5,63.3,23.4,Normal,Working Professional (IT/Corporate),7.9,21.5,5.45,09:30 PM,05:27 AM,Good,7.9,3.6,43.0,2.8,Regular,20.0,3,Low,True,True,High,Low,Medium,Regular,None,87.9,86.9,71.2,98.9,100.0,95.0,88.2,Excellent (Svastha)
HS-SYNTH-0099,Synthetic Evaluation Record (Simulated Cohort),30,Male,158.7,71.7,28.5,Overweight,Freelancer / Creative,6.1,2.0,8.08,02:00 AM,08:05 AM,Moderate,7.8,7.2,10.0,1.9,Irregular,5.0,4,Good,True,False,Medium,High,Medium,Irregular,Anxiety/stress-related concerns,71.6,20.6,67.5,73.3,53.0,25.0,51.1,Needs Attention (Hina Vihara)
HS-SYNTH-0100,Synthetic Evaluation Record (Simulated Cohort),38,Female,156.3,65.3,26.7,Overweight,Homemaker,8.6,23.2,7.84,11:12 PM,07:50 AM,Good,7.3,6.3,29.0,2.3,Regular,21.0,2,Good,True,True,High,Low,Low,Regular,None,86.6,66.1,82.5,98.9,93.0,100.0,86.5,Excellent (Svastha)
HS-SYNTH-0101,Synthetic Evaluation Record (Simulated Cohort),38,Male,176.9,81.6,26.1,Overweight,Working Professional (IT/Corporate),6.9,22.65,5.51,10:39 PM,05:31 AM,Good,7.5,4.1,25.0,2.7,Regular,44.0,5,Good,True,True,Medium,Medium,Low,Regular,Arthritis,86.4,68.9,60.0,88.1,100.0,70.0,76.8,Good (Prasanna)
HS-SYNTH-0102,Synthetic Evaluation Record (Simulated Cohort),35,Male,165.9,71.3,25.9,Overweight,Working Professional (IT/Corporate),6.9,2.0,8.88,02:00 AM,08:53 AM,Moderate,6.4,5.3,19.0,2.9,Irregular,5.0,9,Neutral,False,False,Medium,High,High,Irregular,Anxiety/stress-related concerns,84.0,34.6,26.7,98.8,60.0,12.0,49.3,Needs Attention (Hina Vihara)
HS-SYNTH-0103,Synthetic Evaluation Record (Simulated Cohort),28,Female,177.3,67.5,21.5,Normal,Student,5.7,1.5,7.18,01:30 AM,07:11 AM,Poor,10.5,9.2,15.0,1.5,Regular,26.0,9,Neutral,True,True,Low,High,Medium,Regular,Anxiety/stress-related concerns,62.5,44.5,28.5,60.3,92.5,30.0,50.0,Needs Attention (Hina Vihara)
HS-SYNTH-0104,Synthetic Evaluation Record (Simulated Cohort),38,Female,163.7,80.3,30.0,Obesity Range,Working Professional (IT/Corporate),6.3,1.5,7.76,01:30 AM,07:46 AM,Poor,10.7,10.2,29.0,2.1,Irregular,19.0,9,Low,False,True,Low,Medium,Low,Irregular,None,71.7,55.3,24.4,68.8,45.9,55.0,52.9,Needs Attention (Hina Vihara)
HS-SYNTH-0105,Synthetic Evaluation Record (Simulated Cohort),50,Female,159.6,70.7,27.8,Overweight,Self-Employed / Business,6.1,2.0,8.08,02:00 AM,08:05 AM,Moderate,8.8,5.1,10.0,2.5,Irregular,21.0,7,Neutral,True,True,Low,Medium,High,Irregular,None,71.6,36.6,43.5,99.7,50.0,37.0,53.7,Needs Attention (Hina Vihara)
HS-SYNTH-0106,Synthetic Evaluation Record (Simulated Cohort),38,Female,162.4,77.0,29.2,Overweight,Student,6.4,1.5,7.91,01:30 AM,07:55 AM,Poor,9.8,11.1,20.0,2.8,Irregular,0.0,7,Low,False,False,Low,High,High,Irregular,None,73.3,18.7,39.5,99.7,37.0,10.0,43.6,Needs Attention (Hina Vihara)
HS-SYNTH-0107,Synthetic Evaluation Record (Simulated Cohort),52,Male,158.6,79.3,31.5,Obesity Range,Student,6.6,2.0,8.6,02:00 AM,08:36 AM,Poor,9.7,4.6,15.0,2.8,Irregular,21.0,4,Neutral,False,True,High,High,Medium,Irregular,None,76.3,44.3,64.2,99.6,50.0,60.0,64.4,Moderate (Madhyama)
HS-SYNTH-0108,Synthetic Evaluation Record (Simulated Cohort),35,Male,172.6,68.2,22.9,Normal,Working Professional (IT/Corporate),7.1,2.0,9.11,02:00 AM,09:06 AM,Poor,9.0,5.9,20.0,1.6,Regular,31.0,4,Good,True,True,Medium,High,Low,Regular,None,82.5,61.1,67.5,62.7,90.0,50.0,68.7,Moderate (Madhyama)
HS-SYNTH-0109,Synthetic Evaluation Record (Simulated Cohort),53,Female,177.4,73.9,23.5,Normal,Working Professional (IT/Corporate),6.8,2.0,8.84,02:00 AM,08:51 AM,Moderate,6.5,9.1,37.0,2.5,Irregular,42.0,6,Neutral,True,True,High,Low,Medium,Irregular,None,82.4,83.2,51.0,86.4,57.0,95.0,75.9,Good (Prasanna)
HS-SYNTH-0110,Synthetic Evaluation Record (Simulated Cohort),19,Male,167.0,63.6,22.8,Normal,Educator / Academic,7.2,2.0,9.17,02:00 AM,09:10 AM,Moderate,8.5,5.4,35.0,2.0,Irregular,33.0,7,Good,True,False,Medium,High,Medium,Irregular,Thyroid disorder,85.5,84.4,45.0,79.4,60.0,25.0,62.6,Moderate (Madhyama)
HS-SYNTH-0111,Synthetic Evaluation Record (Simulated Cohort),25,Male,173.7,78.6,26.1,Overweight,Freelancer / Creative,6.2,1.5,7.69,01:30 AM,07:42 AM,Poor,9.1,9.1,27.0,1.3,Regular,0.0,8,Low,True,True,Medium,High,High,Regular,Anxiety/stress-related concerns,70.2,37.6,33.8,43.7,87.0,32.0,49.5,Needs Attention (Hina Vihara)
HS-SYNTH-0112,Synthetic Evaluation Record (Simulated Cohort),43,Female,151.6,57.9,25.2,Overweight,Self-Employed / Business,6.5,2.0,8.49,02:00 AM,08:29 AM,Moderate,6.7,6.4,40.0,2.1,Regular,22.0,4,Neutral,True,True,Medium,High,Medium,Regular,Arthritis,77.8,84.2,66.0,89.0,93.0,45.0,73.6,Good (Prasanna)
HS-SYNTH-0113,Synthetic Evaluation Record (Simulated Cohort),52,Male,178.2,55.9,17.6,Underweight,Healthcare Worker,7.2,22.43,5.61,10:26 PM,05:36 AM,Good,7.9,5.0,25.0,2.6,Regular,38.0,2,Neutral,True,True,High,High,Medium,Regular,Thyroid disorder,87.9,68.9,81.0,97.5,100.0,60.0,80.5,Good (Prasanna)
HS-SYNTH-0114,Synthetic Evaluation Record (Simulated Cohort),32,Male,186.6,49.9,14.3,Underweight,Self-Employed / Business,6.5,2.0,8.54,02:00 AM,08:32 AM,Good,6.5,7.2,30.0,2.2,Regular,49.0,3,Low,False,True,Medium,High,Medium,Regular,None,80.2,76.7,69.5,98.8,93.0,45.0,74.5,Good (Prasanna)
HS-SYNTH-0115,Synthetic Evaluation Record (Simulated Cohort),41,Female,170.8,75.4,25.8,Overweight,Homemaker,8.1,2.0,10.1,02:00 AM,10:06 AM,Moderate,9.9,5.9,17.0,2.7,Irregular,21.0,2,Neutral,False,False,High,Medium,High,Irregular,None,85.5,47.4,79.2,99.6,50.0,47.0,67.6,Moderate (Madhyama)
HS-SYNTH-0116,Synthetic Evaluation Record (Simulated Cohort),42,Female,167.5,52.1,18.6,Normal,Educator / Academic,7.2,22.78,6.02,10:47 PM,06:01 AM,Moderate,8.4,4.5,45.0,2.8,Regular,20.0,6,Good,True,True,Medium,Low,Low,Regular,None,85.5,90.0,52.5,96.6,100.0,85.0,82.5,Good (Prasanna)
HS-SYNTH-0117,Synthetic Evaluation Record (Simulated Cohort),47,Male,176.1,64.0,20.6,Normal,Healthcare Worker,7.1,2.0,9.14,02:00 AM,09:08 AM,Poor,6.0,7.8,60.0,1.8,Regular,5.0,8,Neutral,False,True,Medium,High,High,Regular,Asthma,82.5,75.0,34.2,65.7,93.0,32.0,62.0,Moderate (Madhyama)
HS-SYNTH-0118,Synthetic Evaluation Record (Simulated Cohort),38,Male,160.1,58.3,22.7,Normal,Educator / Academic,7.4,2.0,9.42,02:00 AM,09:25 AM,Poor,5.5,9.0,42.0,1.9,Irregular,11.0,5,Good,True,False,High,Medium,High,Irregular,None,82.5,72.3,60.0,79.5,57.5,47.0,66.5,Moderate (Madhyama)
HS-SYNTH-0119,Synthetic Evaluation Record (Simulated Cohort),39,Female,175.6,43.5,14.1,Underweight,Student,7.5,1.5,9.0,01:30 AM,09:00 AM,Poor,11.6,7.3,8.0,1.4,Irregular,15.0,7,Neutral,True,True,Low,High,High,Irregular,Digestive problems,82.5,27.4,43.5,70.0,40.2,17.0,46.7,Needs Attention (Hina Vihara)
HS-SYNTH-0120,Synthetic Evaluation Record (Simulated Cohort),51,Female,159.3,55.7,21.9,Normal,Student,7.4,21.99,5.37,09:59 PM,05:22 AM,Good,6.1,4.2,49.0,3.2,Regular,35.0,2,Good,True,True,Medium,Low,Low,Regular,None,87.9,100.0,82.5,97.1,100.0,85.0,90.8,Excellent (Svastha)
HS-SYNTH-0121,Synthetic Evaluation Record (Simulated Cohort),38,Male,158.7,67.0,26.6,Overweight,Educator / Academic,8.5,22.56,7.03,10:33 PM,07:02 AM,Good,6.3,4.6,41.0,2.7,Regular,37.0,3,Neutral,True,True,High,Low,Low,Regular,Diabetes,87.9,93.8,73.5,99.9,100.0,100.0,90.9,Excellent (Svastha)
HS-SYNTH-0122,Synthetic Evaluation Record (Simulated Cohort),19,Female,170.1,61.1,21.1,Normal,Working Professional (IT/Corporate),5.8,2.0,7.82,02:00 AM,07:49 AM,Poor,5.3,5.9,46.0,2.4,Irregular,33.0,5,Low,False,False,High,Low,High,Irregular,None,64.0,100.0,54.5,99.4,60.0,62.0,71.3,Good (Prasanna)
HS-SYNTH-0123,Synthetic Evaluation Record (Simulated Cohort),29,Male,159.1,57.9,22.9,Normal,Freelancer / Creative,6.1,1.5,7.64,01:30 AM,07:38 AM,Moderate,10.5,6.3,30.0,1.8,Irregular,11.0,8,Neutral,False,True,Low,High,Medium,Irregular,Diabetes,71.6,57.7,34.2,79.1,49.0,30.0,52.2,Needs Attention (Hina Vihara)
HS-SYNTH-0124,Synthetic Evaluation Record (Simulated Cohort),20,Female,159.1,84.8,33.5,Obesity Range,Student,5.7,1.5,7.16,01:30 AM,07:10 AM,Good,11.6,10.9,1.0,2.0,Irregular,30.0,7,Low,False,True,Low,High,Low,Irregular,None,67.9,20.0,39.5,67.2,35.2,35.0,43.7,Needs Attention (Hina Vihara)
HS-SYNTH-0125,Synthetic Evaluation Record (Simulated Cohort),23,Other,174.0,78.4,25.9,Overweight,Student,4.6,2.0,6.57,02:00 AM,06:34 AM,Moderate,6.5,5.3,0.0,2.0,Regular,39.0,3,Good,False,True,Low,High,Medium,Regular,None,48.5,30.0,73.2,72.9,100.0,30.0,55.4,Moderate (Madhyama)
HS-SYNTH-0126,Synthetic Evaluation Record (Simulated Cohort),23,Female,158.9,77.1,30.5,Obesity Range,Working Professional (IT/Corporate),6.6,23.2,5.81,11:12 PM,05:48 AM,Good,8.3,7.5,77.0,2.2,Regular,20.0,5,Neutral,True,True,High,Low,High,Regular,None,81.7,90.0,58.5,65.9,93.0,82.0,78.4,Good (Prasanna)
HS-SYNTH-0127,Synthetic Evaluation Record (Simulated Cohort),50,Male,158.2,65.4,26.1,Overweight,Homemaker,6.9,2.0,8.95,02:00 AM,08:57 AM,Moderate,7.2,3.6,61.0,2.9,Regular,6.0,6,Neutral,True,True,High,Medium,Low,Regular,None,84.0,76.0,51.0,99.5,100.0,85.0,79.6,Good (Prasanna)
HS-SYNTH-0128,Synthetic Evaluation Record (Simulated Cohort),35,Male,181.6,66.4,20.1,Normal,Freelancer / Creative,7.3,1.5,8.75,01:30 AM,08:45 AM,Poor,10.2,9.6,16.0,2.1,Irregular,20.0,6,Neutral,False,False,Low,Medium,High,Irregular,Migraine,82.5,38.5,49.2,85.5,52.9,17.0,52.9,Needs Attention (Hina Vihara)
HS-SYNTH-0129,Synthetic Evaluation Record (Simulated Cohort),20,Male,176.0,67.2,21.7,Normal,Student,6.7,1.5,8.25,01:30 AM,08:15 AM,Poor,7.8,9.0,10.0,2.4,Regular,30.0,7,Neutral,True,False,Low,Medium,Low,Regular,None,77.9,41.6,43.5,99.8,97.5,35.0,61.3,Moderate (Madhyama)
HS-SYNTH-0130,Synthetic Evaluation Record (Simulated Cohort),19,Male,170.9,55.6,19.0,Normal,Self-Employed / Business,6.7,2.0,8.75,02:00 AM,08:45 AM,Moderate,7.4,5.4,10.0,1.6,Irregular,60.0,7,Neutral,True,False,High,Medium,High,Irregular,None,80.9,45.6,43.5,78.8,60.0,47.0,58.2,Moderate (Madhyama)
HS-SYNTH-0131,Synthetic Evaluation Record (Simulated Cohort),37,Male,162.7,73.3,27.7,Overweight,Self-Employed / Business,8.5,22.45,6.92,10:27 PM,06:55 AM,Good,7.0,2.5,42.0,2.6,Regular,34.0,1,Good,True,True,High,Low,Medium,Regular,Asthma,87.9,95.3,90.0,89.2,100.0,95.0,92.5,Excellent (Svastha)
HS-SYNTH-0132,Synthetic Evaluation Record (Simulated Cohort),39,Female,160.6,52.7,20.4,Normal,Homemaker,7.5,22.25,5.72,10:15 PM,05:43 AM,Good,6.1,5.5,43.0,2.4,Regular,29.0,2,Good,True,True,High,Low,Low,Regular,None,87.9,95.9,82.5,98.9,100.0,100.0,93.0,Excellent (Svastha)
HS-SYNTH-0133,Synthetic Evaluation Record (Simulated Cohort),19,Female,175.1,64.3,21.0,Normal,Working Professional (IT/Corporate),7.2,2.0,9.2,02:00 AM,09:12 AM,Poor,6.3,7.0,14.0,1.9,Irregular,10.0,6,Neutral,False,True,Medium,Medium,Low,Irregular,None,82.5,31.8,49.2,80.3,53.0,70.0,60.7,Moderate (Madhyama)
HS-SYNTH-0134,Synthetic Evaluation Record (Simulated Cohort),36,Male,157.1,71.5,29.0,Overweight,Healthcare Worker,8.3,22.47,6.81,10:28 PM,06:49 AM,Good,7.4,6.3,61.0,2.3,Regular,20.0,3,Good,False,True,Medium,Low,Medium,Regular,Thyroid disorder,87.9,90.0,73.2,76.4,93.0,80.0,83.4,Good (Prasanna)
HS-SYNTH-0135,Synthetic Evaluation Record (Simulated Cohort),27,Male,172.0,70.5,23.8,Normal,Freelancer / Creative,6.0,1.5,7.47,01:30 AM,07:28 AM,Poor,11.3,7.9,0.0,2.0,Irregular,9.0,6,Low,True,True,Medium,High,High,Irregular,None,67.1,9.0,48.8,81.1,42.6,32.0,45.1,Needs Attention (Hina Vihara)
HS-SYNTH-0136,Synthetic Evaluation Record (Simulated Cohort),36,Female,172.8,78.0,26.1,Overweight,Freelancer / Creative,5.1,1.5,6.64,01:30 AM,06:38 AM,Moderate,11.6,9.5,24.0,2.0,Irregular,4.0,7,Neutral,False,False,Low,Medium,High,Irregular,Anxiety/stress-related concerns,56.2,35.3,41.7,68.3,42.2,17.0,42.0,Needs Attention (Hina Vihara)
HS-SYNTH-0137,Synthetic Evaluation Record (Simulated Cohort),21,Female,167.7,77.4,27.5,Overweight,Working Professional (IT/Corporate),5.5,2.0,7.46,02:00 AM,07:28 AM,Moderate,6.2,8.2,19.0,1.5,Regular,14.0,4,Neutral,False,True,Low,Low,Medium,Regular,Arthritis,62.4,42.8,64.2,52.3,93.0,65.0,62.4,Moderate (Madhyama)
HS-SYNTH-0138,Synthetic Evaluation Record (Simulated Cohort),50,Female,156.2,76.8,31.5,Obesity Range,Homemaker,6.8,2.0,8.79,02:00 AM,08:47 AM,Moderate,6.5,5.4,12.0,2.5,Irregular,5.0,6,Neutral,False,False,High,Low,Low,Irregular,None,82.4,23.7,49.2,89.7,60.0,80.0,62.8,Moderate (Madhyama)
HS-SYNTH-0139,Synthetic Evaluation Record (Simulated Cohort),22,Female,170.1,49.9,17.2,Underweight,Homemaker,7.7,22.27,5.93,10:16 PM,05:56 AM,Good,8.2,4.4,38.0,2.9,Regular,29.0,3,Neutral,False,True,High,Medium,Medium,Regular,Anxiety/stress-related concerns,87.9,88.1,71.7,94.7,100.0,80.0,85.4,Excellent (Svastha)
HS-SYNTH-0140,Synthetic Evaluation Record (Simulated Cohort),34,Female,177.7,62.8,19.9,Normal,Student,4.2,1.5,5.67,01:30 AM,05:40 AM,Moderate,10.4,11.2,20.0,2.2,Irregular,35.0,9,Neutral,False,False,High,High,Medium,Irregular,None,42.4,48.3,26.7,99.1,43.3,40.0,45.7,Needs Attention (Hina Vihara)
HS-SYNTH-0141,Synthetic Evaluation Record (Simulated Cohort),38,Male,166.3,76.7,27.7,Overweight,Freelancer / Creative,4.5,1.5,5.98,01:30 AM,05:59 AM,Good,10.4,10.4,8.0,1.8,Irregular,35.0,7,Neutral,False,False,Low,High,High,Irregular,Asthma,49.4,32.8,41.7,65.4,47.3,10.0,39.1,Needs Attention (Hina Vihara)
HS-SYNTH-0142,Synthetic Evaluation Record (Simulated Cohort),38,Male,158.4,74.5,29.7,Overweight,Freelancer / Creative,5.4,1.5,6.94,01:30 AM,06:57 AM,Moderate,9.0,9.4,34.0,2.1,Regular,19.0,8,Good,False,False,Low,Medium,High,Regular,Anxiety/stress-related concerns,60.9,66.3,35.7,72.6,85.5,17.0,53.1,Needs Attention (Hina Vihara)
HS-SYNTH-0143,Synthetic Evaluation Record (Simulated Cohort),29,Female,159.7,62.7,24.6,Normal,Healthcare Worker,8.2,22.53,6.69,10:32 PM,06:41 AM,Good,6.4,5.5,54.0,2.3,Regular,53.0,2,Good,True,True,High,High,Low,Regular,Asthma,87.9,100.0,82.5,87.0,100.0,65.0,86.2,Excellent (Svastha)
HS-SYNTH-0144,Synthetic Evaluation Record (Simulated Cohort),39,Female,166.4,61.0,22.0,Normal,Student,5.6,1.5,7.14,01:30 AM,07:08 AM,Poor,6.9,8.0,8.0,2.2,Irregular,5.0,6,Low,False,True,Medium,Low,Medium,Irregular,None,60.9,17.4,47.0,100.0,53.0,80.0,56.7,Moderate (Madhyama)
HS-SYNTH-0145,Synthetic Evaluation Record (Simulated Cohort),45,Female,174.7,77.5,25.4,Overweight,Freelancer / Creative,7.6,21.79,5.35,09:47 PM,05:21 AM,Good,6.4,3.4,43.0,3.0,Regular,39.0,3,Good,True,True,Medium,Low,Low,Regular,Anxiety/stress-related concerns,87.9,96.9,75.0,99.7,100.0,85.0,89.0,Excellent (Svastha)
HS-SYNTH-0146,Synthetic Evaluation Record (Simulated Cohort),33,Female,163.5,76.3,28.5,Overweight,Freelancer / Creative,6.5,2.0,8.55,02:00 AM,08:33 AM,Moderate,4.0,3.9,22.0,2.7,Regular,21.0,7,Neutral,False,False,Low,Low,High,Regular,None,77.8,55.2,41.7,99.3,100.0,32.0,63.1,Moderate (Madhyama)
HS-SYNTH-0147,Synthetic Evaluation Record (Simulated Cohort),47,Male,169.7,50.4,17.5,Underweight,Homemaker,8.5,21.82,6.3,09:49 PM,06:18 AM,Moderate,6.2,5.1,31.0,2.3,Regular,47.0,2,Neutral,False,False,High,Low,Low,Regular,Hypertension,85.5,78.2,79.2,98.3,100.0,80.0,85.0,Excellent (Svastha)
HS-SYNTH-0148,Synthetic Evaluation Record (Simulated Cohort),33,Male,150.3,71.5,31.7,Obesity Range,Freelancer / Creative,7.7,21.57,5.25,09:34 PM,05:15 AM,Good,9.0,5.4,65.0,3.3,Regular,38.0,2,Neutral,True,True,Medium,Low,Low,Regular,Digestive problems,87.9,100.0,81.0,98.9,90.0,85.0,89.5,Excellent (Svastha)
HS-SYNTH-0149,Synthetic Evaluation Record (Simulated Cohort),26,Female,169.9,82.0,28.4,Overweight,Working Professional (IT/Corporate),7.6,2.0,9.55,02:00 AM,09:33 AM,Good,11.4,6.7,27.0,2.5,Regular,22.0,8,Neutral,False,True,Medium,Low,Medium,Regular,Asthma,87.9,64.0,34.2,80.8,81.8,80.0,70.0,Good (Prasanna)
HS-SYNTH-0150,Synthetic Evaluation Record (Simulated Cohort),39,Female,177.6,67.4,21.4,Normal,Student,4.4,1.5,5.9,01:30 AM,05:54 AM,Poor,8.6,9.4,0.0,2.1,Irregular,11.0,6,Neutral,False,False,Low,High,Medium,Irregular,Migraine,42.5,5.4,49.2,89.0,45.5,10.0,36.3,Needs Attention (Hina Vihara)
HS-SYNTH-0151,Synthetic Evaluation Record (Simulated Cohort),24,Female,179.8,68.5,21.2,Normal,Homemaker,5.8,2.0,7.83,02:00 AM,07:50 AM,Poor,8.2,7.0,28.0,2.2,Regular,49.0,7,Neutral,False,False,High,Medium,Medium,Regular,Anxiety/stress-related concerns,64.0,73.6,41.7,83.6,93.0,60.0,66.0,Moderate (Madhyama)
HS-SYNTH-0152,Synthetic Evaluation Record (Simulated Cohort),36,Male,179.1,66.4,20.7,Normal,Freelancer / Creative,5.2,1.5,6.67,01:30 AM,06:40 AM,Poor,9.5,9.2,0.0,1.6,Regular,10.0,6,Neutral,False,True,Low,High,Medium,Regular,None,54.8,5.2,49.2,68.8,86.5,30.0,45.5,Needs Attention (Hina Vihara)
HS-SYNTH-0153,Synthetic Evaluation Record (Simulated Cohort),38,Male,161.0,57.4,22.1,Normal,Working Professional (IT/Corporate),6.4,2.0,8.38,02:00 AM,08:23 AM,Good,9.5,4.8,23.0,2.7,Irregular,13.0,7,Neutral,True,True,Medium,High,Medium,Irregular,Arthritis,78.7,48.8,43.5,97.2,50.0,45.0,58.6,Moderate (Madhyama)
HS-SYNTH-0154,Synthetic Evaluation Record (Simulated Cohort),20,Female,152.7,69.2,29.7,Overweight,Student,4.6,1.5,6.07,01:30 AM,06:04 AM,Poor,9.7,7.0,12.0,2.1,Irregular,24.0,9,Good,False,False,Medium,High,Medium,Irregular,None,45.5,42.7,28.2,83.3,43.0,25.0,41.3,Needs Attention (Hina Vihara)
HS-SYNTH-0155,Synthetic Evaluation Record (Simulated Cohort),23,Female,156.7,65.9,26.8,Overweight,Self-Employed / Business,6.8,2.0,8.76,02:00 AM,08:46 AM,Moderate,8.1,6.1,13.0,2.1,Regular,29.0,3,Neutral,False,False,High,Medium,High,Regular,None,82.4,49.2,71.7,87.0,93.0,47.0,69.6,Moderate (Madhyama)
HS-SYNTH-0156,Synthetic Evaluation Record (Simulated Cohort),39,Female,155.8,67.2,27.7,Overweight,Student,4.5,1.5,6.03,01:30 AM,06:02 AM,Moderate,11.1,8.0,14.0,2.4,Irregular,2.0,5,Neutral,False,True,Low,Medium,High,Irregular,None,47.0,23.8,56.7,99.7,44.2,37.0,47.9,Needs Attention (Hina Vihara)
HS-SYNTH-0157,Synthetic Evaluation Record (Simulated Cohort),36,Male,160.6,72.1,28.0,Overweight,Healthcare Worker,7.3,22.51,5.79,10:31 PM,05:48 AM,Good,8.1,5.0,29.0,2.3,Regular,58.0,5,Neutral,False,True,Medium,Low,Low,Regular,Diabetes,87.9,75.1,56.7,83.2,100.0,85.0,79.8,Good (Prasanna)
HS-SYNTH-0158,Synthetic Evaluation Record (Simulated Cohort),22,Female,173.9,56.9,18.8,Normal,Freelancer / Creative,5.2,1.5,6.73,01:30 AM,06:44 AM,Moderate,9.4,9.8,17.0,2.5,Regular,0.0,8,Low,False,False,Low,High,Medium,Regular,Migraine,57.8,19.2,31.9,97.9,83.5,10.0,44.2,Needs Attention (Hina Vihara)
HS-SYNTH-0159,Synthetic Evaluation Record (Simulated Cohort),21,Female,169.2,64.2,22.4,Normal,Freelancer / Creative,8.1,2.0,10.11,02:00 AM,10:06 AM,Moderate,8.4,9.4,17.0,3.2,Irregular,37.0,6,Low,False,True,High,Medium,Medium,Irregular,None,85.5,50.8,47.0,98.0,55.5,80.0,68.2,Moderate (Madhyama)
HS-SYNTH-0160,Synthetic Evaluation Record (Simulated Cohort),50,Female,149.6,75.4,33.7,Obesity Range,Working Professional (IT/Corporate),6.5,2.0,8.5,02:00 AM,08:30 AM,Moderate,10.4,4.4,54.0,1.8,Regular,26.0,4,Neutral,False,True,High,Low,Medium,Regular,None,77.8,96.0,64.2,58.3,96.8,95.0,81.8,Good (Prasanna)
HS-SYNTH-0161,Synthetic Evaluation Record (Simulated Cohort),51,Male,164.3,53.1,19.7,Normal,Working Professional (IT/Corporate),7.8,22.53,6.36,10:32 PM,06:22 AM,Moderate,6.7,4.5,28.0,2.7,Regular,34.0,2,Good,False,True,Medium,Low,Medium,Regular,None,85.5,73.6,80.7,96.4,100.0,80.0,84.2,Good (Prasanna)
HS-SYNTH-0162,Synthetic Evaluation Record (Simulated Cohort),35,Female,167.3,69.5,24.8,Normal,Freelancer / Creative,4.2,1.5,5.74,01:30 AM,05:45 AM,Good,6.9,9.4,3.0,2.2,Regular,13.0,8,Neutral,True,False,Medium,High,Medium,Regular,Digestive problems,44.8,12.1,36.0,89.5,95.5,25.0,44.1,Needs Attention (Hina Vihara)
HS-SYNTH-0163,Synthetic Evaluation Record (Simulated Cohort),34,Female,173.6,62.9,20.9,Normal,Homemaker,4.5,2.0,6.5,02:00 AM,06:30 AM,Moderate,9.2,3.0,35.0,1.4,Regular,34.0,6,Low,True,True,Medium,Medium,Medium,Regular,None,47.0,84.4,48.8,56.2,90.0,65.0,63.4,Moderate (Madhyama)
HS-SYNTH-0164,Synthetic Evaluation Record (Simulated Cohort),44,Male,155.1,71.0,29.5,Overweight,Healthcare Worker,7.0,22.02,5.02,10:01 PM,05:01 AM,Good,8.3,3.4,53.0,3.0,Regular,34.0,4,Neutral,True,True,High,Low,Low,Regular,Anxiety/stress-related concerns,87.9,100.0,66.0,99.7,100.0,100.0,90.5,Excellent (Svastha)
HS-SYNTH-0165,Synthetic Evaluation Record (Simulated Cohort),26,Female,172.8,83.4,27.9,Overweight,Working Professional (IT/Corporate),6.7,1.5,8.25,01:30 AM,08:15 AM,Poor,12.9,7.7,0.0,0.8,Irregular,22.0,5,Neutral,True,False,Medium,High,High,Irregular,None,77.9,22.0,58.5,27.4,33.0,12.0,41.7,Needs Attention (Hina Vihara)
HS-SYNTH-0166,Synthetic Evaluation Record (Simulated Cohort),49,Female,172.0,59.0,19.9,Normal,Healthcare Worker,7.2,2.0,9.24,02:00 AM,09:15 AM,Poor,9.6,7.3,51.0,1.4,Irregular,50.0,8,Neutral,False,True,Medium,High,Low,Irregular,None,82.5,100.0,34.2,56.2,43.0,50.0,62.8,Moderate (Madhyama)
HS-SYNTH-0167,Synthetic Evaluation Record (Simulated Cohort),58,Male,176.7,66.9,21.4,Normal,Self-Employed / Business,7.4,21.5,4.93,09:30 PM,04:56 AM,Good,7.1,2.5,29.0,3.4,Regular,21.0,3,Neutral,True,False,Medium,Medium,Medium,Regular,None,87.9,66.1,73.5,99.2,100.0,45.0,76.0,Good (Prasanna)
HS-SYNTH-0168,Synthetic Evaluation Record (Simulated Cohort),31,Male,152.0,73.5,31.8,Obesity Range,Self-Employed / Business,7.5,22.79,6.28,10:47 PM,06:17 AM,Moderate,6.5,6.0,74.0,2.7,Regular,42.0,3,Good,True,False,Medium,Low,Low,Regular,None,85.5,100.0,75.0,84.7,100.0,65.0,84.0,Good (Prasanna)
HS-SYNTH-0169,Synthetic Evaluation Record (Simulated Cohort),32,Female,157.9,79.9,32.0,Obesity Range,Homemaker,7.3,2.0,9.33,02:00 AM,09:20 AM,Moderate,6.6,7.0,58.0,1.7,Irregular,19.0,6,Low,False,True,Medium,Low,Medium,Irregular,Anxiety/stress-related concerns,85.5,89.0,47.0,51.8,53.0,80.0,70.2,Good (Prasanna)
HS-SYNTH-0170,Synthetic Evaluation Record (Simulated Cohort),30,Male,147.6,71.9,33.0,Obesity Range,Freelancer / Creative,6.7,23.15,5.81,11:09 PM,05:49 AM,Moderate,7.2,4.1,45.0,2.7,Regular,56.0,3,Good,True,True,Medium,Low,Low,Regular,None,80.9,100.0,75.0,99.2,100.0,85.0,88.0,Excellent (Svastha)
HS-SYNTH-0171,Synthetic Evaluation Record (Simulated Cohort),47,Male,157.7,70.6,28.4,Overweight,Student,8.5,2.0,10.51,02:00 AM,10:30 AM,Moderate,9.0,7.2,62.0,2.1,Regular,7.0,6,Low,True,True,Medium,High,Low,Regular,Anxiety/stress-related concerns,85.5,77.0,48.8,70.3,83.0,50.0,68.4,Moderate (Madhyama)
HS-SYNTH-0172,Synthetic Evaluation Record (Simulated Cohort),30,Female,169.6,59.2,20.6,Normal,Student,4.4,1.5,5.91,01:30 AM,05:54 AM,Moderate,12.5,8.8,5.0,1.2,Regular,23.0,8,Neutral,False,False,Low,High,High,Regular,Thyroid disorder,45.5,27.6,34.2,56.8,78.5,10.0,38.7,Needs Attention (Hina Vihara)
HS-SYNTH-0173,Synthetic Evaluation Record (Simulated Cohort),58,Female,172.6,65.7,22.1,Normal,Student,6.9,22.94,5.83,10:57 PM,05:50 AM,Good,8.9,5.1,57.0,2.0,Regular,56.0,2,Good,True,True,Medium,Low,Low,Regular,None,86.4,100.0,82.5,72.1,90.0,85.0,86.8,Excellent (Svastha)
HS-SYNTH-0174,Synthetic Evaluation Record (Simulated Cohort),33,Female,149.9,52.1,23.2,Normal,Student,5.8,2.0,7.82,02:00 AM,07:49 AM,Moderate,8.3,7.4,70.0,1.8,Regular,5.0,8,Neutral,True,True,Low,Medium,Low,Regular,None,67.0,75.0,36.0,74.8,93.0,55.0,64.0,Moderate (Madhyama)
HS-SYNTH-0175,Synthetic Evaluation Record (Simulated Cohort),30,Female,159.3,54.7,21.6,Normal,Self-Employed / Business,8.8,22.57,7.36,10:34 PM,07:22 AM,Good,7.2,4.5,47.0,3.0,Regular,35.0,4,Good,True,True,High,Low,Low,Regular,None,84.1,100.0,67.5,100.0,100.0,100.0,90.0,Excellent (Svastha)
HS-SYNTH-0176,Synthetic Evaluation Record (Simulated Cohort),30,Male,157.3,60.3,24.4,Normal,Working Professional (IT/Corporate),5.3,2.0,7.32,02:00 AM,07:19 AM,Good,6.2,3.6,53.0,2.4,Regular,5.0,3,Good,True,False,Low,High,Medium,Regular,Thyroid disorder,61.7,75.0,75.0,99.3,100.0,10.0,65.8,Moderate (Madhyama)
HS-SYNTH-0177,Synthetic Evaluation Record (Simulated Cohort),20,Male,183.9,60.0,17.7,Underweight,Student,5.3,1.5,6.8,01:30 AM,06:48 AM,Moderate,9.1,10.3,11.0,1.0,Irregular,18.0,9,Low,False,False,Medium,High,High,Irregular,Diabetes,59.3,25.9,24.4,45.6,41.0,12.0,34.2,Needs Attention (Hina Vihara)
HS-SYNTH-0178,Synthetic Evaluation Record (Simulated Cohort),32,Female,165.9,63.3,23.0,Normal,Educator / Academic,7.1,2.0,9.15,02:00 AM,09:09 AM,Moderate,8.3,8.7,56.0,1.2,Regular,12.0,7,Neutral,True,False,High,High,Medium,Regular,None,85.5,79.2,43.5,44.7,99.0,40.0,65.3,Moderate (Madhyama)
HS-SYNTH-0179,Synthetic Evaluation Record (Simulated Cohort),22,Female,169.6,70.1,24.4,Normal,Freelancer / Creative,5.2,1.5,6.72,01:30 AM,06:43 AM,Poor,6.0,11.2,26.0,0.8,Regular,0.0,5,Good,False,False,Medium,High,Medium,Regular,Thyroid disorder,54.8,27.6,58.2,30.0,86.5,25.0,46.5,Needs Attention (Hina Vihara)
HS-SYNTH-0180,Synthetic Evaluation Record (Simulated Cohort),43,Female,163.6,61.5,23.0,Normal,Self-Employed / Business,5.5,2.0,7.54,02:00 AM,07:32 AM,Poor,10.1,5.2,62.0,1.5,Regular,20.0,5,Good,True,False,Medium,High,Low,Regular,None,59.4,90.0,60.0,56.2,99.2,30.0,64.2,Moderate (Madhyama)
HS-SYNTH-0181,Synthetic Evaluation Record (Simulated Cohort),37,Male,160.5,72.5,28.1,Overweight,Working Professional (IT/Corporate),6.8,1.5,8.3,01:30 AM,08:18 AM,Poor,11.7,11.1,9.0,2.2,Regular,16.0,7,Neutral,False,False,Medium,High,Low,Regular,Digestive problems,79.4,17.6,41.7,84.2,73.4,30.0,51.6,Needs Attention (Hina Vihara)
HS-SYNTH-0182,Synthetic Evaluation Record (Simulated Cohort),20,Male,163.6,94.9,35.5,Obesity Range,Freelancer / Creative,6.7,1.5,8.23,01:30 AM,08:14 AM,Moderate,9.7,7.8,0.0,2.6,Irregular,13.0,6,Low,False,False,Medium,High,High,Irregular,None,80.9,13.0,47.0,78.3,43.0,12.0,44.7,Needs Attention (Hina Vihara)
HS-SYNTH-0183,Synthetic Evaluation Record (Simulated Cohort),41,Female,172.1,58.1,19.6,Normal,Educator / Academic,6.5,2.0,8.55,02:00 AM,08:33 AM,Good,5.1,7.3,41.0,3.2,Irregular,35.0,7,Neutral,False,True,Medium,Medium,Medium,Irregular,None,80.2,93.8,41.7,97.6,53.0,65.0,70.7,Good (Prasanna)
HS-SYNTH-0184,Synthetic Evaluation Record (Simulated Cohort),25,Male,173.1,71.5,23.9,Normal,Student,5.7,1.5,7.2,01:30 AM,07:12 AM,Poor,10.8,12.6,22.0,0.8,Irregular,15.0,7,Low,False,False,Medium,High,High,Irregular,Digestive problems,62.5,30.8,39.5,29.8,38.6,12.0,37.0,Needs Attention (Hina Vihara)
HS-SYNTH-0185,Synthetic Evaluation Record (Simulated Cohort),19,Female,158.5,60.0,23.9,Normal,Student,5.7,2.0,7.7,02:00 AM,07:42 AM,Moderate,5.2,9.9,17.0,2.2,Irregular,5.0,5,Neutral,True,False,Low,Medium,Medium,Irregular,Digestive problems,65.5,23.8,58.5,99.8,53.0,30.0,52.1,Needs Attention (Hina Vihara)
HS-SYNTH-0186,Synthetic Evaluation Record (Simulated Cohort),22,Male,186.4,52.2,15.0,Underweight,Student,6.9,1.5,8.43,01:30 AM,08:26 AM,Good,10.5,8.1,12.0,1.9,Irregular,10.0,7,Neutral,False,False,Low,High,High,Irregular,Diabetes,86.4,28.3,41.7,99.4,49.0,10.0,50.1,Needs Attention (Hina Vihara)
HS-SYNTH-0187,Synthetic Evaluation Record (Simulated Cohort),27,Male,166.6,74.7,26.9,Overweight,Student,6.4,1.5,7.92,01:30 AM,07:55 AM,Moderate,9.4,9.6,20.0,1.3,Regular,20.0,10,Low,False,True,Low,High,High,Regular,Diabetes,76.3,44.7,16.9,46.7,84.5,17.0,46.1,Needs Attention (Hina Vihara)
HS-SYNTH-0188,Synthetic Evaluation Record (Simulated Cohort),34,Male,178.7,61.7,19.3,Normal,Student,4.4,1.5,5.94,01:30 AM,05:57 AM,Poor,8.0,8.7,5.0,1.1,Irregular,18.0,8,Low,False,False,Medium,Medium,High,Irregular,Thyroid disorder,42.5,23.0,31.9,50.0,59.0,32.0,37.7,Needs Attention (Hina Vihara)
HS-SYNTH-0189,Synthetic Evaluation Record (Simulated Cohort),38,Male,157.6,64.3,25.9,Overweight,Healthcare Worker,8.2,22.09,6.29,10:06 PM,06:17 AM,Good,8.7,3.3,56.0,2.8,Regular,38.0,3,Good,True,True,High,Medium,Low,Regular,Arthritis,87.9,100.0,75.0,99.6,90.0,85.0,88.4,Excellent (Svastha)
HS-SYNTH-0190,Synthetic Evaluation Record (Simulated Cohort),27,Male,177.5,69.0,21.9,Normal,Student,4.8,1.5,6.29,01:30 AM,06:18 AM,Moderate,7.5,9.2,16.0,2.6,Irregular,6.0,10,Neutral,False,False,Low,High,High,Irregular,None,51.6,26.1,19.2,99.7,56.5,10.0,38.4,Needs Attention (Hina Vihara)
HS-SYNTH-0191,Synthetic Evaluation Record (Simulated Cohort),42,Female,174.4,64.6,21.2,Normal,Working Professional (IT/Corporate),7.8,2.0,9.77,02:00 AM,09:46 AM,Moderate,9.8,5.2,12.0,1.9,Irregular,25.0,5,Good,True,True,Medium,Medium,Medium,Irregular,None,85.5,43.7,60.0,80.5,50.0,65.0,64.4,Moderate (Madhyama)
HS-SYNTH-0192,Synthetic Evaluation Record (Simulated Cohort),59,Female,165.4,63.0,23.0,Normal,Healthcare Worker,8.2,23.2,7.4,11:12 PM,07:24 AM,Good,8.9,4.3,53.0,2.4,Regular,25.0,5,Good,True,True,High,Low,Medium,Regular,Anxiety/stress-related concerns,87.9,95.0,60.0,98.8,90.0,95.0,86.2,Excellent (Svastha)
HS-SYNTH-0193,Synthetic Evaluation Record (Simulated Cohort),41,Female,154.3,60.3,25.3,Overweight,Healthcare Worker,7.9,22.74,6.63,10:44 PM,06:38 AM,Moderate,7.8,5.0,30.0,2.5,Regular,20.0,3,Good,True,True,Medium,Low,High,Regular,None,85.5,66.7,75.0,99.3,100.0,67.0,79.8,Good (Prasanna)
HS-SYNTH-0194,Synthetic Evaluation Record (Simulated Cohort),29,Female,178.0,64.6,20.4,Normal,Student,5.2,1.5,6.68,01:30 AM,06:41 AM,Moderate,11.2,8.9,12.0,2.5,Regular,15.0,8,Good,False,True,Medium,High,High,Regular,Thyroid disorder,57.8,30.1,35.7,99.3,88.4,32.0,51.6,Needs Attention (Hina Vihara)
HS-SYNTH-0195,Synthetic Evaluation Record (Simulated Cohort),33,Male,154.9,65.4,27.3,Overweight,Healthcare Worker,7.2,22.34,5.54,10:21 PM,05:32 AM,Moderate,6.6,2.5,49.0,3.3,Regular,33.0,4,Good,False,True,High,Medium,High,Regular,None,85.5,100.0,65.7,97.2,100.0,67.0,83.7,Good (Prasanna)
HS-SYNTH-0196,Synthetic Evaluation Record (Simulated Cohort),55,Male,182.4,62.5,18.8,Normal,Self-Employed / Business,7.5,21.85,5.34,09:51 PM,05:20 AM,Good,7.2,4.5,45.0,3.1,Regular,41.0,3,Good,False,False,High,Low,Medium,Regular,None,87.9,100.0,73.2,97.4,100.0,75.0,87.2,Excellent (Svastha)
HS-SYNTH-0197,Synthetic Evaluation Record (Simulated Cohort),36,Male,159.9,91.1,35.6,Obesity Range,Working Professional (IT/Corporate),5.1,1.5,6.59,01:30 AM,06:35 AM,Poor,8.5,10.0,7.0,1.3,Irregular,23.0,8,Low,False,False,Medium,High,High,Irregular,Hypertension,53.2,25.9,31.9,40.0,52.5,12.0,35.2,Needs Attention (Hina Vihara)
HS-SYNTH-0198,Synthetic Evaluation Record (Simulated Cohort),21,Female,180.0,39.7,12.3,Underweight,Working Professional (IT/Corporate),7.4,2.0,9.39,02:00 AM,09:23 AM,Moderate,11.4,7.7,33.0,2.5,Irregular,33.0,7,Neutral,True,True,High,Medium,Medium,Irregular,None,85.5,81.3,43.5,96.9,41.8,80.0,71.2,Good (Prasanna)
HS-SYNTH-0199,Synthetic Evaluation Record (Simulated Cohort),48,Male,147.2,43.3,20.0,Normal,Homemaker,7.8,21.5,5.3,09:30 PM,05:18 AM,Good,7.1,3.2,47.0,2.3,Regular,47.0,4,Good,True,True,High,Low,Low,Regular,None,87.9,100.0,67.5,98.1,100.0,100.0,90.6,Excellent (Svastha)
HS-SYNTH-0200,Synthetic Evaluation Record (Simulated Cohort),50,Male,161.2,78.8,30.3,Obesity Range,Homemaker,6.8,2.0,8.79,02:00 AM,08:47 AM,Moderate,6.3,7.9,0.0,1.8,Irregular,11.0,7,Neutral,True,False,Low,Low,Medium,Irregular,None,82.4,11.0,43.5,65.3,53.0,45.0,49.8,Needs Attention (Hina Vihara)
HS-SYNTH-0201,Synthetic Evaluation Record (Simulated Cohort),32,Female,171.3,66.3,22.6,Normal,Freelancer / Creative,5.8,1.5,7.28,01:30 AM,07:17 AM,Moderate,10.6,6.3,10.0,1.9,Irregular,16.0,8,Low,False,True,Medium,High,High,Irregular,Digestive problems,67.0,31.6,31.9,79.0,48.2,32.0,46.3,Needs Attention (Hina Vihara)
HS-SYNTH-0202,Synthetic Evaluation Record (Simulated Cohort),57,Male,163.8,78.6,29.3,Overweight,Self-Employed / Business,8.4,21.5,5.91,09:30 PM,05:54 AM,Good,7.1,7.5,28.0,2.9,Regular,43.0,2,Good,True,True,Medium,Low,Low,Regular,None,87.9,73.6,82.5,99.6,93.0,85.0,85.5,Excellent (Svastha)
HS-SYNTH-0203,Synthetic Evaluation Record (Simulated Cohort),30,Male,156.9,76.3,31.0,Obesity Range,Student,5.5,2.0,7.46,02:00 AM,07:28 AM,Poor,9.7,7.3,9.0,2.2,Regular,35.0,8,Neutral,False,False,Medium,Medium,Medium,Regular,Digestive problems,59.4,44.0,34.2,80.1,83.0,45.0,53.9,Needs Attention (Hina Vihara)
HS-SYNTH-0204,Synthetic Evaluation Record (Simulated Cohort),31,Male,154.8,88.1,36.8,Obesity Range,Working Professional (IT/Corporate),6.8,1.5,8.35,01:30 AM,08:21 AM,Poor,10.3,9.6,12.0,1.1,Irregular,20.0,6,Neutral,False,True,Low,Low,Medium,Irregular,Digestive problems,79.4,32.3,49.2,34.6,52.1,65.0,54.5,Needs Attention (Hina Vihara)
HS-SYNTH-0205,Synthetic Evaluation Record (Simulated Cohort),53,Female,169.0,68.9,24.1,Normal,Freelancer / Creative,4.7,2.0,6.74,02:00 AM,06:44 AM,Poor,6.9,7.2,36.0,1.0,Irregular,55.0,7,Low,True,True,High,Medium,High,Irregular,None,47.1,86.0,41.2,36.9,53.0,67.0,56.2,Moderate (Madhyama)
HS-SYNTH-0206,Synthetic Evaluation Record (Simulated Cohort),38,Male,166.0,100.0,36.3,Obesity Range,Student,3.9,1.5,5.45,01:30 AM,05:27 AM,Poor,10.3,7.8,38.0,1.3,Irregular,0.0,7,Neutral,False,False,High,High,Medium,Irregular,None,34.8,59.1,41.7,34.1,50.6,40.0,43.3,Needs Attention (Hina Vihara)
HS-SYNTH-0207,Synthetic Evaluation Record (Simulated Cohort),31,Male,168.2,59.5,21.0,Normal,Working Professional (IT/Corporate),7.5,22.17,5.66,10:10 PM,05:40 AM,Good,6.5,4.2,40.0,2.0,Regular,62.0,3,Good,True,True,Medium,Low,Medium,Regular,None,87.9,92.2,75.0,82.8,100.0,80.0,85.6,Excellent (Svastha)
HS-SYNTH-0208,Synthetic Evaluation Record (Simulated Cohort),43,Female,153.0,46.4,19.8,Normal,Working Professional (IT/Corporate),8.2,2.0,10.22,02:00 AM,10:13 AM,Moderate,7.6,5.0,48.0,2.3,Irregular,44.0,3,Neutral,False,False,Medium,Medium,High,Irregular,None,85.5,100.0,71.7,98.3,60.0,32.0,73.9,Good (Prasanna)
HS-SYNTH-0209,Synthetic Evaluation Record (Simulated Cohort),34,Male,171.1,71.7,24.5,Normal,Educator / Academic,7.0,22.08,5.13,10:05 PM,05:08 AM,Moderate,6.5,4.6,48.0,2.1,Regular,24.0,2,Good,True,True,High,Medium,Low,Regular,Asthma,85.5,94.0,82.5,72.2,100.0,85.0,86.8,Excellent (Svastha)
HS-SYNTH-0210,Synthetic Evaluation Record (Simulated Cohort),25,Male,168.0,55.9,19.8,Normal,Educator / Academic,6.0,2.0,8.05,02:00 AM,08:03 AM,Good,9.3,7.0,13.0,2.3,Regular,10.0,4,Good,False,False,Medium,Low,High,Regular,None,72.5,30.2,65.7,98.6,83.0,47.0,62.8,Moderate (Madhyama)
HS-SYNTH-0211,Synthetic Evaluation Record (Simulated Cohort),58,Other,156.4,63.1,25.8,Overweight,Self-Employed / Business,7.4,22.22,5.65,10:13 PM,05:39 AM,Good,9.0,2.5,65.0,2.5,Regular,53.0,3,Good,True,True,High,Medium,High,Regular,None,87.9,100.0,75.0,98.9,90.0,67.0,85.1,Excellent (Svastha)
HS-SYNTH-0212,Synthetic Evaluation Record (Simulated Cohort),59,Female,172.0,52.7,17.8,Underweight,Student,7.1,21.59,4.67,09:35 PM,04:40 AM,Moderate,6.5,2.7,55.0,2.1,Regular,55.0,3,Good,True,True,Medium,Low,Low,Regular,None,85.5,100.0,75.0,98.9,100.0,85.0,89.0,Excellent (Svastha)
HS-SYNTH-0213,Synthetic Evaluation Record (Simulated Cohort),29,Male,160.9,52.9,20.4,Normal,Student,5.1,1.5,6.59,01:30 AM,06:35 AM,Good,9.8,10.7,28.0,1.4,Irregular,13.0,7,Neutral,False,False,Low,High,High,Irregular,None,58.6,45.8,41.7,67.2,39.0,10.0,42.7,Needs Attention (Hina Vihara)
HS-SYNTH-0214,Synthetic Evaluation Record (Simulated Cohort),45,Female,179.0,67.3,21.0,Normal,Working Professional (IT/Corporate),7.5,22.95,6.47,10:57 PM,06:28 AM,Good,7.9,4.7,37.0,2.7,Regular,39.0,4,Neutral,True,True,High,Low,Medium,Regular,None,87.9,87.6,66.0,99.8,100.0,95.0,87.4,Excellent (Svastha)
HS-SYNTH-0215,Synthetic Evaluation Record (Simulated Cohort),35,Male,178.0,70.1,22.1,Normal,Freelancer / Creative,6.9,1.5,8.37,01:30 AM,08:22 AM,Poor,12.2,9.0,29.0,1.5,Irregular,15.0,7,Low,True,False,Low,Medium,High,Irregular,None,81.0,56.1,41.2,55.7,39.9,17.0,49.6,Needs Attention (Hina Vihara)
HS-SYNTH-0216,Synthetic Evaluation Record (Simulated Cohort),32,Female,172.1,65.5,22.1,Normal,Self-Employed / Business,4.6,2.0,6.62,02:00 AM,06:37 AM,Moderate,8.5,4.9,55.0,2.3,Irregular,38.0,5,Neutral,False,False,Low,High,Low,Irregular,Digestive problems,48.5,100.0,56.7,83.6,60.0,15.0,58.3,Moderate (Madhyama)
HS-SYNTH-0217,Synthetic Evaluation Record (Simulated Cohort),40,Male,173.5,89.7,29.8,Overweight,Working Professional (IT/Corporate),5.4,1.5,6.94,01:30 AM,06:56 AM,Poor,8.3,11.2,37.0,1.6,Irregular,0.0,6,Low,False,False,High,High,High,Irregular,Anxiety/stress-related concerns,57.9,44.8,47.0,46.4,46.5,27.0,45.3,Needs Attention (Hina Vihara)
HS-SYNTH-0218,Synthetic Evaluation Record (Simulated Cohort),45,Female,175.9,76.1,24.6,Normal,Freelancer / Creative,7.1,2.0,9.06,02:00 AM,09:04 AM,Good,8.8,5.9,21.0,1.9,Regular,17.0,5,Neutral,True,False,High,Low,High,Regular,None,87.9,49.7,58.5,66.9,90.0,62.0,68.6,Moderate (Madhyama)
HS-SYNTH-0219,Synthetic Evaluation Record (Simulated Cohort),22,Male,178.1,58.0,18.3,Underweight,Freelancer / Creative,6.3,1.5,7.83,01:30 AM,07:50 AM,Poor,9.1,8.2,16.0,1.0,Regular,25.0,9,Neutral,True,False,High,High,Medium,Regular,None,71.7,49.1,28.5,46.2,83.0,40.0,52.1,Needs Attention (Hina Vihara)
HS-SYNTH-0220,Synthetic Evaluation Record (Simulated Cohort),30,Female,176.9,83.7,26.7,Overweight,Freelancer / Creative,8.8,22.47,7.25,10:28 PM,07:15 AM,Good,8.2,4.4,40.0,2.5,Regular,31.0,2,Neutral,True,True,Medium,Medium,Low,Regular,Digestive problems,84.1,92.2,81.0,76.6,100.0,70.0,83.6,Good (Prasanna)
HS-SYNTH-0221,Synthetic Evaluation Record (Simulated Cohort),30,Male,184.8,50.4,14.8,Underweight,Working Professional (IT/Corporate),7.9,2.0,9.88,02:00 AM,09:53 AM,Moderate,8.5,5.4,33.0,1.7,Irregular,13.0,6,Good,True,False,Medium,Low,Low,Irregular,None,85.5,64.3,52.5,83.4,60.0,65.0,68.1,Moderate (Madhyama)
HS-SYNTH-0222,Synthetic Evaluation Record (Simulated Cohort),35,Female,159.6,71.5,28.1,Overweight,Student,4.9,1.5,6.41,01:30 AM,06:25 AM,Poor,12.0,7.5,8.0,1.1,Irregular,18.0,7,Good,False,True,Low,Medium,Medium,Irregular,Digestive problems,50.2,30.4,43.2,42.8,37.0,50.0,42.9,Needs Attention (Hina Vihara)
HS-SYNTH-0223,Synthetic Evaluation Record (Simulated Cohort),32,Female,155.9,79.4,32.7,Obesity Range,Homemaker,6.8,2.0,8.77,02:00 AM,08:46 AM,Poor,4.9,4.9,49.0,2.6,Irregular,39.0,4,Neutral,True,False,Medium,High,Low,Irregular,Diabetes,79.4,100.0,66.0,81.6,60.0,30.0,69.4,Moderate (Madhyama)
HS-SYNTH-0224,Synthetic Evaluation Record (Simulated Cohort),51,Female,151.1,72.5,31.8,Obesity Range,Homemaker,4.5,2.0,6.5,02:00 AM,06:30 AM,Moderate,8.3,8.2,36.0,3.5,Irregular,5.0,5,Low,False,True,Medium,Medium,Low,Irregular,Thyroid disorder,47.0,60.2,54.5,97.1,53.0,70.0,60.7,Moderate (Madhyama)
HS-SYNTH-0225,Synthetic Evaluation Record (Simulated Cohort),45,Male,171.3,74.5,25.4,Overweight,Homemaker,6.9,2.0,8.94,02:00 AM,08:56 AM,Good,11.3,8.3,61.0,1.0,Irregular,26.0,5,Low,True,True,Medium,Low,Medium,Irregular,None,86.4,94.8,56.2,32.1,42.6,80.0,70.0,Good (Prasanna)
HS-SYNTH-0226,Synthetic Evaluation Record (Simulated Cohort),22,Male,149.0,94.5,42.6,Obesity Range,Working Professional (IT/Corporate),6.1,1.5,7.57,01:30 AM,07:34 AM,Moderate,10.1,10.8,10.0,1.4,Irregular,21.0,7,Neutral,False,False,Low,High,Medium,Irregular,None,71.6,25.4,41.7,41.3,47.7,10.0,40.3,Needs Attention (Hina Vihara)
HS-SYNTH-0227,Synthetic Evaluation Record (Simulated Cohort),21,Male,175.7,77.4,25.1,Overweight,Self-Employed / Business,7.1,2.0,9.14,02:00 AM,09:08 AM,Moderate,8.6,4.9,20.0,2.1,Irregular,41.0,4,Neutral,False,True,Medium,Medium,High,Irregular,None,85.5,61.1,64.2,73.0,50.0,52.0,65.3,Moderate (Madhyama)
HS-SYNTH-0228,Synthetic Evaluation Record (Simulated Cohort),27,Male,147.3,61.0,28.1,Overweight,Healthcare Worker,8.3,23.03,7.31,11:02 PM,07:18 AM,Good,6.6,3.4,50.0,2.3,Regular,42.0,2,Good,False,True,High,Low,Medium,Regular,Migraine,87.9,100.0,80.7,98.8,100.0,95.0,92.5,Excellent (Svastha)
HS-SYNTH-0229,Synthetic Evaluation Record (Simulated Cohort),25,Male,162.1,45.8,17.4,Underweight,Freelancer / Creative,4.7,1.5,6.22,01:30 AM,06:13 AM,Poor,9.2,8.9,16.0,2.6,Regular,31.0,9,Neutral,False,False,Medium,High,High,Regular,Diabetes,47.1,51.3,26.7,96.2,88.0,12.0,47.3,Needs Attention (Hina Vihara)
HS-SYNTH-0230,Synthetic Evaluation Record (Simulated Cohort),47,Female,164.5,64.6,23.9,Normal,Educator / Academic,6.5,2.0,8.53,02:00 AM,08:32 AM,Moderate,8.9,7.9,42.0,2.3,Regular,8.0,7,Neutral,True,False,Medium,Low,Medium,Regular,None,77.8,73.3,43.5,88.1,83.0,60.0,68.6,Moderate (Madhyama)
HS-SYNTH-0231,Synthetic Evaluation Record (Simulated Cohort),27,Male,174.6,68.6,22.5,Normal,Working Professional (IT/Corporate),7.3,22.78,6.1,10:47 PM,06:06 AM,Good,7.7,4.7,46.0,2.4,Regular,48.0,2,Neutral,True,True,High,Low,Low,Regular,Diabetes,87.9,100.0,81.0,86.2,100.0,100.0,92.2,Excellent (Svastha)
HS-SYNTH-0232,Synthetic Evaluation Record (Simulated Cohort),37,Female,155.9,70.1,28.8,Overweight,Healthcare Worker,7.9,21.96,5.84,09:58 PM,05:50 AM,Good,6.7,6.1,25.0,2.1,Regular,26.0,1,Good,True,False,Medium,Medium,Low,Regular,None,87.9,64.9,90.0,78.9,93.0,50.0,77.1,Good (Prasanna)
HS-SYNTH-0233,Synthetic Evaluation Record (Simulated Cohort),25,Female,171.9,66.2,22.4,Normal,Educator / Academic,5.3,2.0,7.29,02:00 AM,07:18 AM,Poor,7.0,6.0,54.0,1.9,Irregular,8.0,6,Low,True,False,High,Medium,Medium,Irregular,Hypertension,56.3,78.0,48.8,68.7,60.0,60.0,61.1,Moderate (Madhyama)
HS-SYNTH-0234,Synthetic Evaluation Record (Simulated Cohort),47,Female,169.8,36.5,12.7,Underweight,Self-Employed / Business,6.3,2.0,8.35,02:00 AM,08:21 AM,Moderate,11.5,5.9,22.0,1.9,Regular,20.0,6,Neutral,False,False,Medium,Medium,Low,Regular,None,74.7,54.2,49.2,99.4,88.0,50.0,65.5,Moderate (Madhyama)
HS-SYNTH-0235,Synthetic Evaluation Record (Simulated Cohort),29,Male,171.0,77.0,26.3,Overweight,Student,5.7,1.5,7.21,01:30 AM,07:13 AM,Poor,9.8,10.1,3.0,2.1,Regular,29.0,5,Low,False,True,Medium,Medium,High,Regular,None,62.5,25.3,54.5,77.2,82.0,52.0,56.1,Moderate (Madhyama)
HS-SYNTH-0236,Synthetic Evaluation Record (Simulated Cohort),38,Male,181.6,57.8,17.5,Underweight,Student,6.4,2.0,8.37,02:00 AM,08:22 AM,Good,7.1,6.2,33.0,3.1,Irregular,35.0,4,Neutral,True,True,Medium,Medium,Medium,Irregular,Digestive problems,78.7,81.3,66.0,97.6,53.0,65.0,73.0,Good (Prasanna)
HS-SYNTH-0237,Synthetic Evaluation Record (Simulated Cohort),28,Female,173.8,71.6,23.7,Normal,Working Professional (IT/Corporate),6.9,1.5,8.41,01:30 AM,08:24 AM,Poor,11.0,10.5,9.0,1.2,Irregular,9.0,8,Low,False,False,Medium,High,Medium,Irregular,Migraine,81.0,13.0,31.9,46.5,42.0,25.0,40.7,Needs Attention (Hina Vihara)
HS-SYNTH-0238,Synthetic Evaluation Record (Simulated Cohort),54,Male,163.3,67.9,25.5,Overweight,Freelancer / Creative,5.1,2.0,7.13,02:00 AM,07:08 AM,Moderate,6.2,5.6,46.0,2.3,Irregular,39.0,7,Neutral,True,False,High,Medium,Medium,Irregular,None,56.2,100.0,43.5,83.3,60.0,60.0,65.4,Moderate (Madhyama)
HS-SYNTH-0239,Synthetic Evaluation Record (Simulated Cohort),51,Female,155.6,62.4,25.8,Overweight,Healthcare Worker,5.7,2.0,7.72,02:00 AM,07:43 AM,Poor,11.3,9.1,18.0,2.1,Irregular,21.0,5,Good,False,True,Medium,Low,Medium,Irregular,Digestive problems,62.5,44.6,58.2,90.0,46.6,80.0,62.4,Moderate (Madhyama)
HS-SYNTH-0240,Synthetic Evaluation Record (Simulated Cohort),37,Male,173.5,63.8,21.2,Normal,Working Professional (IT/Corporate),4.8,1.5,6.33,01:30 AM,06:20 AM,Good,10.7,9.3,1.0,1.6,Irregular,14.0,8,Low,False,True,Medium,High,High,Irregular,None,54.0,10.4,31.9,71.4,50.4,32.0,39.1,Needs Attention (Hina Vihara)
HS-SYNTH-0241,Synthetic Evaluation Record (Simulated Cohort),27,Female,162.0,79.2,30.2,Obesity Range,Student,7.9,22.39,6.27,10:23 PM,06:16 AM,Poor,6.6,4.6,38.0,2.6,Regular,20.0,2,Good,False,True,High,Low,Low,Regular,None,82.5,79.1,80.7,84.2,100.0,100.0,86.9,Excellent (Svastha)
HS-SYNTH-0242,Synthetic Evaluation Record (Simulated Cohort),34,Male,174.6,72.8,23.9,Normal,Healthcare Worker,6.4,2.0,8.39,02:00 AM,08:23 AM,Good,7.1,6.7,3.0,2.7,Irregular,44.0,4,Good,True,False,Medium,High,Medium,Irregular,Digestive problems,78.7,34.7,67.5,99.4,53.0,25.0,57.9,Moderate (Madhyama)
HS-SYNTH-0243,Synthetic Evaluation Record (Simulated Cohort),39,Female,163.1,77.1,29.0,Overweight,Freelancer / Creative,6.2,1.5,7.67,01:30 AM,07:40 AM,Poor,9.7,6.7,37.0,2.2,Irregular,15.0,7,Good,False,False,Low,High,High,Irregular,None,70.2,72.6,43.2,73.2,43.0,10.0,51.4,Needs Attention (Hina Vihara)
HS-SYNTH-0244,Synthetic Evaluation Record (Simulated Cohort),20,Male,155.3,66.5,27.6,Overweight,Working Professional (IT/Corporate),5.4,2.0,7.45,02:00 AM,07:27 AM,Good,6.0,7.1,30.0,2.4,Irregular,28.0,4,Neutral,False,False,High,Medium,Medium,Irregular,None,63.3,74.7,64.2,99.1,53.0,60.0,67.3,Moderate (Madhyama)
HS-SYNTH-0245,Synthetic Evaluation Record (Simulated Cohort),37,Female,165.9,64.7,23.5,Normal,Educator / Academic,7.0,22.34,5.38,10:20 PM,05:23 AM,Poor,7.9,4.9,49.0,2.8,Regular,36.0,2,Neutral,True,True,Medium,Low,Low,Regular,None,82.5,100.0,81.0,99.4,100.0,85.0,89.6,Excellent (Svastha)
HS-SYNTH-0246,Synthetic Evaluation Record (Simulated Cohort),47,Male,169.3,74.0,25.8,Overweight,Freelancer / Creative,6.5,22.2,4.7,10:12 PM,04:42 AM,Good,9.0,5.8,36.0,3.0,Regular,31.0,4,Neutral,True,True,High,Medium,High,Regular,Thyroid disorder,80.2,86.0,66.0,99.5,90.0,67.0,79.1,Good (Prasanna)
HS-SYNTH-0247,Synthetic Evaluation Record (Simulated Cohort),55,Female,169.0,61.2,21.4,Normal,Educator / Academic,7.5,21.77,5.25,09:46 PM,05:15 AM,Moderate,8.2,5.2,38.0,2.5,Regular,56.0,1,Neutral,True,True,High,Low,Medium,Regular,None,85.5,89.1,88.5,99.8,100.0,95.0,91.6,Excellent (Svastha)
HS-SYNTH-0248,Synthetic Evaluation Record (Simulated Cohort),21,Male,172.8,45.9,15.4,Underweight,Freelancer / Creative,7.3,2.0,9.33,02:00 AM,09:20 AM,Poor,7.4,7.2,24.0,2.6,Irregular,11.0,7,Good,True,True,Medium,Low,Low,Irregular,Anxiety/stress-related concerns,82.5,48.3,45.0,96.2,53.0,85.0,67.1,Moderate (Madhyama)
HS-SYNTH-0249,Synthetic Evaluation Record (Simulated Cohort),53,Female,175.3,54.5,17.7,Underweight,Homemaker,8.1,21.81,5.93,09:48 PM,05:56 AM,Moderate,7.6,6.6,33.0,2.4,Regular,27.0,1,Good,True,True,Low,Low,Low,Regular,Thyroid disorder,85.5,78.3,90.0,98.8,93.0,70.0,84.5,Good (Prasanna)
HS-SYNTH-0250,Synthetic Evaluation Record (Simulated Cohort),47,Male,159.7,61.4,24.1,Normal,Educator / Academic,7.8,22.6,6.37,10:36 PM,06:22 AM,Moderate,5.0,7.5,53.0,2.7,Regular,58.0,6,Neutral,True,True,Low,Medium,Medium,Regular,None,85.5,100.0,51.0,99.5,93.0,50.0,77.1,Good (Prasanna)
HS-SYNTH-0251,Synthetic Evaluation Record (Simulated Cohort),50,Female,153.3,64.4,27.4,Overweight,Self-Employed / Business,8.7,2.0,10.72,02:00 AM,10:43 AM,Moderate,4.8,5.9,11.0,1.9,Regular,28.0,7,Neutral,False,True,Medium,Low,Medium,Regular,None,83.0,45.1,41.7,81.0,100.0,80.0,69.2,Moderate (Madhyama)
HS-SYNTH-0252,Synthetic Evaluation Record (Simulated Cohort),45,Female,167.5,72.7,25.9,Overweight,Working Professional (IT/Corporate),8.1,22.02,6.14,10:01 PM,06:08 AM,Good,5.5,4.6,55.0,3.0,Regular,45.0,4,Neutral,False,True,Medium,Low,Medium,Regular,None,87.9,100.0,64.2,100.0,100.0,80.0,86.6,Excellent (Svastha)
HS-SYNTH-0253,Synthetic Evaluation Record (Simulated Cohort),25,Male,161.8,80.1,30.6,Obesity Range,Educator / Academic,6.7,2.0,8.65,02:00 AM,08:39 AM,Moderate,8.0,6.2,36.0,2.1,Irregular,19.0,3,Neutral,True,False,Medium,Low,Medium,Irregular,None,80.9,75.0,73.5,67.7,53.0,60.0,69.9,Moderate (Madhyama)
HS-SYNTH-0254,Synthetic Evaluation Record (Simulated Cohort),32,Male,167.4,59.7,21.3,Normal,Working Professional (IT/Corporate),5.3,1.5,6.85,01:30 AM,06:51 AM,Poor,11.1,5.5,33.0,2.3,Irregular,10.0,8,Low,False,True,High,High,High,Irregular,None,56.3,61.3,31.9,99.7,51.2,47.0,54.4,Needs Attention (Hina Vihara)
HS-SYNTH-0255,Synthetic Evaluation Record (Simulated Cohort),50,Male,186.8,74.8,21.4,Normal,Working Professional (IT/Corporate),6.8,22.79,5.64,10:48 PM,05:38 AM,Good,7.1,5.3,49.0,3.1,Regular,52.0,4,Neutral,True,True,High,High,Low,Regular,None,84.8,100.0,66.0,99.7,100.0,65.0,83.5,Good (Prasanna)
HS-SYNTH-0256,Synthetic Evaluation Record (Simulated Cohort),28,Male,161.1,61.9,23.9,Normal,Homemaker,7.0,22.96,6.0,10:58 PM,06:00 AM,Good,6.8,2.5,37.0,3.1,Regular,20.0,2,Good,True,True,Medium,Low,Medium,Regular,None,87.9,77.6,82.5,96.8,100.0,80.0,85.9,Excellent (Svastha)
HS-SYNTH-0257,Synthetic Evaluation Record (Simulated Cohort),36,Male,163.5,67.0,25.1,Overweight,Student,6.8,1.5,8.33,01:30 AM,08:20 AM,Poor,9.3,7.4,38.0,1.4,Regular,26.0,6,Neutral,True,False,Low,Medium,Medium,Regular,None,79.4,85.1,51.0,52.6,83.0,30.0,63.6,Moderate (Madhyama)
HS-SYNTH-0258,Synthetic Evaluation Record (Simulated Cohort),25,Male,173.6,52.5,17.4,Underweight,Educator / Academic,8.2,22.64,6.87,10:39 PM,06:52 AM,Good,7.3,4.4,46.0,2.7,Regular,32.0,3,Good,False,False,High,Low,High,Regular,None,87.9,100.0,73.2,97.3,100.0,62.0,84.9,Good (Prasanna)
HS-SYNTH-0259,Synthetic Evaluation Record (Simulated Cohort),31,Female,157.1,78.7,31.9,Obesity Range,Student,6.3,1.5,7.77,01:30 AM,07:46 AM,Poor,7.7,9.6,34.0,2.2,Irregular,33.0,8,Neutral,False,True,Low,Medium,High,Irregular,Anxiety/stress-related concerns,71.7,76.5,34.2,72.4,54.5,37.0,56.8,Moderate (Madhyama)
HS-SYNTH-0260,Synthetic Evaluation Record (Simulated Cohort),50,Male,172.7,61.3,20.6,Normal,Self-Employed / Business,8.7,2.0,10.67,02:00 AM,10:40 AM,Moderate,6.3,7.1,65.0,1.0,Irregular,22.0,7,Good,True,True,High,Medium,High,Irregular,None,83.0,92.0,45.0,37.2,53.0,67.0,66.0,Moderate (Madhyama)
HS-SYNTH-0261,Synthetic Evaluation Record (Simulated Cohort),25,Male,161.7,78.0,29.8,Overweight,Student,5.3,1.5,6.79,01:30 AM,06:47 AM,Poor,10.5,8.2,24.0,2.1,Irregular,8.0,8,Neutral,True,True,Medium,Medium,High,Irregular,Digestive problems,56.3,44.5,36.0,71.7,49.0,52.0,50.0,Needs Attention (Hina Vihara)
HS-SYNTH-0262,Synthetic Evaluation Record (Simulated Cohort),43,Male,167.4,73.3,26.2,Overweight,Working Professional (IT/Corporate),7.8,23.14,6.94,11:08 PM,06:56 AM,Good,5.8,5.1,46.0,2.4,Regular,47.0,3,Good,True,True,High,High,Low,Regular,None,87.9,100.0,75.0,81.4,100.0,65.0,84.2,Good (Prasanna)
HS-SYNTH-0263,Synthetic Evaluation Record (Simulated Cohort),25,Female,161.5,65.9,25.3,Overweight,Self-Employed / Business,5.2,2.0,7.2,02:00 AM,07:12 AM,Moderate,6.6,6.6,49.0,2.4,Irregular,29.0,5,Neutral,False,True,Low,Medium,Low,Irregular,None,57.8,99.0,56.7,88.4,53.0,55.0,67.0,Moderate (Madhyama)
HS-SYNTH-0264,Synthetic Evaluation Record (Simulated Cohort),40,Other,178.3,63.7,20.0,Normal,Working Professional (IT/Corporate),7.3,22.01,5.31,10:01 PM,05:18 AM,Moderate,6.5,5.7,29.0,2.0,Regular,37.0,4,Neutral,True,False,High,High,Medium,Regular,None,85.5,75.1,66.0,80.9,100.0,40.0,72.8,Good (Prasanna)
HS-SYNTH-0265,Synthetic Evaluation Record (Simulated Cohort),22,Male,158.0,52.6,21.1,Normal,Student,8.1,2.0,10.08,02:00 AM,10:05 AM,Poor,11.0,7.0,21.0,3.5,Regular,26.0,6,Good,False,False,Low,Medium,High,Regular,None,82.5,58.7,50.7,78.2,85.0,17.0,59.9,Moderate (Madhyama)
HS-SYNTH-0266,Synthetic Evaluation Record (Simulated Cohort),47,Female,167.0,74.0,26.5,Overweight,Freelancer / Creative,7.7,22.26,5.94,10:16 PM,05:57 AM,Good,7.6,5.3,49.0,2.0,Regular,23.0,4,Good,True,True,High,Low,Low,Regular,None,87.9,93.0,67.5,66.7,100.0,100.0,86.2,Excellent (Svastha)
HS-SYNTH-0267,Synthetic Evaluation Record (Simulated Cohort),38,Female,172.7,60.8,20.4,Normal,Self-Employed / Business,8.6,23.13,7.75,11:08 PM,07:45 AM,Good,6.5,5.5,44.0,2.6,Regular,21.0,5,Good,True,True,Medium,Low,High,Regular,Migraine,86.6,89.4,60.0,99.5,100.0,67.0,81.2,Good (Prasanna)
HS-SYNTH-0268,Synthetic Evaluation Record (Simulated Cohort),27,Male,173.2,73.0,24.3,Normal,Student,5.8,1.5,7.3,01:30 AM,07:18 AM,Poor,11.4,7.1,3.0,1.3,Irregular,4.0,7,Neutral,False,False,Low,High,Low,Irregular,Anxiety/stress-related concerns,64.0,8.7,41.7,50.4,41.8,15.0,36.7,Needs Attention (Hina Vihara)
HS-SYNTH-0269,Synthetic Evaluation Record (Simulated Cohort),42,Male,167.9,50.7,18.0,Underweight,Educator / Academic,6.6,22.31,4.9,10:19 PM,04:54 AM,Good,7.7,5.1,36.0,2.7,Regular,45.0,6,Good,True,True,Medium,Low,Low,Regular,None,81.7,86.0,52.5,99.9,100.0,85.0,81.2,Good (Prasanna)
HS-SYNTH-0270,Synthetic Evaluation Record (Simulated Cohort),19,Male,162.7,65.0,24.6,Normal,Educator / Academic,8.0,2.0,9.98,02:00 AM,09:59 AM,Moderate,8.4,8.9,29.0,1.6,Regular,5.0,6,Neutral,False,True,Medium,Medium,Low,Regular,None,85.5,46.5,49.2,63.6,98.0,70.0,67.7,Moderate (Madhyama)
HS-SYNTH-0271,Synthetic Evaluation Record (Simulated Cohort),25,Female,157.3,61.1,24.7,Normal,Working Professional (IT/Corporate),6.1,2.0,8.09,02:00 AM,08:05 AM,Moderate,6.5,5.8,41.0,1.1,Regular,5.0,4,Neutral,False,False,Medium,Medium,Low,Regular,None,71.6,68.8,64.2,44.4,100.0,50.0,66.4,Moderate (Madhyama)
HS-SYNTH-0272,Synthetic Evaluation Record (Simulated Cohort),23,Female,154.0,75.0,31.6,Obesity Range,Educator / Academic,8.0,2.0,10.02,02:00 AM,10:01 AM,Moderate,8.9,5.8,50.0,1.4,Irregular,34.0,2,Low,False,True,Medium,High,Medium,Irregular,Hypertension,85.5,100.0,77.0,46.0,50.0,45.0,70.9,Good (Prasanna)
HS-SYNTH-0273,Synthetic Evaluation Record (Simulated Cohort),23,Female,176.8,61.4,19.6,Normal,Freelancer / Creative,7.2,22.82,6.03,10:49 PM,06:02 AM,Moderate,6.8,3.4,25.0,2.6,Regular,34.0,2,Low,True,True,Medium,Low,Medium,Regular,Arthritis,85.5,68.9,78.8,98.7,100.0,80.0,83.2,Good (Prasanna)
HS-SYNTH-0274,Synthetic Evaluation Record (Simulated Cohort),35,Male,160.1,64.1,25.0,Overweight,Homemaker,4.9,2.0,6.94,02:00 AM,06:56 AM,Good,6.2,5.7,42.0,2.2,Regular,28.0,3,Good,False,False,Medium,Low,High,Regular,None,55.6,93.3,73.2,84.8,100.0,47.0,72.6,Good (Prasanna)
HS-SYNTH-0275,Synthetic Evaluation Record (Simulated Cohort),44,Female,160.5,63.5,24.7,Normal,Freelancer / Creative,8.6,23.18,7.75,11:11 PM,07:45 AM,Moderate,7.5,5.3,59.0,3.7,Regular,20.0,4,Neutral,True,True,Low,Low,Medium,Regular,None,84.2,90.0,66.0,96.8,100.0,65.0,81.3,Good (Prasanna)
HS-SYNTH-0276,Synthetic Evaluation Record (Simulated Cohort),37,Male,165.8,43.6,15.9,Underweight,Freelancer / Creative,4.0,1.5,5.5,01:30 AM,05:30 AM,Moderate,10.1,9.4,30.0,1.8,Irregular,7.0,5,Low,False,True,High,Medium,Low,Irregular,None,39.3,48.1,54.5,98.8,54.7,85.0,59.9,Moderate (Madhyama)
HS-SYNTH-0277,Synthetic Evaluation Record (Simulated Cohort),29,Female,178.9,66.4,20.7,Normal,Student,5.4,1.5,6.86,01:30 AM,06:52 AM,Poor,11.1,7.5,14.0,2.4,Irregular,11.0,7,Good,False,False,Medium,High,High,Irregular,None,57.9,32.8,43.2,99.8,44.2,12.0,44.7,Needs Attention (Hina Vihara)
HS-SYNTH-0278,Synthetic Evaluation Record (Simulated Cohort),20,Male,163.0,78.5,29.5,Overweight,Educator / Academic,7.1,2.0,9.11,02:00 AM,09:07 AM,Moderate,6.4,6.1,8.0,2.7,Irregular,51.0,8,Neutral,False,True,Medium,High,Medium,Irregular,None,85.5,42.4,34.2,99.5,53.0,45.0,57.7,Moderate (Madhyama)
HS-SYNTH-0279,Synthetic Evaluation Record (Simulated Cohort),35,Male,153.3,75.8,32.3,Obesity Range,Healthcare Worker,6.9,2.0,8.86,02:00 AM,08:52 AM,Poor,8.1,5.0,15.0,1.2,Regular,30.0,3,Good,False,True,Medium,Medium,High,Regular,None,81.0,53.3,73.2,43.2,100.0,52.0,67.7,Moderate (Madhyama)
HS-SYNTH-0280,Synthetic Evaluation Record (Simulated Cohort),27,Male,162.3,77.7,29.5,Overweight,Student,5.5,1.5,6.96,01:30 AM,06:57 AM,Good,8.0,8.1,0.0,2.1,Regular,13.0,5,Neutral,False,True,Low,Medium,Medium,Regular,None,64.8,12.6,56.7,77.2,93.0,50.0,55.7,Moderate (Madhyama)
HS-SYNTH-0281,Synthetic Evaluation Record (Simulated Cohort),24,Male,173.2,58.5,19.5,Normal,Homemaker,7.6,22.99,6.56,11:00 PM,06:33 AM,Good,6.8,3.7,39.0,2.1,Regular,43.0,4,Good,False,True,Medium,Low,Medium,Regular,None,87.9,90.7,65.7,88.5,100.0,80.0,84.1,Good (Prasanna)
HS-SYNTH-0282,Synthetic Evaluation Record (Simulated Cohort),33,Female,161.3,61.5,23.6,Normal,Working Professional (IT/Corporate),7.0,22.3,5.28,10:18 PM,05:17 AM,Good,5.5,4.5,45.0,3.2,Regular,54.0,2,Good,True,True,High,Medium,Low,Regular,None,87.9,100.0,82.5,96.7,100.0,85.0,90.8,Excellent (Svastha)
HS-SYNTH-0283,Synthetic Evaluation Record (Simulated Cohort),34,Male,164.4,66.8,24.7,Normal,Healthcare Worker,6.1,2.0,8.07,02:00 AM,08:04 AM,Moderate,10.1,8.4,31.0,2.5,Regular,33.0,5,Neutral,True,True,High,Medium,Medium,Regular,None,71.6,76.6,58.5,99.5,92.2,80.0,76.7,Good (Prasanna)
HS-SYNTH-0284,Synthetic Evaluation Record (Simulated Cohort),59,Male,147.3,78.4,36.1,Obesity Range,Student,8.0,22.67,6.69,10:40 PM,06:41 AM,Good,8.2,4.9,49.0,2.7,Regular,31.0,1,Good,True,True,High,Low,Low,Regular,None,87.9,100.0,90.0,85.7,100.0,100.0,93.9,Excellent (Svastha)
HS-SYNTH-0285,Synthetic Evaluation Record (Simulated Cohort),36,Female,163.7,74.4,27.8,Overweight,Working Professional (IT/Corporate),6.1,2.0,8.14,02:00 AM,08:08 AM,Poor,8.9,7.6,8.0,1.2,Regular,14.0,4,Neutral,False,True,Low,Medium,High,Regular,None,68.6,26.4,64.2,44.9,83.0,37.0,53.8,Needs Attention (Hina Vihara)
HS-SYNTH-0286,Synthetic Evaluation Record (Simulated Cohort),38,Male,174.3,60.2,19.8,Normal,Student,7.1,23.2,6.33,11:12 PM,06:20 AM,Moderate,8.2,6.5,36.0,2.9,Regular,29.0,6,Good,False,False,Medium,Medium,Low,Regular,None,85.5,85.0,50.7,97.4,93.0,50.0,74.2,Good (Prasanna)
HS-SYNTH-0287,Synthetic Evaluation Record (Simulated Cohort),30,Female,169.1,59.4,20.8,Normal,Homemaker,8.0,22.71,6.69,10:43 PM,06:42 AM,Moderate,8.8,4.6,40.0,2.0,Regular,36.0,1,Good,True,True,High,Low,Low,Regular,None,85.5,92.2,90.0,82.9,90.0,100.0,90.5,Excellent (Svastha)
HS-SYNTH-0288,Synthetic Evaluation Record (Simulated Cohort),50,Female,157.1,49.7,20.1,Normal,Freelancer / Creative,7.7,22.36,6.04,10:21 PM,06:03 AM,Good,7.3,4.8,36.0,2.0,Regular,20.0,2,Low,True,True,Medium,Low,High,Regular,None,87.9,76.0,78.8,99.8,100.0,67.0,82.8,Good (Prasanna)
HS-SYNTH-0289,Synthetic Evaluation Record (Simulated Cohort),19,Female,156.1,54.1,22.2,Normal,Educator / Academic,7.1,2.0,9.1,02:00 AM,09:06 AM,Moderate,6.9,4.7,68.0,2.0,Regular,32.0,5,Neutral,True,True,Medium,Low,High,Regular,None,85.5,100.0,58.5,81.3,100.0,67.0,80.7,Good (Prasanna)
HS-SYNTH-0290,Synthetic Evaluation Record (Simulated Cohort),32,Female,166.2,81.6,29.5,Overweight,Working Professional (IT/Corporate),5.1,1.5,6.6,01:30 AM,06:36 AM,Poor,10.1,8.5,11.0,0.8,Irregular,6.0,8,Neutral,False,False,Medium,High,Medium,Irregular,None,53.2,21.1,34.2,27.1,52.2,25.0,35.8,Needs Attention (Hina Vihara)
HS-SYNTH-0291,Synthetic Evaluation Record (Simulated Cohort),52,Male,173.6,70.0,23.2,Normal,Healthcare Worker,5.7,2.0,7.7,02:00 AM,07:42 AM,Moderate,5.8,7.8,45.0,1.8,Regular,29.0,9,Neutral,False,True,Medium,Low,High,Regular,None,65.5,99.0,26.7,63.7,93.0,67.0,67.2,Moderate (Madhyama)
HS-SYNTH-0292,Synthetic Evaluation Record (Simulated Cohort),27,Male,166.0,49.4,17.9,Underweight,Working Professional (IT/Corporate),7.4,22.84,6.27,10:50 PM,06:16 AM,Good,7.4,3.7,45.0,2.0,Regular,33.0,1,Good,True,True,High,Low,Low,Regular,None,87.9,100.0,90.0,99.4,100.0,100.0,95.3,Excellent (Svastha)
HS-SYNTH-0293,Synthetic Evaluation Record (Simulated Cohort),56,Female,155.1,64.2,26.7,Overweight,Working Professional (IT/Corporate),7.7,23.07,6.78,11:04 PM,06:47 AM,Moderate,7.4,5.4,46.0,2.2,Regular,31.0,2,Good,True,True,High,Low,Low,Regular,None,85.5,100.0,82.5,83.6,100.0,100.0,91.7,Excellent (Svastha)
HS-SYNTH-0294,Synthetic Evaluation Record (Simulated Cohort),23,Female,170.3,71.7,24.7,Normal,Student,5.3,1.5,6.81,01:30 AM,06:49 AM,Poor,9.3,9.9,15.0,1.6,Irregular,16.0,6,Low,False,False,Medium,High,Medium,Irregular,Anxiety/stress-related concerns,56.3,31.7,47.0,60.7,43.0,25.0,43.2,Needs Attention (Hina Vihara)
HS-SYNTH-0295,Synthetic Evaluation Record (Simulated Cohort),37,Male,169.0,65.9,23.1,Normal,Student,5.7,1.5,7.18,01:30 AM,07:11 AM,Moderate,10.2,8.3,22.0,0.8,Regular,11.0,10,Low,True,False,Low,High,Low,Regular,None,65.5,44.0,18.8,32.1,91.4,15.0,43.0,Needs Attention (Hina Vihara)
HS-SYNTH-0296,Synthetic Evaluation Record (Simulated Cohort),26,Female,168.9,59.0,20.7,Normal,Working Professional (IT/Corporate),8.5,22.2,6.71,10:12 PM,06:43 AM,Good,7.1,5.0,65.0,2.6,Regular,41.0,4,Neutral,False,True,Medium,Low,Medium,Regular,Arthritis,87.9,100.0,64.2,100.0,100.0,80.0,86.6,Excellent (Svastha)
HS-SYNTH-0297,Synthetic Evaluation Record (Simulated Cohort),47,Male,164.2,55.5,20.6,Normal,Student,7.2,2.0,9.23,02:00 AM,09:14 AM,Poor,9.7,5.3,0.0,2.3,Irregular,16.0,5,Good,True,False,Medium,High,Low,Irregular,None,82.5,16.0,60.0,98.1,50.0,30.0,54.2,Needs Attention (Hina Vihara)
HS-SYNTH-0298,Synthetic Evaluation Record (Simulated Cohort),48,Male,172.3,57.8,19.5,Normal,Homemaker,6.9,2.0,8.94,02:00 AM,08:56 AM,Poor,4.1,7.0,45.0,1.3,Regular,35.0,5,Neutral,False,True,Medium,Medium,Medium,Regular,Migraine,81.0,100.0,56.7,54.2,93.0,65.0,75.4,Good (Prasanna)
HS-SYNTH-0299,Synthetic Evaluation Record (Simulated Cohort),53,Male,170.6,59.9,20.6,Normal,Self-Employed / Business,6.9,2.0,8.92,02:00 AM,08:55 AM,Moderate,11.4,3.0,29.0,2.8,Irregular,23.0,2,Neutral,True,False,Medium,Medium,Low,Irregular,None,84.0,68.1,81.0,97.5,48.8,50.0,71.5,Good (Prasanna)
HS-SYNTH-0300,Synthetic Evaluation Record (Simulated Cohort),22,Female,161.5,72.1,27.6,Overweight,Student,4.7,1.5,6.18,01:30 AM,06:11 AM,Good,12.3,9.9,7.0,1.6,Irregular,34.0,6,Low,False,False,Low,Low,Medium,Irregular,Thyroid disorder,52.5,33.3,47.0,62.0,34.6,45.0,45.4,Needs Attention (Hina Vihara)
HS-SYNTH-0301,Synthetic Evaluation Record (Simulated Cohort),37,Male,171.8,30.4,10.3,Underweight,Freelancer / Creative,6.2,1.5,7.67,01:30 AM,07:40 AM,Poor,8.7,8.4,13.0,1.3,Irregular,17.0,5,Low,False,False,Low,Medium,Medium,Irregular,Diabetes,70.2,35.6,54.5,65.0,43.0,30.0,49.8,Needs Attention (Hina Vihara)
HS-SYNTH-0302,Synthetic Evaluation Record (Simulated Cohort),40,Female,161.7,66.9,25.6,Overweight,Student,6.8,1.5,8.27,01:30 AM,08:16 AM,Moderate,9.0,5.6,8.0,1.4,Irregular,8.0,6,Low,True,False,Low,Medium,High,Irregular,Thyroid disorder,82.4,20.4,48.8,58.1,50.0,17.0,46.4,Needs Attention (Hina Vihara)
HS-SYNTH-0303,Synthetic Evaluation Record (Simulated Cohort),44,Female,167.9,54.9,19.5,Normal,Self-Employed / Business,6.6,22.18,4.79,10:11 PM,04:47 AM,Good,6.0,6.8,34.0,2.3,Regular,20.0,2,Good,True,True,Medium,Medium,Medium,Regular,None,81.7,72.9,82.5,99.5,93.0,65.0,80.4,Good (Prasanna)
HS-SYNTH-0304,Synthetic Evaluation Record (Simulated Cohort),50,Female,167.3,73.8,26.4,Overweight,Freelancer / Creative,7.6,21.5,5.06,09:30 PM,05:03 AM,Good,5.5,4.0,42.0,2.2,Regular,20.0,3,Good,True,False,High,Medium,Low,Regular,None,87.9,85.3,75.0,75.0,100.0,65.0,80.9,Good (Prasanna)
HS-SYNTH-0305,Synthetic Evaluation Record (Simulated Cohort),51,Female,172.8,54.1,18.1,Underweight,Self-Employed / Business,8.4,22.48,6.83,10:29 PM,06:50 AM,Moderate,7.7,3.5,43.0,2.8,Regular,55.0,1,Good,True,False,Low,Low,Medium,Regular,Migraine,85.5,96.9,90.0,97.0,100.0,45.0,84.1,Good (Prasanna)
HS-SYNTH-0306,Synthetic Evaluation Record (Simulated Cohort),33,Male,165.6,59.2,21.6,Normal,Student,8.8,22.54,7.34,10:32 PM,07:20 AM,Good,8.7,2.9,64.0,3.5,Regular,20.0,4,Neutral,True,True,High,Medium,Medium,Regular,Hypertension,84.1,90.0,66.0,97.8,90.0,80.0,82.9,Good (Prasanna)
HS-SYNTH-0307,Synthetic Evaluation Record (Simulated Cohort),58,Female,169.9,68.0,23.6,Normal,Student,8.5,22.15,6.66,10:09 PM,06:40 AM,Good,5.9,4.5,47.0,2.8,Regular,43.0,2,Good,False,True,Medium,Medium,Low,Regular,None,87.9,100.0,80.7,99.9,100.0,70.0,88.1,Excellent (Svastha)
HS-SYNTH-0308,Synthetic Evaluation Record (Simulated Cohort),53,Male,154.0,75.3,31.8,Obesity Range,Healthcare Worker,7.1,21.63,4.74,09:38 PM,04:45 AM,Good,7.0,5.7,38.0,2.7,Regular,42.0,4,Good,True,True,Medium,Medium,Low,Regular,None,87.9,89.1,67.5,98.9,100.0,70.0,83.4,Good (Prasanna)
HS-SYNTH-0309,Synthetic Evaluation Record (Simulated Cohort),37,Female,176.7,78.2,25.0,Overweight,Student,4.5,2.0,6.5,02:00 AM,06:30 AM,Poor,8.7,8.6,42.0,2.1,Irregular,18.0,7,Neutral,False,True,Low,High,Medium,Irregular,Thyroid disorder,44.0,80.9,41.7,68.0,49.5,30.0,50.7,Needs Attention (Hina Vihara)
HS-SYNTH-0310,Synthetic Evaluation Record (Simulated Cohort),34,Male,160.0,55.7,21.8,Normal,Student,5.0,2.0,7.02,02:00 AM,07:01 AM,Moderate,10.1,5.0,29.0,2.4,Irregular,28.0,7,Low,False,True,Medium,High,Medium,Irregular,Migraine,54.7,73.1,39.5,98.8,59.2,45.0,58.2,Moderate (Madhyama)
HS-SYNTH-0311,Synthetic Evaluation Record (Simulated Cohort),38,Male,166.0,61.4,22.3,Normal,Homemaker,7.3,22.48,5.75,10:29 PM,05:45 AM,Poor,5.5,4.1,25.0,2.4,Regular,48.0,2,Good,True,True,High,Low,Low,Regular,None,82.5,68.9,82.5,99.8,100.0,100.0,87.0,Excellent (Svastha)
HS-SYNTH-0312,Synthetic Evaluation Record (Simulated Cohort),19,Male,168.9,60.7,21.3,Normal,Educator / Academic,6.8,2.0,8.82,02:00 AM,08:49 AM,Moderate,7.1,8.0,50.0,1.4,Irregular,21.0,7,Neutral,True,True,High,High,Medium,Irregular,None,82.4,91.0,43.5,55.1,53.0,60.0,65.9,Moderate (Madhyama)
HS-SYNTH-0313,Synthetic Evaluation Record (Simulated Cohort),22,Female,169.7,53.0,18.4,Underweight,Healthcare Worker,8.6,22.59,7.17,10:35 PM,07:10 AM,Good,6.7,4.2,67.0,2.9,Regular,64.0,4,Neutral,False,True,Medium,Low,Medium,Regular,Arthritis,86.6,100.0,64.2,97.5,100.0,80.0,86.0,Excellent (Svastha)
HS-SYNTH-0314,Synthetic Evaluation Record (Simulated Cohort),32,Other,168.5,64.1,22.6,Normal,Student,6.7,1.5,8.18,01:30 AM,08:11 AM,Poor,9.5,8.4,7.0,0.8,Irregular,21.0,5,Low,True,False,Low,High,Low,Irregular,None,77.9,30.3,56.2,34.8,43.0,15.0,45.2,Needs Attention (Hina Vihara)
HS-SYNTH-0315,Synthetic Evaluation Record (Simulated Cohort),35,Male,166.7,59.5,21.4,Normal,Working Professional (IT/Corporate),5.9,1.5,7.36,01:30 AM,07:22 AM,Poor,10.6,9.2,22.0,1.1,Irregular,17.0,6,Low,False,True,Medium,High,Medium,Irregular,None,65.6,46.4,47.0,48.5,51.7,45.0,51.3,Needs Attention (Hina Vihara)
HS-SYNTH-0316,Synthetic Evaluation Record (Simulated Cohort),30,Male,166.4,78.0,28.2,Overweight,Student,8.7,2.0,10.67,02:00 AM,10:40 AM,Good,10.2,10.2,42.0,2.2,Irregular,47.0,5,Good,False,True,Medium,High,Medium,Irregular,None,85.4,86.5,58.2,71.4,49.9,45.0,67.2,Moderate (Madhyama)
HS-SYNTH-0317,Synthetic Evaluation Record (Simulated Cohort),25,Male,140.5,79.8,40.4,Obesity Range,Self-Employed / Business,4.5,2.0,6.5,02:00 AM,06:30 AM,Good,8.1,5.8,3.0,2.3,Regular,53.0,4,Neutral,True,False,Low,Low,Medium,Regular,None,49.4,34.7,66.0,81.6,100.0,45.0,58.6,Moderate (Madhyama)
HS-SYNTH-0318,Synthetic Evaluation Record (Simulated Cohort),31,Female,168.8,60.8,21.3,Normal,Self-Employed / Business,6.1,2.0,8.12,02:00 AM,08:07 AM,Poor,7.7,4.8,32.0,1.2,Irregular,27.0,7,Neutral,True,True,Medium,Medium,High,Irregular,None,68.6,76.8,43.5,50.1,60.0,52.0,59.2,Moderate (Madhyama)
HS-SYNTH-0319,Synthetic Evaluation Record (Simulated Cohort),46,Female,154.9,60.4,25.2,Overweight,Educator / Academic,8.8,21.93,6.73,09:56 PM,06:44 AM,Good,8.5,4.4,25.0,3.4,Regular,39.0,2,Good,True,True,High,Low,Low,Regular,None,84.1,68.9,82.5,91.8,100.0,100.0,86.6,Excellent (Svastha)
HS-SYNTH-0320,Synthetic Evaluation Record (Simulated Cohort),33,Male,141.6,65.4,32.6,Obesity Range,Healthcare Worker,5.0,2.0,7.03,02:00 AM,07:02 AM,Poor,5.3,8.3,7.0,1.3,Regular,26.0,7,Neutral,False,True,Medium,Low,Low,Regular,None,51.7,35.7,41.7,55.4,93.0,85.0,58.1,Moderate (Madhyama)
HS-SYNTH-0321,Synthetic Evaluation Record (Simulated Cohort),49,Male,161.7,52.6,20.1,Normal,Healthcare Worker,5.6,2.0,7.62,02:00 AM,07:37 AM,Poor,10.6,6.5,22.0,1.0,Irregular,32.0,7,Neutral,True,False,Medium,Low,Medium,Irregular,None,60.9,64.2,43.5,49.4,48.2,60.0,55.2,Moderate (Madhyama)
HS-SYNTH-0322,Synthetic Evaluation Record (Simulated Cohort),42,Female,164.3,39.6,14.7,Underweight,Freelancer / Creative,6.4,2.0,8.36,02:00 AM,08:21 AM,Moderate,9.4,4.5,62.0,1.5,Regular,12.0,6,Low,False,True,High,High,High,Regular,Arthritis,76.3,82.0,47.0,75.0,90.0,47.0,67.7,Moderate (Madhyama)
HS-SYNTH-0323,Synthetic Evaluation Record (Simulated Cohort),33,Female,163.2,58.1,21.8,Normal,Freelancer / Creative,6.7,2.0,8.69,02:00 AM,08:42 AM,Moderate,7.2,5.8,8.0,2.9,Irregular,40.0,6,Good,False,False,High,Low,High,Irregular,None,80.9,42.4,50.7,96.0,60.0,62.0,63.5,Moderate (Madhyama)
HS-SYNTH-0324,Synthetic Evaluation Record (Simulated Cohort),47,Female,174.2,65.0,21.4,Normal,Freelancer / Creative,5.3,2.0,7.27,02:00 AM,07:16 AM,Good,9.5,8.1,13.0,2.5,Irregular,35.0,3,Neutral,True,False,High,Medium,High,Irregular,Hypertension,61.7,49.8,73.5,99.4,43.0,47.0,60.8,Moderate (Madhyama)
HS-SYNTH-0325,Synthetic Evaluation Record (Simulated Cohort),31,Male,165.2,63.0,23.1,Normal,Working Professional (IT/Corporate),5.6,1.5,7.1,01:30 AM,07:06 AM,Good,10.0,7.8,8.0,1.8,Irregular,16.0,8,Low,False,True,Medium,Low,High,Irregular,Asthma,66.3,28.4,31.9,79.2,43.0,67.0,51.2,Needs Attention (Hina Vihara)
HS-SYNTH-0326,Synthetic Evaluation Record (Simulated Cohort),41,Female,162.9,80.1,30.2,Obesity Range,Working Professional (IT/Corporate),5.0,1.5,6.51,01:30 AM,06:31 AM,Poor,10.9,5.7,35.0,1.5,Irregular,21.0,8,Low,False,True,Medium,High,High,Irregular,None,51.7,75.4,31.9,48.5,52.8,32.0,48.3,Needs Attention (Hina Vihara)
HS-SYNTH-0327,Synthetic Evaluation Record (Simulated Cohort),45,Other,172.2,66.3,22.4,Normal,Student,7.5,2.0,9.45,02:00 AM,09:27 AM,Moderate,11.3,6.1,12.0,2.0,Irregular,33.0,6,Neutral,False,True,Low,Medium,Medium,Irregular,None,85.5,48.7,49.2,82.6,42.6,50.0,59.8,Moderate (Madhyama)
HS-SYNTH-0328,Synthetic Evaluation Record (Simulated Cohort),42,Male,162.4,69.1,26.2,Overweight,Student,7.3,22.22,5.5,10:13 PM,05:30 AM,Good,7.3,4.2,52.0,2.0,Regular,44.0,5,Good,False,True,High,Medium,Medium,Regular,None,87.9,100.0,58.2,70.1,100.0,80.0,82.4,Good (Prasanna)
HS-SYNTH-0329,Synthetic Evaluation Record (Simulated Cohort),52,Male,161.2,52.1,20.0,Normal,Educator / Academic,7.8,21.65,5.45,09:39 PM,05:27 AM,Moderate,8.1,4.5,67.0,2.4,Regular,35.0,2,Good,True,True,High,Medium,High,Regular,None,85.5,100.0,82.5,99.9,100.0,67.0,87.4,Excellent (Svastha)
HS-SYNTH-0330,Synthetic Evaluation Record (Simulated Cohort),40,Male,160.2,90.7,35.3,Obesity Range,Working Professional (IT/Corporate),6.7,1.5,8.18,01:30 AM,08:11 AM,Poor,9.7,6.5,26.0,1.0,Irregular,18.0,6,Low,True,True,High,High,Medium,Irregular,Migraine,77.9,58.4,48.8,29.5,43.0,60.0,56.3,Moderate (Madhyama)
HS-SYNTH-0331,Synthetic Evaluation Record (Simulated Cohort),23,Male,164.6,60.0,22.1,Normal,Homemaker,6.6,2.0,8.65,02:00 AM,08:39 AM,Moderate,8.7,5.3,7.0,3.0,Irregular,32.0,5,Neutral,True,True,High,Low,High,Irregular,None,79.3,40.9,58.5,95.5,50.0,82.0,66.8,Moderate (Madhyama)
HS-SYNTH-0332,Synthetic Evaluation Record (Simulated Cohort),54,Female,164.1,55.8,20.7,Normal,Homemaker,4.5,2.0,6.5,02:00 AM,06:30 AM,Moderate,8.2,5.9,6.0,1.9,Regular,33.0,6,Neutral,True,True,Medium,Low,Medium,Regular,None,47.0,39.3,51.0,99.4,100.0,80.0,64.0,Moderate (Madhyama)
HS-SYNTH-0333,Synthetic Evaluation Record (Simulated Cohort),30,Female,156.5,71.4,29.2,Overweight,Student,4.7,1.5,6.18,01:30 AM,06:11 AM,Poor,10.1,7.4,11.0,1.5,Regular,27.0,6,Neutral,False,False,Medium,Low,High,Regular,Diabetes,47.1,44.1,49.2,57.9,92.2,47.0,53.5,Needs Attention (Hina Vihara)
HS-SYNTH-0334,Synthetic Evaluation Record (Simulated Cohort),35,Female,175.6,66.0,21.4,Normal,Freelancer / Creative,5.7,2.0,7.73,02:00 AM,07:44 AM,Poor,8.6,6.8,22.0,2.3,Regular,13.0,3,Low,False,False,High,Medium,Low,Regular,None,62.5,47.2,69.5,99.0,83.0,65.0,67.7,Moderate (Madhyama)
HS-SYNTH-0335,Synthetic Evaluation Record (Simulated Cohort),53,Male,177.7,52.6,16.7,Underweight,Healthcare Worker,7.4,23.2,6.59,11:12 PM,06:36 AM,Good,8.9,3.4,43.0,2.4,Regular,49.0,4,Good,True,True,High,Low,Low,Regular,None,87.9,96.9,67.5,98.9,90.0,100.0,89.0,Excellent (Svastha)
HS-SYNTH-0336,Synthetic Evaluation Record (Simulated Cohort),52,Female,178.7,49.8,15.6,Underweight,Educator / Academic,7.0,23.05,6.02,11:03 PM,06:01 AM,Moderate,7.6,4.0,70.0,2.7,Regular,20.0,3,Good,True,True,High,Medium,Low,Regular,None,85.5,90.0,75.0,98.0,100.0,85.0,87.1,Excellent (Svastha)
HS-SYNTH-0337,Synthetic Evaluation Record (Simulated Cohort),30,Male,166.2,58.2,21.1,Normal,Working Professional (IT/Corporate),7.2,2.0,9.24,02:00 AM,09:14 AM,Moderate,7.6,6.6,39.0,2.4,Irregular,38.0,3,Neutral,True,True,Low,Medium,Medium,Irregular,None,85.5,90.7,73.5,99.8,53.0,50.0,75.2,Good (Prasanna)
HS-SYNTH-0338,Synthetic Evaluation Record (Simulated Cohort),32,Male,155.4,60.2,24.9,Normal,Freelancer / Creative,6.2,1.5,7.65,01:30 AM,07:39 AM,Moderate,7.8,8.8,3.0,2.0,Irregular,8.0,7,Neutral,True,False,Medium,Medium,High,Irregular,Digestive problems,73.2,9.5,43.5,99.2,58.5,32.0,49.2,Needs Attention (Hina Vihara)
HS-SYNTH-0339,Synthetic Evaluation Record (Simulated Cohort),25,Male,176.5,49.5,15.9,Underweight,Healthcare Worker,6.9,22.53,5.42,10:32 PM,05:25 AM,Moderate,8.1,5.3,43.0,2.2,Regular,64.0,3,Good,True,True,High,Low,High,Regular,Asthma,84.0,96.9,75.0,99.3,100.0,82.0,87.6,Excellent (Svastha)
HS-SYNTH-0340,Synthetic Evaluation Record (Simulated Cohort),37,Female,175.8,75.9,24.6,Normal,Self-Employed / Business,7.2,22.36,5.53,10:22 PM,05:32 AM,Good,8.4,6.7,25.0,3.5,Regular,24.0,2,Good,True,True,Medium,Low,Low,Regular,Migraine,87.9,62.9,82.5,97.2,93.0,85.0,83.3,Good (Prasanna)
HS-SYNTH-0341,Synthetic Evaluation Record (Simulated Cohort),43,Other,159.7,65.7,25.8,Overweight,Self-Employed / Business,7.1,22.5,5.63,10:30 PM,05:38 AM,Good,8.4,5.6,56.0,3.3,Regular,57.0,3,Good,True,False,High,Low,Low,Regular,None,87.9,100.0,75.0,97.6,100.0,80.0,88.5,Excellent (Svastha)
HS-SYNTH-0342,Synthetic Evaluation Record (Simulated Cohort),40,Female,151.0,73.8,32.4,Obesity Range,Working Professional (IT/Corporate),5.5,1.5,7.0,01:30 AM,07:00 AM,Poor,8.5,11.3,42.0,1.5,Irregular,13.0,8,Neutral,False,False,Low,High,Low,Irregular,None,59.4,65.1,34.2,51.1,46.0,15.0,45.0,Needs Attention (Hina Vihara)
HS-SYNTH-0343,Synthetic Evaluation Record (Simulated Cohort),33,Female,159.2,91.6,36.1,Obesity Range,Freelancer / Creative,5.0,1.5,6.53,01:30 AM,06:32 AM,Moderate,7.6,8.2,22.0,2.6,Irregular,22.0,9,Low,False,False,High,Medium,High,Irregular,Anxiety/stress-related concerns,54.7,55.4,24.4,76.7,53.0,47.0,49.4,Needs Attention (Hina Vihara)
HS-SYNTH-0344,Synthetic Evaluation Record (Simulated Cohort),44,Male,186.6,68.6,19.7,Normal,Student,8.1,21.62,5.77,09:37 PM,05:46 AM,Good,7.8,5.4,49.0,3.4,Regular,32.0,3,Good,True,True,High,Low,Low,Regular,None,87.9,100.0,75.0,97.4,100.0,100.0,92.1,Excellent (Svastha)
HS-SYNTH-0345,Synthetic Evaluation Record (Simulated Cohort),32,Male,163.2,69.9,26.2,Overweight,Educator / Academic,7.4,2.0,9.39,02:00 AM,09:23 AM,Poor,5.7,6.9,17.0,1.0,Regular,8.0,3,Good,True,False,Low,Medium,High,Regular,None,82.5,34.4,75.0,38.6,93.0,17.0,57.4,Moderate (Madhyama)
HS-SYNTH-0346,Synthetic Evaluation Record (Simulated Cohort),25,Male,163.6,54.8,20.5,Normal,Self-Employed / Business,4.7,2.0,6.7,02:00 AM,06:42 AM,Moderate,7.9,4.2,41.0,2.8,Regular,25.0,3,Neutral,False,True,Medium,High,Low,Regular,None,50.1,88.8,71.7,97.0,100.0,50.0,72.0,Good (Prasanna)
HS-SYNTH-0347,Synthetic Evaluation Record (Simulated Cohort),49,Female,176.4,68.8,22.1,Normal,Educator / Academic,6.6,22.89,5.47,10:53 PM,05:28 AM,Good,7.9,5.3,43.0,2.7,Regular,40.0,3,Good,True,True,High,Low,High,Regular,None,81.7,96.9,75.0,99.7,100.0,82.0,87.1,Excellent (Svastha)
HS-SYNTH-0348,Synthetic Evaluation Record (Simulated Cohort),25,Female,164.9,77.1,28.4,Overweight,Educator / Academic,5.8,2.0,7.82,02:00 AM,07:49 AM,Moderate,6.2,4.8,13.0,2.4,Irregular,17.0,5,Neutral,False,False,Medium,Medium,Medium,Irregular,Asthma,67.0,37.2,56.7,85.5,60.0,45.0,56.6,Moderate (Madhyama)
HS-SYNTH-0349,Synthetic Evaluation Record (Simulated Cohort),24,Male,172.8,77.5,26.0,Overweight,Healthcare Worker,6.9,21.55,4.4,09:33 PM,04:24 AM,Poor,9.0,4.8,46.0,2.6,Regular,75.0,3,Neutral,True,True,Medium,Low,Low,Regular,None,81.0,100.0,73.5,84.0,90.0,85.0,85.0,Excellent (Svastha)
HS-SYNTH-0350,Synthetic Evaluation Record (Simulated Cohort),32,Male,166.6,84.8,30.6,Obesity Range,Educator / Academic,5.8,2.0,7.75,02:00 AM,07:45 AM,Good,8.4,6.6,49.0,2.4,Irregular,16.0,7,Neutral,True,True,Medium,High,Medium,Irregular,Arthritis,69.4,86.0,43.5,71.1,53.0,45.0,61.0,Moderate (Madhyama)
HS-SYNTH-0351,Synthetic Evaluation Record (Simulated Cohort),40,Female,164.3,71.4,26.4,Overweight,Freelancer / Creative,6.9,21.5,4.36,09:30 PM,04:21 AM,Good,7.3,7.5,52.0,2.5,Regular,20.0,5,Good,True,False,High,Low,Low,Regular,None,86.4,90.0,60.0,85.3,93.0,80.0,81.3,Good (Prasanna)
HS-SYNTH-0352,Synthetic Evaluation Record (Simulated Cohort),44,Female,170.2,66.8,23.1,Normal,Self-Employed / Business,6.5,2.0,8.5,02:00 AM,08:30 AM,Poor,8.1,3.8,21.0,2.1,Irregular,25.0,3,Neutral,True,True,High,High,High,Irregular,None,74.8,57.7,73.5,83.6,60.0,47.0,65.6,Moderate (Madhyama)
HS-SYNTH-0353,Synthetic Evaluation Record (Simulated Cohort),37,Female,174.0,49.5,16.3,Underweight,Homemaker,6.1,2.0,8.11,02:00 AM,08:07 AM,Good,6.0,3.0,52.0,1.2,Irregular,34.0,7,Neutral,False,False,Medium,Low,Medium,Irregular,Migraine,74.0,100.0,41.7,55.4,60.0,60.0,66.2,Moderate (Madhyama)
HS-SYNTH-0354,Synthetic Evaluation Record (Simulated Cohort),53,Male,183.4,69.8,20.8,Normal,Freelancer / Creative,6.6,2.0,8.59,02:00 AM,08:35 AM,Moderate,6.6,7.8,48.0,1.9,Regular,15.0,8,Neutral,True,True,Low,Medium,Medium,Regular,None,79.3,85.0,36.0,66.8,93.0,50.0,66.8,Moderate (Madhyama)
HS-SYNTH-0355,Synthetic Evaluation Record (Simulated Cohort),46,Female,167.6,58.0,20.6,Normal,Healthcare Worker,5.0,2.0,6.98,02:00 AM,06:59 AM,Moderate,8.0,5.3,9.0,2.1,Regular,28.0,4,Low,True,True,High,High,Low,Regular,None,54.7,42.0,63.8,100.0,100.0,65.0,66.1,Moderate (Madhyama)
HS-SYNTH-0356,Synthetic Evaluation Record (Simulated Cohort),51,Male,159.4,56.5,22.2,Normal,Educator / Academic,7.2,22.47,5.65,10:28 PM,05:39 AM,Poor,7.8,2.8,37.0,2.6,Regular,68.0,3,Neutral,True,True,High,Low,Medium,Regular,None,82.5,87.6,73.5,98.3,100.0,95.0,87.5,Excellent (Svastha)
HS-SYNTH-0357,Synthetic Evaluation Record (Simulated Cohort),38,Female,182.0,69.6,21.0,Normal,Freelancer / Creative,6.0,1.5,7.53,01:30 AM,07:32 AM,Moderate,8.8,11.9,3.0,1.6,Irregular,4.0,7,Neutral,False,True,Medium,High,High,Irregular,Diabetes,70.1,5.0,41.7,65.0,35.0,32.0,41.1,Needs Attention (Hina Vihara)
HS-SYNTH-0358,Synthetic Evaluation Record (Simulated Cohort),52,Female,159.0,69.2,27.4,Overweight,Self-Employed / Business,6.7,2.0,8.71,02:00 AM,08:43 AM,Moderate,8.3,6.0,22.0,1.0,Irregular,35.0,3,Neutral,False,False,Low,Medium,Medium,Irregular,Thyroid disorder,80.9,64.2,71.7,38.4,60.0,30.0,60.1,Moderate (Madhyama)
HS-SYNTH-0359,Synthetic Evaluation Record (Simulated Cohort),33,Male,173.2,64.2,21.4,Normal,Homemaker,7.6,22.1,5.71,10:06 PM,05:42 AM,Good,8.6,5.1,52.0,2.5,Regular,43.0,4,Good,True,False,High,Low,Medium,Regular,None,87.9,100.0,67.5,99.2,90.0,75.0,85.1,Excellent (Svastha)
HS-SYNTH-0360,Synthetic Evaluation Record (Simulated Cohort),24,Female,168.9,98.5,34.5,Obesity Range,Working Professional (IT/Corporate),6.1,1.5,7.57,01:30 AM,07:34 AM,Moderate,11.8,5.5,0.0,2.4,Irregular,12.0,6,Low,True,False,Low,Low,Medium,Irregular,Thyroid disorder,71.6,12.0,48.8,69.6,45.6,45.0,48.2,Needs Attention (Hina Vihara)
HS-SYNTH-0361,Synthetic Evaluation Record (Simulated Cohort),43,Female,155.4,62.8,26.0,Overweight,Educator / Academic,6.1,2.0,8.09,02:00 AM,08:05 AM,Moderate,6.8,6.5,31.0,2.5,Regular,11.0,4,Neutral,True,True,Medium,High,Medium,Regular,None,71.6,59.2,66.0,99.8,93.0,45.0,68.8,Moderate (Madhyama)
HS-SYNTH-0362,Synthetic Evaluation Record (Simulated Cohort),35,Male,187.2,39.5,11.3,Underweight,Homemaker,7.5,23.03,6.5,11:02 PM,06:30 AM,Good,6.9,4.8,62.0,2.8,Regular,45.0,1,Good,True,True,High,Low,Low,Regular,None,87.9,100.0,90.0,95.0,100.0,100.0,94.8,Excellent (Svastha)
HS-SYNTH-0363,Synthetic Evaluation Record (Simulated Cohort),26,Male,162.5,45.8,17.3,Underweight,Student,7.7,2.0,9.7,02:00 AM,09:42 AM,Good,9.4,5.8,38.0,1.2,Irregular,37.0,4,Low,False,True,Medium,Medium,High,Irregular,Thyroid disorder,87.9,89.1,62.0,60.0,50.0,52.0,69.1,Moderate (Madhyama)
HS-SYNTH-0364,Synthetic Evaluation Record (Simulated Cohort),28,Male,183.6,78.2,23.2,Normal,Student,7.2,1.5,8.68,01:30 AM,08:41 AM,Moderate,7.2,10.0,13.0,1.3,Irregular,0.0,8,Neutral,False,True,Medium,High,High,Irregular,None,85.5,12.2,34.2,45.7,52.5,32.0,44.5,Needs Attention (Hina Vihara)
HS-SYNTH-0365,Synthetic Evaluation Record (Simulated Cohort),32,Male,139.1,77.0,39.8,Obesity Range,Working Professional (IT/Corporate),8.1,2.0,10.12,02:00 AM,10:07 AM,Moderate,6.6,6.9,48.0,1.0,Irregular,37.0,3,Good,False,True,Medium,Low,Low,Irregular,Digestive problems,85.5,100.0,73.2,32.3,53.0,85.0,76.3,Good (Prasanna)
HS-SYNTH-0366,Synthetic Evaluation Record (Simulated Cohort),40,Female,168.3,62.0,21.9,Normal,Self-Employed / Business,8.4,23.2,7.64,11:12 PM,07:39 AM,Moderate,8.5,5.6,46.0,2.2,Regular,61.0,3,Good,True,True,Medium,Low,Medium,Regular,None,85.5,100.0,75.0,86.2,100.0,80.0,86.8,Excellent (Svastha)
HS-SYNTH-0367,Synthetic Evaluation Record (Simulated Cohort),37,Male,159.4,70.2,27.6,Overweight,Homemaker,7.3,21.98,5.32,09:59 PM,05:19 AM,Good,7.2,2.8,44.0,2.4,Regular,49.0,3,Good,True,True,Low,Low,Medium,Regular,Digestive problems,87.9,98.4,75.0,85.0,100.0,65.0,84.2,Good (Prasanna)
HS-SYNTH-0368,Synthetic Evaluation Record (Simulated Cohort),41,Female,171.7,68.3,23.2,Normal,Freelancer / Creative,7.3,2.0,9.26,02:00 AM,09:15 AM,Moderate,8.8,5.7,36.0,2.0,Irregular,40.0,4,Neutral,False,True,Medium,High,Medium,Irregular,None,85.5,86.0,64.2,74.3,50.0,45.0,68.7,Moderate (Madhyama)
HS-SYNTH-0369,Synthetic Evaluation Record (Simulated Cohort),31,Female,176.5,58.5,18.8,Normal,Self-Employed / Business,5.7,2.0,7.66,02:00 AM,07:40 AM,Moderate,5.9,10.1,30.0,1.6,Irregular,27.0,9,Good,True,True,High,Medium,Medium,Irregular,None,65.5,65.3,30.0,69.6,52.0,80.0,59.8,Moderate (Madhyama)
HS-SYNTH-0370,Synthetic Evaluation Record (Simulated Cohort),24,Female,163.3,82.0,30.7,Obesity Range,Student,4.7,2.0,6.69,02:00 AM,06:41 AM,Moderate,6.9,7.8,32.0,1.8,Irregular,5.0,7,Neutral,False,True,Medium,Medium,High,Irregular,Digestive problems,50.1,54.8,41.7,57.4,53.0,52.0,50.7,Needs Attention (Hina Vihara)
HS-SYNTH-0371,Synthetic Evaluation Record (Simulated Cohort),44,Male,168.1,49.0,17.3,Underweight,Educator / Academic,7.8,2.0,9.82,02:00 AM,09:49 AM,Moderate,10.4,7.2,56.0,2.0,Irregular,33.0,5,Neutral,False,True,Low,Medium,Medium,Irregular,None,85.5,100.0,56.7,99.0,49.8,50.0,73.0,Good (Prasanna)
HS-SYNTH-0372,Synthetic Evaluation Record (Simulated Cohort),52,Female,153.5,78.4,33.3,Obesity Range,Student,5.3,2.0,7.35,02:00 AM,07:21 AM,Moderate,8.6,3.7,10.0,1.7,Irregular,5.0,5,Neutral,True,True,Medium,Medium,Low,Irregular,Diabetes,59.3,20.6,58.5,60.1,50.0,70.0,53.1,Needs Attention (Hina Vihara)
HS-SYNTH-0373,Synthetic Evaluation Record (Simulated Cohort),58,Female,163.4,60.3,22.6,Normal,Healthcare Worker,7.3,23.2,6.52,11:12 PM,06:31 AM,Good,6.8,3.5,83.0,2.0,Regular,39.0,4,Neutral,True,True,Medium,Low,Low,Regular,Arthritis,87.9,100.0,66.0,71.4,100.0,85.0,85.0,Excellent (Svastha)
HS-SYNTH-0374,Synthetic Evaluation Record (Simulated Cohort),35,Male,168.0,60.2,21.3,Normal,Student,6.7,1.5,8.22,01:30 AM,08:13 AM,Moderate,9.3,7.6,25.0,1.7,Irregular,17.0,6,Neutral,False,False,High,Medium,High,Irregular,Digestive problems,80.9,55.9,49.2,73.4,43.0,47.0,58.7,Moderate (Madhyama)
HS-SYNTH-0375,Synthetic Evaluation Record (Simulated Cohort),24,Male,182.2,61.0,18.4,Underweight,Freelancer / Creative,7.6,22.39,5.94,10:23 PM,05:56 AM,Moderate,9.0,4.8,64.0,2.2,Regular,56.0,4,Good,False,True,High,Low,Low,Regular,None,85.5,100.0,65.7,82.4,90.0,100.0,87.0,Excellent (Svastha)
HS-SYNTH-0376,Synthetic Evaluation Record (Simulated Cohort),52,Male,160.6,74.1,28.7,Overweight,Self-Employed / Business,7.2,22.14,5.35,10:09 PM,05:21 AM,Good,7.4,3.5,75.0,2.6,Regular,57.0,4,Low,True,True,Medium,Low,Low,Regular,None,87.9,100.0,63.8,80.8,100.0,85.0,85.5,Excellent (Svastha)
HS-SYNTH-0377,Synthetic Evaluation Record (Simulated Cohort),32,Male,166.3,68.3,24.7,Normal,Student,6.6,2.0,8.64,02:00 AM,08:38 AM,Good,8.8,8.3,17.0,3.5,Regular,43.0,6,Good,False,True,Medium,Medium,Medium,Regular,None,81.7,55.2,50.7,95.9,83.0,65.0,69.3,Moderate (Madhyama)
HS-SYNTH-0378,Synthetic Evaluation Record (Simulated Cohort),20,Female,161.5,55.2,21.2,Normal,Freelancer / Creative,5.8,1.5,7.27,01:30 AM,07:16 AM,Moderate,7.2,7.6,31.0,1.2,Irregular,24.0,7,Neutral,False,False,High,Medium,Medium,Irregular,Hypertension,67.0,72.2,41.7,54.8,53.0,60.0,58.7,Moderate (Madhyama)
HS-SYNTH-0379,Synthetic Evaluation Record (Simulated Cohort),21,Female,155.5,50.4,20.8,Normal,Student,6.7,2.0,8.67,02:00 AM,08:40 AM,Poor,10.5,5.0,36.0,1.4,Irregular,9.0,7,Neutral,False,True,Medium,Medium,Medium,Irregular,None,77.9,65.0,41.7,67.8,56.0,65.0,62.4,Moderate (Madhyama)
HS-SYNTH-0380,Synthetic Evaluation Record (Simulated Cohort),32,Female,162.0,71.9,27.4,Overweight,Freelancer / Creative,7.7,23.2,6.87,11:12 PM,06:52 AM,Good,8.1,3.9,43.0,2.6,Regular,67.0,3,Neutral,True,True,High,Low,Medium,Regular,None,87.9,96.9,73.5,98.8,100.0,95.0,90.5,Excellent (Svastha)
HS-SYNTH-0381,Synthetic Evaluation Record (Simulated Cohort),34,Male,174.3,54.5,17.9,Underweight,Freelancer / Creative,8.2,22.28,6.47,10:17 PM,06:28 AM,Moderate,5.6,6.2,61.0,2.6,Regular,37.0,3,Good,True,False,High,Low,Medium,Regular,None,85.5,100.0,75.0,99.0,93.0,75.0,86.4,Excellent (Svastha)
HS-SYNTH-0382,Synthetic Evaluation Record (Simulated Cohort),41,Female,172.1,48.8,16.5,Underweight,Freelancer / Creative,5.0,1.5,6.52,01:30 AM,06:31 AM,Poor,9.8,6.0,15.0,1.0,Irregular,20.0,6,Neutral,True,False,Low,High,Medium,Irregular,Migraine,51.7,43.3,51.0,50.0,50.0,10.0,42.2,Needs Attention (Hina Vihara)
HS-SYNTH-0383,Synthetic Evaluation Record (Simulated Cohort),25,Male,159.9,68.0,26.6,Overweight,Student,7.0,2.0,8.98,02:00 AM,08:59 AM,Moderate,8.9,3.6,14.0,2.4,Irregular,23.0,3,Neutral,False,True,High,Low,Medium,Irregular,None,85.5,44.8,71.7,99.5,50.0,95.0,74.3,Good (Prasanna)
HS-SYNTH-0384,Synthetic Evaluation Record (Simulated Cohort),23,Male,165.4,65.6,24.0,Normal,Working Professional (IT/Corporate),5.4,1.5,6.92,01:30 AM,06:55 AM,Poor,10.1,10.3,30.0,1.1,Irregular,29.0,7,Good,False,False,Medium,Medium,High,Irregular,Anxiety/stress-related concerns,57.9,66.5,43.2,43.2,50.2,32.0,49.5,Needs Attention (Hina Vihara)
HS-SYNTH-0385,Synthetic Evaluation Record (Simulated Cohort),25,Male,163.5,66.3,24.8,Normal,Student,5.5,1.5,7.0,01:30 AM,07:00 AM,Moderate,9.5,5.5,14.0,1.5,Irregular,20.0,6,Neutral,False,False,High,Medium,High,Irregular,Migraine,62.4,41.8,49.2,61.5,50.0,47.0,51.7,Needs Attention (Hina Vihara)
HS-SYNTH-0386,Synthetic Evaluation Record (Simulated Cohort),33,Female,166.9,61.5,22.1,Normal,Working Professional (IT/Corporate),6.1,2.0,8.12,02:00 AM,08:07 AM,Good,6.7,5.1,6.0,2.6,Irregular,14.0,4,Neutral,False,False,Medium,Medium,Medium,Irregular,None,74.0,23.3,64.2,97.7,60.0,45.0,58.4,Moderate (Madhyama)
HS-SYNTH-0387,Synthetic Evaluation Record (Simulated Cohort),55,Female,163.0,58.9,22.2,Normal,Homemaker,8.6,22.9,7.48,10:54 PM,07:29 AM,Good,6.8,3.7,37.0,2.8,Regular,38.0,2,Good,True,True,Medium,Medium,Low,Regular,None,86.6,87.6,82.5,97.7,100.0,70.0,85.7,Excellent (Svastha)
HS-SYNTH-0388,Synthetic Evaluation Record (Simulated Cohort),23,Male,166.5,47.4,17.1,Underweight,Working Professional (IT/Corporate),7.0,2.0,8.98,02:00 AM,08:59 AM,Good,5.3,7.4,53.0,2.7,Irregular,25.0,5,Good,False,True,High,Low,Low,Irregular,None,87.9,95.0,58.2,96.4,53.0,100.0,82.1,Good (Prasanna)
HS-SYNTH-0389,Synthetic Evaluation Record (Simulated Cohort),35,Female,159.5,57.1,22.4,Normal,Healthcare Worker,5.3,2.0,7.34,02:00 AM,07:21 AM,Poor,7.4,4.3,51.0,1.7,Regular,9.0,5,Neutral,True,True,Medium,Medium,Medium,Regular,None,56.3,79.0,58.5,70.1,100.0,65.0,69.0,Moderate (Madhyama)
HS-SYNTH-0390,Synthetic Evaluation Record (Simulated Cohort),26,Male,169.0,65.6,23.0,Normal,Working Professional (IT/Corporate),6.4,1.5,7.88,01:30 AM,07:53 AM,Poor,10.5,7.3,3.0,2.1,Irregular,19.0,8,Neutral,True,False,Low,Medium,High,Irregular,None,73.3,23.7,36.0,98.8,49.0,17.0,46.4,Needs Attention (Hina Vihara)
HS-SYNTH-0391,Synthetic Evaluation Record (Simulated Cohort),43,Female,157.2,60.7,24.6,Normal,Educator / Academic,7.2,22.56,5.77,10:34 PM,05:46 AM,Good,6.6,4.0,39.0,2.6,Regular,44.0,1,Neutral,True,True,High,Medium,Low,Regular,None,87.9,90.7,88.5,99.2,100.0,85.0,90.6,Excellent (Svastha)
HS-SYNTH-0392,Synthetic Evaluation Record (Simulated Cohort),20,Female,183.2,67.5,20.1,Normal,Working Professional (IT/Corporate),5.6,1.5,7.12,01:30 AM,07:07 AM,Good,8.5,6.1,11.0,2.2,Irregular,6.0,8,Low,False,False,Low,High,High,Irregular,Asthma,66.3,23.1,31.9,89.6,53.0,10.0,42.2,Needs Attention (Hina Vihara)
HS-SYNTH-0393,Synthetic Evaluation Record (Simulated Cohort),57,Male,190.4,67.6,18.6,Normal,Freelancer / Creative,6.5,22.26,4.76,10:16 PM,04:46 AM,Good,5.1,3.6,37.0,2.5,Regular,21.0,4,Good,True,False,High,Low,Low,Regular,None,80.2,78.6,67.5,99.2,100.0,80.0,81.6,Good (Prasanna)
HS-SYNTH-0394,Synthetic Evaluation Record (Simulated Cohort),39,Male,168.0,80.6,28.6,Overweight,Freelancer / Creative,5.8,1.5,7.3,01:30 AM,07:18 AM,Poor,10.4,6.7,2.0,1.6,Irregular,11.0,7,Neutral,True,False,Medium,Medium,High,Irregular,None,64.0,14.1,43.5,56.4,49.8,32.0,42.7,Needs Attention (Hina Vihara)
HS-SYNTH-0395,Synthetic Evaluation Record (Simulated Cohort),27,Female,167.0,57.0,20.4,Normal,Working Professional (IT/Corporate),6.5,1.5,7.95,01:30 AM,07:57 AM,Poor,9.1,10.9,16.0,2.6,Irregular,1.0,10,Neutral,False,False,Medium,High,High,Irregular,Thyroid disorder,74.8,14.3,19.2,97.2,38.0,12.0,39.3,Needs Attention (Hina Vihara)
HS-SYNTH-0396,Synthetic Evaluation Record (Simulated Cohort),28,Male,166.8,55.2,19.8,Normal,Working Professional (IT/Corporate),7.2,22.75,5.91,10:45 PM,05:55 AM,Moderate,7.8,3.2,41.0,2.7,Regular,59.0,4,Good,True,True,Medium,Low,Low,Regular,Hypertension,85.5,93.8,67.5,97.7,100.0,85.0,86.3,Excellent (Svastha)
HS-SYNTH-0397,Synthetic Evaluation Record (Simulated Cohort),35,Other,158.9,62.1,24.6,Normal,Self-Employed / Business,7.2,22.35,5.58,10:21 PM,05:35 AM,Moderate,8.7,6.4,46.0,2.5,Regular,33.0,3,Good,True,True,High,Low,Low,Regular,None,85.5,100.0,75.0,99.7,83.0,100.0,89.7,Excellent (Svastha)
HS-SYNTH-0398,Synthetic Evaluation Record (Simulated Cohort),42,Female,160.2,47.6,18.5,Normal,Homemaker,5.4,2.0,7.42,02:00 AM,07:25 AM,Moderate,7.7,6.6,26.0,1.8,Regular,30.0,6,Low,False,True,Medium,Medium,High,Regular,Anxiety/stress-related concerns,60.9,70.4,47.0,98.8,93.0,52.0,65.9,Moderate (Madhyama)
HS-SYNTH-0399,Synthetic Evaluation Record (Simulated Cohort),36,Male,172.2,79.8,26.9,Overweight,Student,7.6,2.0,9.58,02:00 AM,09:35 AM,Poor,9.5,4.9,36.0,2.3,Irregular,15.0,6,Neutral,False,True,Medium,Medium,Medium,Irregular,None,82.5,71.0,49.2,74.4,50.0,65.0,65.9,Moderate (Madhyama)
HS-SYNTH-0400,Synthetic Evaluation Record (Simulated Cohort),36,Female,148.1,62.1,28.3,Overweight,Homemaker,7.4,21.85,5.26,09:51 PM,05:15 AM,Good,9.0,5.6,25.0,3.1,Regular,29.0,4,Good,True,True,Medium,Low,Low,Regular,Diabetes,87.9,67.9,67.5,99.9,90.0,85.0,81.2,Good (Prasanna)
HS-SYNTH-0401,Synthetic Evaluation Record (Simulated Cohort),48,Female,170.5,67.7,23.3,Normal,Working Professional (IT/Corporate),7.4,2.0,9.38,02:00 AM,09:23 AM,Moderate,6.5,5.5,4.0,2.3,Regular,34.0,6,Neutral,False,True,Medium,High,Medium,Regular,None,85.5,36.2,49.2,99.5,100.0,45.0,65.2,Moderate (Madhyama)
HS-SYNTH-0402,Synthetic Evaluation Record (Simulated Cohort),53,Female,169.1,70.6,24.7,Normal,Working Professional (IT/Corporate),6.5,22.97,5.47,10:58 PM,05:28 AM,Poor,7.9,4.2,27.0,2.6,Regular,51.0,3,Neutral,True,True,High,Low,Low,Regular,None,74.8,72.0,73.5,99.6,100.0,100.0,84.1,Good (Prasanna)
HS-SYNTH-0403,Synthetic Evaluation Record (Simulated Cohort),22,Male,172.8,47.8,16.0,Underweight,Freelancer / Creative,7.5,22.65,6.18,10:39 PM,06:11 AM,Good,6.8,5.0,53.0,3.0,Regular,38.0,2,Neutral,False,True,High,Medium,Low,Regular,None,87.9,100.0,79.2,94.1,100.0,85.0,89.9,Excellent (Svastha)
HS-SYNTH-0404,Synthetic Evaluation Record (Simulated Cohort),38,Female,172.9,79.9,26.7,Overweight,Working Professional (IT/Corporate),7.1,2.0,9.13,02:00 AM,09:08 AM,Moderate,12.0,4.9,70.0,1.9,Regular,16.0,6,Neutral,True,True,High,High,Low,Regular,None,85.5,86.0,51.0,56.2,84.0,65.0,71.9,Good (Prasanna)
HS-SYNTH-0405,Synthetic Evaluation Record (Simulated Cohort),43,Male,168.9,55.0,19.3,Normal,Freelancer / Creative,7.2,23.2,6.37,11:12 PM,06:22 AM,Good,6.2,5.4,75.0,2.5,Regular,32.0,3,Good,False,True,High,Medium,Low,Regular,None,87.9,100.0,73.2,99.8,100.0,85.0,89.3,Excellent (Svastha)
HS-SYNTH-0406,Synthetic Evaluation Record (Simulated Cohort),53,Female,168.6,66.7,23.5,Normal,Self-Employed / Business,7.5,22.63,6.11,10:38 PM,06:07 AM,Good,7.0,4.6,57.0,3.0,Regular,36.0,6,Low,True,True,High,Low,High,Regular,None,87.9,100.0,48.8,99.2,100.0,82.0,83.8,Good (Prasanna)
HS-SYNTH-0407,Synthetic Evaluation Record (Simulated Cohort),26,Male,159.8,72.1,28.2,Overweight,Freelancer / Creative,8.0,2.0,10.04,02:00 AM,10:02 AM,Poor,8.5,7.8,44.0,1.9,Irregular,33.0,2,Low,False,True,Medium,Medium,High,Irregular,None,82.5,98.4,77.0,65.7,53.0,52.0,73.6,Good (Prasanna)
HS-SYNTH-0408,Synthetic Evaluation Record (Simulated Cohort),38,Other,175.3,68.9,22.4,Normal,Student,6.4,1.5,7.92,01:30 AM,07:55 AM,Poor,11.7,8.3,0.0,1.8,Irregular,1.0,8,Low,False,False,Medium,High,High,Irregular,Digestive problems,73.3,5.0,31.9,74.6,39.4,12.0,37.8,Needs Attention (Hina Vihara)
HS-SYNTH-0409,Synthetic Evaluation Record (Simulated Cohort),35,Female,159.3,58.1,22.9,Normal,Healthcare Worker,7.2,22.36,5.56,10:21 PM,05:33 AM,Good,8.9,7.3,44.0,3.5,Regular,41.0,2,Good,True,True,Medium,Low,Low,Regular,None,87.9,98.4,82.5,92.1,83.0,85.0,88.0,Excellent (Svastha)
HS-SYNTH-0410,Synthetic Evaluation Record (Simulated Cohort),51,Female,157.5,75.9,30.6,Obesity Range,Freelancer / Creative,6.8,2.0,8.8,02:00 AM,08:48 AM,Moderate,6.2,7.8,32.0,1.1,Regular,11.0,4,Neutral,True,False,Medium,Low,Low,Regular,Diabetes,82.4,60.8,66.0,37.6,93.0,65.0,68.9,Moderate (Madhyama)
HS-SYNTH-0411,Synthetic Evaluation Record (Simulated Cohort),27,Female,171.7,66.5,22.6,Normal,Working Professional (IT/Corporate),5.5,1.5,6.97,01:30 AM,06:58 AM,Moderate,11.3,8.8,35.0,2.2,Regular,8.0,10,Low,True,True,Medium,High,High,Regular,Hypertension,62.4,59.2,18.8,84.0,88.1,32.0,52.9,Needs Attention (Hina Vihara)
HS-SYNTH-0412,Synthetic Evaluation Record (Simulated Cohort),31,Male,167.3,68.6,24.5,Normal,Homemaker,5.1,2.0,7.15,02:00 AM,07:09 AM,Moderate,4.0,3.2,0.0,2.3,Regular,10.0,2,Low,False,False,High,Medium,Medium,Regular,Hypertension,56.2,10.0,77.0,99.5,100.0,60.0,62.3,Moderate (Madhyama)
HS-SYNTH-0413,Synthetic Evaluation Record (Simulated Cohort),23,Female,163.4,63.7,23.9,Normal,Homemaker,7.5,21.63,5.14,09:38 PM,05:09 AM,Good,7.6,6.1,40.0,3.4,Regular,20.0,1,Good,True,True,High,Low,Low,Regular,None,87.9,82.2,90.0,98.7,93.0,100.0,91.2,Excellent (Svastha)
HS-SYNTH-0414,Synthetic Evaluation Record (Simulated Cohort),28,Female,165.9,74.4,27.0,Overweight,Student,6.0,1.5,7.46,01:30 AM,07:28 AM,Moderate,8.6,7.5,0.0,1.7,Irregular,4.0,6,Low,True,False,Low,Low,High,Irregular,None,70.1,5.0,48.8,65.3,43.0,32.0,43.5,Needs Attention (Hina Vihara)
HS-SYNTH-0415,Synthetic Evaluation Record (Simulated Cohort),21,Male,172.4,85.3,28.7,Overweight,Working Professional (IT/Corporate),6.2,1.5,7.69,01:30 AM,07:41 AM,Poor,11.2,10.5,15.0,1.5,Irregular,24.0,8,Low,False,False,Low,High,High,Irregular,Migraine,70.2,37.3,31.9,48.2,40.4,10.0,40.0,Needs Attention (Hina Vihara)
HS-SYNTH-0416,Synthetic Evaluation Record (Simulated Cohort),36,Female,169.2,48.0,16.8,Underweight,Student,6.5,2.0,8.46,02:00 AM,08:28 AM,Moderate,8.8,5.6,11.0,2.6,Irregular,23.0,4,Good,True,True,Medium,High,Low,Irregular,Hypertension,77.8,40.1,67.5,96.2,50.0,50.0,62.5,Moderate (Madhyama)
HS-SYNTH-0417,Synthetic Evaluation Record (Simulated Cohort),19,Male,165.7,60.6,22.1,Normal,Educator / Academic,4.8,2.0,6.82,02:00 AM,06:49 AM,Moderate,5.9,3.0,29.0,2.6,Regular,42.0,6,Neutral,True,True,Medium,High,High,Regular,None,51.6,75.1,51.0,98.7,100.0,32.0,62.7,Moderate (Madhyama)
HS-SYNTH-0418,Synthetic Evaluation Record (Simulated Cohort),44,Male,167.7,53.6,19.1,Normal,Homemaker,7.5,23.2,6.69,11:12 PM,06:41 AM,Good,7.2,5.9,58.0,2.2,Regular,37.0,3,Good,True,False,Medium,High,Low,Regular,None,87.9,100.0,75.0,99.2,100.0,30.0,79.7,Good (Prasanna)
HS-SYNTH-0419,Synthetic Evaluation Record (Simulated Cohort),55,Male,158.8,69.4,27.5,Overweight,Self-Employed / Business,6.6,22.57,5.2,10:34 PM,05:12 AM,Good,7.0,3.0,44.0,2.0,Regular,46.0,4,Good,True,True,Medium,Medium,Low,Regular,None,81.7,98.4,67.5,71.5,100.0,70.0,80.9,Good (Prasanna)
HS-SYNTH-0420,Synthetic Evaluation Record (Simulated Cohort),51,Female,157.0,65.8,26.7,Overweight,Working Professional (IT/Corporate),7.9,22.54,6.47,10:32 PM,06:28 AM,Good,8.3,4.8,25.0,3.8,Regular,66.0,4,Neutral,True,True,Medium,Medium,Low,Regular,None,87.9,68.9,66.0,89.3,100.0,70.0,78.5,Good (Prasanna)
HS-SYNTH-0421,Synthetic Evaluation Record (Simulated Cohort),51,Male,162.8,74.1,28.0,Overweight,Healthcare Worker,8.6,23.16,7.72,11:10 PM,07:43 AM,Good,7.5,5.9,46.0,2.6,Regular,20.0,3,Good,True,True,High,Medium,Low,Regular,Asthma,86.6,90.0,75.0,87.3,100.0,85.0,86.3,Excellent (Svastha)
HS-SYNTH-0422,Synthetic Evaluation Record (Simulated Cohort),53,Male,184.9,73.6,21.5,Normal,Self-Employed / Business,5.9,2.0,7.9,02:00 AM,07:54 AM,Moderate,12.0,6.6,0.0,2.8,Irregular,17.0,4,Low,True,False,Low,Medium,Medium,Irregular,None,68.6,17.0,63.8,98.9,37.0,30.0,50.6,Needs Attention (Hina Vihara)
HS-SYNTH-0423,Synthetic Evaluation Record (Simulated Cohort),38,Male,168.7,65.4,23.0,Normal,Student,7.2,2.0,9.2,02:00 AM,09:12 AM,Poor,10.7,3.0,26.0,1.3,Regular,5.0,7,Neutral,False,True,High,Low,High,Regular,None,82.5,45.4,41.7,51.9,94.4,82.0,65.9,Moderate (Madhyama)
HS-SYNTH-0424,Synthetic Evaluation Record (Simulated Cohort),32,Other,154.5,56.0,23.5,Normal,Homemaker,6.5,22.43,4.93,10:26 PM,04:56 AM,Good,8.6,5.7,59.0,2.2,Regular,64.0,2,Good,False,True,High,Medium,High,Regular,Migraine,80.2,100.0,80.7,89.7,90.0,67.0,83.6,Good (Prasanna)
HS-SYNTH-0425,Synthetic Evaluation Record (Simulated Cohort),34,Female,167.2,60.4,21.6,Normal,Homemaker,8.8,22.74,7.54,10:44 PM,07:32 AM,Good,6.4,2.5,63.0,2.4,Regular,79.0,4,Good,True,True,High,Low,Low,Regular,None,84.1,100.0,67.5,98.9,100.0,100.0,89.9,Excellent (Svastha)
HS-SYNTH-0426,Synthetic Evaluation Record (Simulated Cohort),40,Male,160.2,71.1,27.7,Overweight,Freelancer / Creative,6.7,22.93,5.64,10:56 PM,05:39 AM,Moderate,7.8,3.6,47.0,2.1,Regular,20.0,4,Low,True,True,High,Low,Medium,Regular,None,80.9,90.0,63.8,72.9,100.0,95.0,83.1,Good (Prasanna)
HS-SYNTH-0427,Synthetic Evaluation Record (Simulated Cohort),37,Female,168.4,54.8,19.3,Normal,Freelancer / Creative,7.2,21.5,4.72,09:30 PM,04:43 AM,Good,9.0,4.7,70.0,2.7,Regular,45.0,5,Good,False,True,High,Medium,Medium,Regular,None,87.9,100.0,58.2,99.0,90.0,80.0,84.1,Good (Prasanna)
HS-SYNTH-0428,Synthetic Evaluation Record (Simulated Cohort),39,Female,167.2,60.5,21.6,Normal,Educator / Academic,4.6,2.0,6.58,02:00 AM,06:35 AM,Poor,6.4,11.0,34.0,1.6,Regular,38.0,6,Good,True,False,High,Medium,Low,Regular,None,45.5,70.9,52.5,66.6,87.5,65.0,62.1,Moderate (Madhyama)
HS-SYNTH-0429,Synthetic Evaluation Record (Simulated Cohort),48,Male,158.3,64.2,25.6,Overweight,Educator / Academic,7.3,22.8,6.15,10:48 PM,06:09 AM,Good,7.3,4.5,46.0,2.6,Regular,37.0,4,Good,True,True,High,Low,Low,Regular,Thyroid disorder,87.9,100.0,67.5,99.9,100.0,100.0,90.8,Excellent (Svastha)
HS-SYNTH-0430,Synthetic Evaluation Record (Simulated Cohort),46,Male,163.0,80.4,30.3,Obesity Range,Homemaker,6.6,2.0,8.58,02:00 AM,08:35 AM,Moderate,4.4,7.1,23.0,2.3,Regular,34.0,7,Neutral,True,False,Medium,Medium,Medium,Regular,None,79.3,65.8,43.5,76.5,93.0,45.0,64.9,Moderate (Madhyama)
HS-SYNTH-0431,Synthetic Evaluation Record (Simulated Cohort),37,Male,166.5,79.6,28.7,Overweight,Student,6.3,1.5,7.83,01:30 AM,07:50 AM,Moderate,10.4,9.5,35.0,1.8,Irregular,11.0,6,Low,False,False,Medium,Medium,Medium,Irregular,None,74.7,59.4,47.0,58.5,51.8,45.0,56.7,Moderate (Madhyama)
HS-SYNTH-0432,Synthetic Evaluation Record (Simulated Cohort),37,Female,175.9,68.1,22.0,Normal,Freelancer / Creative,6.7,22.46,5.19,10:28 PM,05:11 AM,Good,9.0,5.2,36.0,2.1,Regular,46.0,3,Good,True,True,Medium,Low,Medium,Regular,None,83.3,86.0,75.0,78.3,90.0,80.0,81.8,Good (Prasanna)
HS-SYNTH-0433,Synthetic Evaluation Record (Simulated Cohort),46,Female,168.1,79.8,28.2,Overweight,Homemaker,7.3,2.0,9.29,02:00 AM,09:17 AM,Moderate,4.0,9.5,9.0,3.5,Regular,57.0,3,Low,True,True,Medium,Low,High,Regular,None,85.5,38.0,71.2,97.2,95.0,67.0,73.1,Good (Prasanna)
HS-SYNTH-0434,Synthetic Evaluation Record (Simulated Cohort),30,Male,172.6,90.9,30.5,Obesity Range,Freelancer / Creative,5.9,1.5,7.41,01:30 AM,07:25 AM,Poor,8.1,8.1,0.0,1.4,Regular,10.0,8,Good,True,True,Low,High,High,Regular,None,65.6,9.6,37.5,44.0,93.0,17.0,42.3,Needs Attention (Hina Vihara)
HS-SYNTH-0435,Synthetic Evaluation Record (Simulated Cohort),43,Female,154.9,64.7,27.0,Overweight,Educator / Academic,8.5,2.0,10.55,02:00 AM,10:33 AM,Moderate,6.6,7.1,0.0,2.4,Irregular,12.0,4,Low,True,False,Medium,Medium,High,Irregular,None,85.5,12.0,63.8,99.3,53.0,32.0,55.8,Moderate (Madhyama)
HS-SYNTH-0436,Synthetic Evaluation Record (Simulated Cohort),22,Female,163.2,64.4,24.2,Normal,Educator / Academic,7.0,22.55,5.52,10:33 PM,05:31 AM,Good,7.4,6.2,38.0,2.8,Regular,20.0,3,Good,True,True,Medium,Medium,Low,Regular,Migraine,87.9,79.1,75.0,98.9,93.0,70.0,82.2,Good (Prasanna)
HS-SYNTH-0437,Synthetic Evaluation Record (Simulated Cohort),40,Female,160.5,84.0,32.6,Obesity Range,Working Professional (IT/Corporate),4.9,1.5,6.44,01:30 AM,06:27 AM,Moderate,8.6,8.8,5.0,1.3,Irregular,7.0,8,Good,True,False,Medium,High,Low,Irregular,None,53.2,11.6,37.5,43.6,48.5,30.0,36.9,Needs Attention (Hina Vihara)
HS-SYNTH-0438,Synthetic Evaluation Record (Simulated Cohort),34,Female,173.7,67.1,22.2,Normal,Educator / Academic,7.7,2.0,9.74,02:00 AM,09:44 AM,Poor,6.3,8.8,19.0,2.8,Regular,21.0,5,Low,True,True,Medium,High,Low,Regular,Arthritis,82.5,47.4,56.2,98.5,98.5,50.0,68.6,Moderate (Madhyama)
HS-SYNTH-0439,Synthetic Evaluation Record (Simulated Cohort),29,Male,165.9,63.9,23.2,Normal,Freelancer / Creative,7.0,1.5,8.45,01:30 AM,08:27 AM,Moderate,11.4,10.1,23.0,2.5,Irregular,18.0,8,Low,False,False,Low,High,Medium,Irregular,Migraine,85.5,45.4,31.9,99.6,40.8,10.0,50.0,Needs Attention (Hina Vihara)
HS-SYNTH-0440,Synthetic Evaluation Record (Simulated Cohort),32,Male,179.3,72.8,22.6,Normal,Student,5.9,1.5,7.37,01:30 AM,07:22 AM,Poor,11.4,8.0,45.0,2.3,Regular,27.0,9,Good,False,False,Medium,Medium,Medium,Regular,None,65.6,97.0,28.2,78.7,81.8,45.0,63.3,Moderate (Madhyama)
HS-SYNTH-0441,Synthetic Evaluation Record (Simulated Cohort),54,Male,164.7,71.5,26.4,Overweight,Homemaker,6.6,2.0,8.62,02:00 AM,08:37 AM,Poor,8.3,9.4,19.0,2.0,Irregular,44.0,8,Neutral,False,True,Medium,Medium,Low,Irregular,None,76.3,54.0,34.2,75.2,55.5,70.0,60.1,Moderate (Madhyama)
HS-SYNTH-0442,Synthetic Evaluation Record (Simulated Cohort),39,Female,165.5,71.7,26.2,Overweight,Freelancer / Creative,6.6,1.5,8.06,01:30 AM,08:04 AM,Poor,8.8,10.7,2.0,1.9,Irregular,11.0,6,Neutral,False,False,Medium,High,Medium,Irregular,Diabetes,76.3,5.0,49.2,75.2,39.0,25.0,44.2,Needs Attention (Hina Vihara)
HS-SYNTH-0443,Synthetic Evaluation Record (Simulated Cohort),29,Female,155.8,73.3,30.2,Obesity Range,Self-Employed / Business,9.0,2.0,11.0,02:00 AM,11:00 AM,Moderate,9.2,9.4,16.0,2.5,Regular,21.0,7,Neutral,False,False,Medium,Low,High,Regular,None,79.2,40.3,41.7,99.1,85.5,47.0,61.6,Moderate (Madhyama)
HS-SYNTH-0444,Synthetic Evaluation Record (Simulated Cohort),46,Male,166.4,64.9,23.4,Normal,Educator / Academic,5.2,2.0,7.2,02:00 AM,07:12 AM,Moderate,10.3,4.5,39.0,1.7,Irregular,49.0,4,Neutral,False,True,Medium,Medium,Medium,Irregular,None,57.8,90.7,64.2,65.5,57.6,65.0,67.0,Moderate (Madhyama)
HS-SYNTH-0445,Synthetic Evaluation Record (Simulated Cohort),25,Male,165.5,57.8,21.1,Normal,Working Professional (IT/Corporate),4.8,1.5,6.27,01:30 AM,06:16 AM,Good,9.0,10.1,3.0,2.1,Regular,19.0,9,Low,False,False,High,Medium,High,Regular,Digestive problems,54.0,15.3,24.4,99.7,82.0,47.0,47.8,Needs Attention (Hina Vihara)
HS-SYNTH-0446,Synthetic Evaluation Record (Simulated Cohort),27,Male,165.3,80.8,29.6,Overweight,Student,6.0,1.5,7.49,01:30 AM,07:29 AM,Poor,11.4,13.3,18.0,1.2,Irregular,12.0,7,Good,False,False,Medium,Medium,High,Irregular,Anxiety/stress-related concerns,67.1,18.8,43.2,40.3,33.8,32.0,40.6,Needs Attention (Hina Vihara)
HS-SYNTH-0447,Synthetic Evaluation Record (Simulated Cohort),29,Male,172.1,72.4,24.4,Normal,Working Professional (IT/Corporate),6.3,1.5,7.78,01:30 AM,07:47 AM,Moderate,6.0,6.7,1.0,1.8,Irregular,28.0,7,Low,False,True,Low,High,High,Irregular,Migraine,74.7,29.6,39.5,70.8,53.0,17.0,46.2,Needs Attention (Hina Vihara)
HS-SYNTH-0448,Synthetic Evaluation Record (Simulated Cohort),39,Female,182.0,78.0,23.5,Normal,Working Professional (IT/Corporate),6.0,1.5,7.48,01:30 AM,07:29 AM,Poor,7.4,5.7,19.0,1.3,Irregular,26.0,5,Good,True,False,Medium,Low,High,Irregular,None,67.1,55.6,60.0,45.0,60.0,47.0,56.9,Moderate (Madhyama)
HS-SYNTH-0449,Synthetic Evaluation Record (Simulated Cohort),40,Female,170.3,52.1,18.0,Underweight,Working Professional (IT/Corporate),6.1,1.5,7.58,01:30 AM,07:35 AM,Good,11.6,8.3,15.0,1.6,Irregular,7.0,8,Low,True,False,Medium,Medium,Medium,Irregular,Digestive problems,74.0,29.1,33.8,80.0,40.2,45.0,49.2,Needs Attention (Hina Vihara)
HS-SYNTH-0450,Synthetic Evaluation Record (Simulated Cohort),27,Male,165.1,45.5,16.7,Underweight,Freelancer / Creative,6.8,1.5,8.33,01:30 AM,08:20 AM,Moderate,10.4,8.1,7.0,2.3,Regular,10.0,8,Neutral,False,True,Medium,High,Medium,Regular,Diabetes,82.4,20.5,34.2,98.1,89.8,45.0,57.3,Moderate (Madhyama)
HS-SYNTH-0451,Synthetic Evaluation Record (Simulated Cohort),34,Male,181.7,65.7,19.9,Normal,Student,8.6,22.2,6.76,10:12 PM,06:46 AM,Moderate,8.9,3.1,40.0,3.1,Regular,57.0,3,Good,True,True,High,Low,Low,Regular,None,84.2,92.2,75.0,97.8,90.0,100.0,88.7,Excellent (Svastha)
HS-SYNTH-0452,Synthetic Evaluation Record (Simulated Cohort),50,Other,156.8,70.8,28.8,Overweight,Working Professional (IT/Corporate),7.3,2.0,9.28,02:00 AM,09:17 AM,Poor,7.2,9.4,41.0,1.3,Regular,33.0,4,Low,False,True,Medium,High,Low,Regular,None,82.5,88.2,62.0,46.1,95.5,50.0,71.5,Good (Prasanna)
HS-SYNTH-0453,Synthetic Evaluation Record (Simulated Cohort),38,Female,168.7,64.8,22.8,Normal,Freelancer / Creative,7.8,22.48,6.3,10:29 PM,06:18 AM,Good,7.8,4.9,41.0,2.6,Regular,47.0,3,Good,True,True,High,Low,Medium,Regular,None,87.9,93.8,75.0,100.0,100.0,95.0,90.3,Excellent (Svastha)
HS-SYNTH-0454,Synthetic Evaluation Record (Simulated Cohort),25,Male,169.6,52.2,18.1,Underweight,Student,8.1,22.75,6.85,10:45 PM,06:51 AM,Good,9.0,5.1,53.0,2.9,Regular,20.0,2,Neutral,False,False,Medium,Low,Low,Regular,Migraine,87.9,90.0,79.2,96.5,90.0,65.0,83.5,Good (Prasanna)
HS-SYNTH-0455,Synthetic Evaluation Record (Simulated Cohort),38,Female,152.0,46.0,19.9,Normal,Working Professional (IT/Corporate),7.5,22.07,5.58,10:04 PM,05:35 AM,Good,7.3,5.8,71.0,2.3,Regular,61.0,3,Good,True,True,Medium,Low,Low,Regular,Arthritis,87.9,100.0,75.0,99.4,100.0,85.0,89.6,Excellent (Svastha)
HS-SYNTH-0456,Synthetic Evaluation Record (Simulated Cohort),56,Female,166.3,64.8,23.4,Normal,Homemaker,6.8,22.25,5.07,10:15 PM,05:04 AM,Good,5.3,4.4,60.0,2.4,Regular,66.0,3,Good,False,True,High,Low,Low,Regular,Arthritis,84.8,100.0,73.2,86.7,100.0,100.0,90.0,Excellent (Svastha)
HS-SYNTH-0457,Synthetic Evaluation Record (Simulated Cohort),38,Male,159.0,94.5,37.4,Obesity Range,Freelancer / Creative,6.3,1.5,7.78,01:30 AM,07:47 AM,Moderate,8.5,8.0,17.0,1.3,Regular,4.0,6,Neutral,False,False,Low,Medium,High,Regular,Anxiety/stress-related concerns,74.7,30.4,49.2,37.7,93.0,17.0,49.7,Needs Attention (Hina Vihara)
HS-SYNTH-0458,Synthetic Evaluation Record (Simulated Cohort),26,Male,182.1,63.9,19.3,Normal,Working Professional (IT/Corporate),4.3,1.5,5.76,01:30 AM,05:45 AM,Moderate,9.5,8.3,20.0,1.3,Regular,12.0,5,Low,False,True,Low,Low,High,Regular,Thyroid disorder,43.9,41.9,54.5,54.1,83.0,52.0,52.8,Needs Attention (Hina Vihara)
HS-SYNTH-0459,Synthetic Evaluation Record (Simulated Cohort),27,Male,169.4,67.8,23.6,Normal,Working Professional (IT/Corporate),6.6,1.5,8.09,01:30 AM,08:05 AM,Poor,11.4,10.0,26.0,2.4,Irregular,19.0,7,Low,False,True,Medium,High,Medium,Irregular,Hypertension,76.3,51.4,39.5,99.1,41.3,45.0,56.9,Moderate (Madhyama)
HS-SYNTH-0460,Synthetic Evaluation Record (Simulated Cohort),37,Male,182.5,71.0,21.3,Normal,Freelancer / Creative,5.8,1.5,7.27,01:30 AM,07:16 AM,Poor,11.3,8.4,34.0,2.0,Irregular,32.0,6,Low,True,False,High,Medium,Low,Irregular,None,64.0,81.3,48.8,72.2,42.6,65.0,62.5,Moderate (Madhyama)
HS-SYNTH-0461,Synthetic Evaluation Record (Simulated Cohort),22,Female,168.9,59.8,21.0,Normal,Freelancer / Creative,5.3,1.5,6.75,01:30 AM,06:45 AM,Poor,8.5,9.0,2.0,1.6,Regular,7.0,6,Neutral,False,False,Low,Medium,Medium,Regular,Digestive problems,56.3,6.1,49.2,75.8,97.5,30.0,48.0,Needs Attention (Hina Vihara)
HS-SYNTH-0462,Synthetic Evaluation Record (Simulated Cohort),57,Male,166.8,64.9,23.3,Normal,Homemaker,8.3,23.19,7.49,11:12 PM,07:30 AM,Good,8.3,3.9,28.0,3.1,Regular,23.0,3,Good,False,True,High,Low,Low,Regular,None,87.9,66.6,73.2,97.0,100.0,100.0,85.7,Excellent (Svastha)
HS-SYNTH-0463,Synthetic Evaluation Record (Simulated Cohort),41,Female,160.4,62.7,24.4,Normal,Working Professional (IT/Corporate),7.5,21.96,5.45,09:58 PM,05:27 AM,Good,7.3,5.6,48.0,3.2,Regular,24.0,4,Good,True,True,Medium,Low,Medium,Regular,None,87.9,94.0,67.5,97.1,100.0,80.0,85.9,Excellent (Svastha)
HS-SYNTH-0464,Synthetic Evaluation Record (Simulated Cohort),41,Male,179.0,62.7,19.6,Normal,Self-Employed / Business,6.5,23.2,5.7,11:12 PM,05:42 AM,Good,7.7,5.2,51.0,2.0,Regular,35.0,1,Good,True,True,High,Low,Medium,Regular,None,80.2,100.0,90.0,76.4,100.0,95.0,90.4,Excellent (Svastha)
HS-SYNTH-0465,Synthetic Evaluation Record (Simulated Cohort),30,Female,165.5,56.0,20.4,Normal,Homemaker,8.0,22.26,6.22,10:16 PM,06:13 AM,Good,7.3,4.7,25.0,3.1,Regular,38.0,3,Neutral,True,True,High,Low,Low,Regular,Anxiety/stress-related concerns,87.9,68.9,73.5,93.5,100.0,100.0,85.8,Excellent (Svastha)
HS-SYNTH-0466,Synthetic Evaluation Record (Simulated Cohort),34,Female,158.3,65.7,26.2,Overweight,Self-Employed / Business,6.7,22.13,4.79,10:08 PM,04:47 AM,Moderate,8.5,4.9,28.0,2.9,Regular,50.0,3,Good,True,False,High,Low,Low,Regular,Digestive problems,80.9,73.6,75.0,98.2,100.0,80.0,82.3,Good (Prasanna)
HS-SYNTH-0467,Synthetic Evaluation Record (Simulated Cohort),39,Female,173.3,60.9,20.3,Normal,Self-Employed / Business,6.9,23.04,5.95,11:02 PM,05:57 AM,Good,7.0,3.6,40.0,2.6,Regular,56.0,3,Good,True,True,Medium,Low,Medium,Regular,Asthma,86.4,92.2,75.0,99.3,100.0,80.0,86.9,Excellent (Svastha)
HS-SYNTH-0468,Synthetic Evaluation Record (Simulated Cohort),34,Female,158.1,82.5,33.0,Obesity Range,Working Professional (IT/Corporate),5.3,2.0,7.27,02:00 AM,07:16 AM,Moderate,6.9,8.6,18.0,1.4,Regular,35.0,9,Neutral,True,True,Low,Low,Medium,Regular,Diabetes,59.3,55.6,28.5,46.1,99.5,65.0,57.0,Moderate (Madhyama)
HS-SYNTH-0469,Synthetic Evaluation Record (Simulated Cohort),23,Male,181.8,76.5,23.1,Normal,Student,5.7,1.5,7.18,01:30 AM,07:11 AM,Moderate,7.2,9.0,13.0,0.8,Irregular,4.0,6,Low,True,True,Low,Medium,Medium,Irregular,None,65.5,20.2,48.8,28.7,57.5,50.0,46.6,Needs Attention (Hina Vihara)
HS-SYNTH-0470,Synthetic Evaluation Record (Simulated Cohort),49,Female,174.5,59.2,19.4,Normal,Healthcare Worker,7.1,2.0,9.05,02:00 AM,09:03 AM,Good,9.8,7.5,25.0,1.8,Regular,30.0,6,Neutral,False,True,Low,High,Medium,Regular,Digestive problems,87.9,68.9,49.2,78.9,83.0,30.0,64.8,Moderate (Madhyama)
HS-SYNTH-0471,Synthetic Evaluation Record (Simulated Cohort),26,Male,160.8,59.8,23.1,Normal,Educator / Academic,7.0,22.83,5.81,10:50 PM,05:48 AM,Good,7.1,3.9,47.0,2.5,Regular,44.0,4,Good,True,True,High,Medium,Medium,Regular,Hypertension,87.9,100.0,67.5,99.9,100.0,80.0,87.2,Excellent (Svastha)
HS-SYNTH-0472,Synthetic Evaluation Record (Simulated Cohort),43,Male,168.4,54.0,19.0,Normal,Homemaker,7.4,22.33,5.78,10:20 PM,05:47 AM,Poor,7.4,6.7,31.0,2.0,Regular,49.0,3,Neutral,True,True,High,Low,Low,Regular,Anxiety/stress-related concerns,82.5,78.2,73.5,99.1,93.0,100.0,86.0,Excellent (Svastha)
HS-SYNTH-0473,Synthetic Evaluation Record (Simulated Cohort),42,Female,155.9,48.2,19.8,Normal,Freelancer / Creative,7.8,2.0,9.76,02:00 AM,09:45 AM,Poor,9.0,6.7,44.0,1.8,Regular,34.0,6,Neutral,False,False,Medium,Low,Medium,Regular,None,82.5,98.4,49.2,87.6,83.0,60.0,75.2,Good (Prasanna)
HS-SYNTH-0474,Synthetic Evaluation Record (Simulated Cohort),52,Female,167.8,56.4,20.0,Normal,Freelancer / Creative,5.9,2.0,7.86,02:00 AM,07:52 AM,Good,9.1,5.1,45.0,1.7,Irregular,30.0,4,Low,True,False,Low,Medium,High,Irregular,None,71.0,100.0,63.8,72.4,50.0,17.0,62.7,Moderate (Madhyama)
HS-SYNTH-0475,Synthetic Evaluation Record (Simulated Cohort),38,Male,168.4,75.6,26.7,Overweight,Freelancer / Creative,6.1,1.5,7.61,01:30 AM,07:36 AM,Moderate,7.6,11.0,31.0,0.8,Irregular,14.0,7,Low,True,False,Medium,Medium,Medium,Irregular,None,71.6,50.2,41.2,27.5,47.5,45.0,49.6,Needs Attention (Hina Vihara)
HS-SYNTH-0476,Synthetic Evaluation Record (Simulated Cohort),58,Female,174.3,71.1,23.4,Normal,Working Professional (IT/Corporate),7.7,23.04,6.78,11:02 PM,06:47 AM,Moderate,7.5,3.5,70.0,2.3,Regular,49.0,2,Good,False,True,High,Low,Low,Regular,Anxiety/stress-related concerns,85.5,100.0,80.7,74.9,100.0,100.0,90.4,Excellent (Svastha)
HS-SYNTH-0477,Synthetic Evaluation Record (Simulated Cohort),40,Female,180.3,64.9,20.0,Normal,Working Professional (IT/Corporate),6.4,1.5,7.91,01:30 AM,07:55 AM,Moderate,8.6,8.4,15.0,2.0,Irregular,18.0,9,Low,False,False,Medium,High,High,Irregular,Anxiety/stress-related concerns,76.3,39.7,24.4,83.5,43.0,12.0,44.5,Needs Attention (Hina Vihara)
HS-SYNTH-0478,Synthetic Evaluation Record (Simulated Cohort),38,Other,165.0,56.9,20.9,Normal,Working Professional (IT/Corporate),5.2,1.5,6.67,01:30 AM,06:40 AM,Good,11.1,10.6,18.0,1.5,Irregular,23.0,9,Low,False,False,Medium,High,High,Irregular,Digestive problems,60.2,40.6,24.4,70.0,40.7,12.0,39.5,Needs Attention (Hina Vihara)
HS-SYNTH-0479,Synthetic Evaluation Record (Simulated Cohort),21,Female,164.3,56.8,21.0,Normal,Student,5.4,1.5,6.9,01:30 AM,06:54 AM,Poor,13.6,9.9,24.0,1.3,Irregular,20.0,7,Neutral,False,False,Medium,Medium,Medium,Irregular,None,57.9,49.7,41.7,59.4,33.0,45.0,48.0,Needs Attention (Hina Vihara)
HS-SYNTH-0480,Synthetic Evaluation Record (Simulated Cohort),37,Female,168.5,79.9,28.1,Overweight,Working Professional (IT/Corporate),6.0,1.5,7.47,01:30 AM,07:28 AM,Moderate,9.5,8.5,19.0,2.1,Irregular,21.0,7,Neutral,False,False,Low,High,Medium,Irregular,Digestive problems,70.1,48.6,41.7,71.1,43.0,10.0,46.6,Needs Attention (Hina Vihara)
HS-SYNTH-0481,Synthetic Evaluation Record (Simulated Cohort),43,Male,167.6,67.3,24.0,Normal,Self-Employed / Business,8.1,2.0,10.06,02:00 AM,10:04 AM,Moderate,9.9,8.3,3.0,1.0,Irregular,17.0,5,Neutral,True,False,Medium,Low,Low,Irregular,None,85.5,20.5,58.5,42.0,43.0,65.0,55.3,Moderate (Madhyama)
HS-SYNTH-0482,Synthetic Evaluation Record (Simulated Cohort),30,Female,166.4,69.0,24.9,Normal,Student,8.3,23.2,7.5,11:12 PM,07:30 AM,Good,6.8,4.7,35.0,2.9,Regular,20.0,1,Good,True,True,High,Low,Low,Regular,None,87.9,74.4,90.0,99.1,100.0,100.0,90.6,Excellent (Svastha)
HS-SYNTH-0483,Synthetic Evaluation Record (Simulated Cohort),37,Male,163.2,64.6,24.3,Normal,Homemaker,7.8,2.0,9.79,02:00 AM,09:48 AM,Moderate,8.5,8.1,32.0,1.7,Regular,37.0,3,Neutral,True,True,Low,Medium,Medium,Regular,Thyroid disorder,85.5,79.4,73.5,67.3,93.0,50.0,74.7,Good (Prasanna)
HS-SYNTH-0484,Synthetic Evaluation Record (Simulated Cohort),39,Male,172.1,72.6,24.5,Normal,Student,6.5,21.89,4.39,09:53 PM,04:23 AM,Good,9.0,5.0,32.0,2.4,Regular,53.0,2,Good,True,True,Medium,Low,Low,Regular,None,80.2,79.8,82.5,85.5,90.0,85.0,83.2,Good (Prasanna)
HS-SYNTH-0485,Synthetic Evaluation Record (Simulated Cohort),33,Male,164.4,81.0,30.0,Obesity Range,Working Professional (IT/Corporate),6.0,1.5,7.53,01:30 AM,07:32 AM,Poor,9.9,6.9,17.0,1.8,Irregular,0.0,9,Neutral,False,True,Medium,High,Medium,Irregular,Diabetes,67.1,26.4,26.7,60.5,43.0,45.0,44.2,Needs Attention (Hina Vihara)
HS-SYNTH-0486,Synthetic Evaluation Record (Simulated Cohort),30,Male,172.1,73.6,24.8,Normal,Self-Employed / Business,6.5,23.11,5.61,11:06 PM,05:36 AM,Good,7.2,4.7,53.0,2.9,Regular,34.0,3,Good,False,True,Medium,Low,Medium,Regular,None,80.2,100.0,73.2,99.5,100.0,80.0,86.6,Excellent (Svastha)
HS-SYNTH-0487,Synthetic Evaluation Record (Simulated Cohort),44,Male,179.1,68.4,21.3,Normal,Student,6.0,2.0,8.01,02:00 AM,08:01 AM,Good,6.5,5.3,37.0,2.0,Regular,21.0,6,Neutral,False,False,Medium,Medium,Medium,Regular,None,72.5,78.6,49.2,74.0,100.0,45.0,67.4,Moderate (Madhyama)
HS-SYNTH-0488,Synthetic Evaluation Record (Simulated Cohort),49,Male,165.4,65.4,23.9,Normal,Student,7.4,2.0,9.36,02:00 AM,09:21 AM,Poor,9.0,4.4,56.0,2.0,Irregular,26.0,5,Neutral,False,False,Medium,Low,Medium,Irregular,Digestive problems,82.5,96.0,56.7,72.6,50.0,60.0,70.8,Good (Prasanna)
HS-SYNTH-0489,Synthetic Evaluation Record (Simulated Cohort),29,Female,167.6,55.7,19.8,Normal,Educator / Academic,8.6,2.0,10.63,02:00 AM,10:38 AM,Good,4.7,5.1,23.0,1.0,Irregular,8.0,5,Good,True,False,Low,Medium,Low,Irregular,None,86.6,43.8,60.0,46.7,60.0,35.0,57.1,Moderate (Madhyama)
HS-SYNTH-0490,Synthetic Evaluation Record (Simulated Cohort),45,Female,152.6,60.5,26.0,Overweight,Self-Employed / Business,8.0,23.07,7.11,11:04 PM,07:06 AM,Good,8.7,3.8,39.0,3.0,Regular,51.0,3,Low,True,True,Low,Low,Low,Regular,None,87.9,90.7,71.2,97.1,90.0,70.0,83.0,Good (Prasanna)
HS-SYNTH-0491,Synthetic Evaluation Record (Simulated Cohort),22,Female,166.8,63.8,22.9,Normal,Working Professional (IT/Corporate),7.0,22.86,5.88,10:52 PM,05:53 AM,Good,8.9,4.6,55.0,2.9,Regular,31.0,1,Good,False,True,High,Low,High,Regular,None,87.9,100.0,88.2,99.0,90.0,82.0,90.4,Excellent (Svastha)
HS-SYNTH-0492,Synthetic Evaluation Record (Simulated Cohort),55,Male,161.8,61.0,23.3,Normal,Student,7.4,22.0,5.41,10:00 PM,05:24 AM,Good,6.6,5.1,50.0,3.0,Regular,41.0,3,Neutral,True,True,Low,Low,Low,Regular,None,87.9,100.0,73.5,97.8,100.0,70.0,86.4,Excellent (Svastha)
HS-SYNTH-0493,Synthetic Evaluation Record (Simulated Cohort),42,Male,175.4,79.1,25.7,Overweight,Freelancer / Creative,7.5,22.04,5.53,10:02 PM,05:32 AM,Moderate,9.0,3.1,25.0,2.7,Regular,57.0,1,Good,True,True,Medium,Low,Medium,Regular,None,85.5,68.9,90.0,98.8,90.0,80.0,84.3,Good (Prasanna)
HS-SYNTH-0494,Synthetic Evaluation Record (Simulated Cohort),44,Female,166.9,62.0,22.3,Normal,Educator / Academic,5.5,2.0,7.53,02:00 AM,07:32 AM,Moderate,8.2,8.2,17.0,2.0,Irregular,40.0,7,Neutral,False,True,Medium,Low,High,Irregular,None,62.4,55.6,41.7,86.5,53.0,67.0,59.1,Moderate (Madhyama)
HS-SYNTH-0495,Synthetic Evaluation Record (Simulated Cohort),58,Female,156.5,74.2,30.3,Obesity Range,Self-Employed / Business,7.4,22.55,5.92,10:33 PM,05:55 AM,Good,7.7,5.9,27.0,2.3,Regular,43.0,6,Good,False,True,High,Low,Medium,Regular,None,87.9,72.0,50.7,81.5,100.0,95.0,79.7,Good (Prasanna)
HS-SYNTH-0496,Synthetic Evaluation Record (Simulated Cohort),36,Female,164.4,57.6,21.3,Normal,Working Professional (IT/Corporate),7.2,21.5,4.71,09:30 PM,04:43 AM,Good,8.2,4.3,26.0,2.3,Regular,32.0,2,Neutral,True,True,High,Low,Medium,Regular,None,87.9,70.4,81.0,99.6,100.0,95.0,87.3,Excellent (Svastha)
HS-SYNTH-0497,Synthetic Evaluation Record (Simulated Cohort),34,Male,158.4,67.2,26.8,Overweight,Student,7.3,2.0,9.32,02:00 AM,09:19 AM,Poor,6.0,8.6,40.0,2.2,Irregular,5.0,6,Neutral,False,True,Low,Low,High,Irregular,None,82.5,64.8,49.2,81.9,59.5,52.0,64.3,Moderate (Madhyama)
HS-SYNTH-0498,Synthetic Evaluation Record (Simulated Cohort),28,Male,159.8,50.8,19.9,Normal,Freelancer / Creative,6.4,1.5,7.86,01:30 AM,07:52 AM,Moderate,9.1,5.5,0.0,1.4,Irregular,23.0,8,Low,True,True,Low,Medium,High,Irregular,None,76.3,23.0,33.8,70.0,50.0,37.0,47.3,Needs Attention (Hina Vihara)
HS-SYNTH-0499,Synthetic Evaluation Record (Simulated Cohort),35,Male,163.9,58.2,21.7,Normal,Healthcare Worker,6.7,2.0,8.74,02:00 AM,08:44 AM,Moderate,9.3,6.9,31.0,1.0,Regular,37.0,8,Neutral,True,True,Medium,Low,Medium,Regular,None,80.9,78.2,36.0,43.6,83.0,80.0,67.8,Moderate (Madhyama)
HS-SYNTH-0500,Synthetic Evaluation Record (Simulated Cohort),43,Male,168.3,55.3,19.5,Normal,Self-Employed / Business,7.3,2.0,9.25,02:00 AM,09:15 AM,Good,8.8,4.3,28.0,2.3,Irregular,47.0,5,Low,False,True,Medium,Medium,Medium,Irregular,None,87.9,73.6,54.5,99.2,50.0,65.0,71.1,Good (Prasanna)
HS-SYNTH-0501,Synthetic Evaluation Record (Simulated Cohort),30,Female,164.7,69.3,25.5,Overweight,Freelancer / Creative,7.3,2.0,9.25,02:00 AM,09:15 AM,Moderate,7.3,3.0,28.0,3.0,Regular,20.0,8,Neutral,True,True,Medium,Low,High,Regular,Asthma,85.5,63.6,36.0,98.4,100.0,67.0,71.4,Good (Prasanna)
HS-SYNTH-0502,Synthetic Evaluation Record (Simulated Cohort),23,Female,155.1,69.7,29.0,Overweight,Self-Employed / Business,7.1,2.0,9.05,02:00 AM,09:03 AM,Moderate,7.6,5.8,0.0,3.3,Irregular,30.0,6,Neutral,False,True,Medium,Low,Medium,Irregular,Migraine,85.5,30.0,49.2,97.4,60.0,80.0,65.4,Moderate (Madhyama)
HS-SYNTH-0503,Synthetic Evaluation Record (Simulated Cohort),33,Female,185.5,76.3,22.2,Normal,Student,6.1,1.5,7.65,01:30 AM,07:39 AM,Poor,10.0,6.5,6.0,1.9,Irregular,17.0,6,Low,False,False,Low,Low,High,Irregular,Thyroid disorder,68.6,26.3,47.0,69.8,43.0,32.0,47.1,Needs Attention (Hina Vihara)
HS-SYNTH-0504,Synthetic Evaluation Record (Simulated Cohort),50,Female,156.1,71.7,29.4,Overweight,Student,6.6,23.2,5.81,11:12 PM,05:49 AM,Good,8.6,4.9,29.0,2.8,Regular,38.0,2,Low,True,True,Medium,High,Low,Regular,None,81.7,75.1,78.8,99.8,90.0,50.0,77.0,Good (Prasanna)
HS-SYNTH-0505,Synthetic Evaluation Record (Simulated Cohort),23,Male,159.5,74.3,29.2,Overweight,Student,6.9,1.5,8.41,01:30 AM,08:24 AM,Poor,7.8,5.5,13.0,2.4,Irregular,29.0,8,Neutral,False,True,Medium,High,High,Irregular,Digestive problems,81.0,49.2,34.2,88.6,60.0,32.0,55.3,Moderate (Madhyama)
HS-SYNTH-0506,Synthetic Evaluation Record (Simulated Cohort),56,Female,151.5,73.7,32.1,Obesity Range,Homemaker,8.3,22.01,6.3,10:01 PM,06:18 AM,Good,6.9,4.1,51.0,2.9,Regular,20.0,4,Good,True,True,High,Low,Low,Regular,None,87.9,90.0,67.5,99.6,100.0,100.0,89.0,Excellent (Svastha)
HS-SYNTH-0507,Synthetic Evaluation Record (Simulated Cohort),24,Female,178.2,64.2,20.2,Normal,Freelancer / Creative,6.5,22.81,5.35,10:48 PM,05:21 AM,Good,6.9,5.1,56.0,2.7,Regular,54.0,1,Good,True,True,Medium,Low,Medium,Regular,None,80.2,100.0,90.0,99.9,100.0,80.0,90.0,Excellent (Svastha)
HS-SYNTH-0508,Synthetic Evaluation Record (Simulated Cohort),48,Male,163.6,65.3,24.4,Normal,Self-Employed / Business,4.7,2.0,6.73,02:00 AM,06:44 AM,Moderate,6.3,4.0,45.0,2.3,Regular,18.0,2,Good,True,False,High,High,Medium,Regular,None,50.1,88.0,82.5,86.4,100.0,40.0,71.2,Good (Prasanna)
HS-SYNTH-0509,Synthetic Evaluation Record (Simulated Cohort),28,Male,168.3,54.7,19.3,Normal,Homemaker,8.0,2.0,9.98,02:00 AM,09:59 AM,Moderate,9.1,6.3,17.0,1.6,Irregular,28.0,4,Neutral,False,False,Medium,Low,Medium,Irregular,Diabetes,85.5,54.4,64.2,77.8,43.0,60.0,65.2,Moderate (Madhyama)
HS-SYNTH-0510,Synthetic Evaluation Record (Simulated Cohort),32,Male,169.0,72.7,25.5,Overweight,Self-Employed / Business,7.2,22.8,5.97,10:48 PM,05:58 AM,Good,7.3,5.8,56.0,3.0,Regular,42.0,2,Neutral,False,True,Medium,Low,Medium,Regular,None,87.9,100.0,79.2,100.0,100.0,80.0,89.6,Excellent (Svastha)
HS-SYNTH-0511,Synthetic Evaluation Record (Simulated Cohort),38,Female,173.5,76.6,25.4,Overweight,Freelancer / Creative,5.2,1.5,6.67,01:30 AM,06:40 AM,Poor,10.4,9.4,0.0,2.5,Irregular,7.0,7,Low,False,False,Medium,High,Medium,Irregular,Hypertension,54.8,5.0,39.5,99.2,52.3,25.0,41.6,Needs Attention (Hina Vihara)
HS-SYNTH-0512,Synthetic Evaluation Record (Simulated Cohort),30,Female,172.9,65.3,21.8,Normal,Student,7.3,22.61,5.89,10:37 PM,05:54 AM,Moderate,7.8,4.2,64.0,2.6,Regular,55.0,3,Good,True,True,High,Low,Low,Regular,None,85.5,100.0,75.0,99.0,100.0,100.0,91.7,Excellent (Svastha)
HS-SYNTH-0513,Synthetic Evaluation Record (Simulated Cohort),26,Male,158.2,53.4,21.3,Normal,Homemaker,6.6,22.64,5.22,10:38 PM,05:13 AM,Moderate,7.1,4.4,38.0,2.9,Regular,48.0,5,Good,True,True,Medium,Low,Medium,Regular,None,79.3,89.1,60.0,98.7,100.0,80.0,81.8,Good (Prasanna)
HS-SYNTH-0514,Synthetic Evaluation Record (Simulated Cohort),27,Male,154.8,70.4,29.4,Overweight,Student,7.2,1.5,8.71,01:30 AM,08:42 AM,Moderate,11.5,5.5,14.0,1.8,Regular,0.0,7,Neutral,False,True,Medium,High,High,Regular,Anxiety/stress-related concerns,85.5,21.8,41.7,69.7,88.0,32.0,54.4,Needs Attention (Hina Vihara)
HS-SYNTH-0515,Synthetic Evaluation Record (Simulated Cohort),33,Male,157.5,64.4,26.0,Overweight,Freelancer / Creative,6.5,1.5,8.04,01:30 AM,08:02 AM,Moderate,10.3,7.1,38.0,0.9,Regular,16.0,10,Neutral,False,False,Low,High,High,Regular,Hypertension,77.8,75.1,19.2,35.0,90.6,10.0,50.6,Needs Attention (Hina Vihara)
HS-SYNTH-0516,Synthetic Evaluation Record (Simulated Cohort),27,Female,172.0,63.5,21.5,Normal,Working Professional (IT/Corporate),4.0,1.5,5.52,01:30 AM,05:31 AM,Poor,10.2,7.0,3.0,1.8,Irregular,24.0,9,Low,False,True,High,High,High,Irregular,Digestive problems,36.3,28.7,24.4,80.1,51.4,47.0,40.7,Needs Attention (Hina Vihara)
HS-SYNTH-0517,Synthetic Evaluation Record (Simulated Cohort),28,Female,176.2,44.2,14.2,Underweight,Healthcare Worker,6.7,2.0,8.68,02:00 AM,08:41 AM,Good,10.9,7.4,57.0,2.3,Irregular,36.0,2,Neutral,True,True,Low,Low,High,Irregular,Arthritis,83.3,100.0,81.0,98.3,45.8,52.0,77.2,Good (Prasanna)
HS-SYNTH-0518,Synthetic Evaluation Record (Simulated Cohort),54,Male,176.9,80.5,25.7,Overweight,Educator / Academic,4.5,2.0,6.5,02:00 AM,06:30 AM,Moderate,8.7,3.2,0.0,1.8,Regular,12.0,4,Good,False,True,High,Medium,Low,Regular,Migraine,47.0,12.0,65.7,63.9,90.0,85.0,58.1,Moderate (Madhyama)
HS-SYNTH-0519,Synthetic Evaluation Record (Simulated Cohort),42,Female,169.5,49.4,17.2,Underweight,Homemaker,7.6,22.57,6.15,10:34 PM,06:09 AM,Good,6.6,4.1,53.0,2.6,Regular,39.0,5,Good,True,True,Medium,Medium,Low,Regular,Migraine,87.9,100.0,60.0,97.5,100.0,70.0,83.7,Good (Prasanna)
HS-SYNTH-0520,Synthetic Evaluation Record (Simulated Cohort),42,Male,188.5,61.7,17.4,Underweight,Healthcare Worker,7.4,2.0,9.37,02:00 AM,09:22 AM,Moderate,8.2,6.2,29.0,2.4,Regular,7.0,5,Neutral,True,True,High,Low,High,Regular,None,85.5,52.1,58.5,100.0,93.0,82.0,75.8,Good (Prasanna)
HS-SYNTH-0521,Synthetic Evaluation Record (Simulated Cohort),31,Female,158.8,92.7,36.8,Obesity Range,Working Professional (IT/Corporate),4.5,1.5,6.01,01:30 AM,06:00 AM,Moderate,9.4,9.8,0.0,1.8,Irregular,17.0,9,Good,True,False,Medium,Medium,High,Irregular,None,47.0,9.8,30.0,55.5,43.5,32.0,34.6,Needs Attention (Hina Vihara)
HS-SYNTH-0522,Synthetic Evaluation Record (Simulated Cohort),27,Female,161.1,60.8,23.4,Normal,Freelancer / Creative,8.2,22.61,6.77,10:36 PM,06:46 AM,Good,9.0,4.0,64.0,2.6,Regular,30.0,3,Good,True,False,High,Low,High,Regular,None,87.9,100.0,75.0,99.7,90.0,62.0,84.3,Good (Prasanna)
HS-SYNTH-0523,Synthetic Evaluation Record (Simulated Cohort),37,Male,169.8,67.5,23.4,Normal,Working Professional (IT/Corporate),7.4,22.3,5.69,10:18 PM,05:41 AM,Good,5.5,6.5,43.0,3.3,Regular,20.0,1,Good,True,True,Medium,Low,Medium,Regular,None,87.9,86.9,90.0,97.3,93.0,80.0,88.3,Excellent (Svastha)
HS-SYNTH-0524,Synthetic Evaluation Record (Simulated Cohort),23,Male,170.9,73.6,25.2,Overweight,Working Professional (IT/Corporate),6.7,2.0,8.74,02:00 AM,08:45 AM,Good,8.0,8.7,57.0,1.2,Regular,25.0,4,Good,True,True,High,Medium,Medium,Regular,None,83.3,92.2,67.5,39.3,99.0,80.0,78.6,Good (Prasanna)
HS-SYNTH-0525,Synthetic Evaluation Record (Simulated Cohort),45,Male,168.3,76.0,26.8,Overweight,Homemaker,8.3,21.76,6.11,09:46 PM,06:07 AM,Good,6.8,4.9,37.0,2.3,Regular,54.0,1,Low,True,True,Medium,Low,Low,Regular,Arthritis,87.9,87.6,86.2,77.5,100.0,85.0,87.4,Excellent (Svastha)
HS-SYNTH-0526,Synthetic Evaluation Record (Simulated Cohort),23,Female,163.6,47.8,17.9,Underweight,Student,6.3,1.5,7.76,01:30 AM,07:46 AM,Poor,10.1,8.7,4.0,1.9,Irregular,30.0,10,Good,False,False,Low,High,Medium,Irregular,Digestive problems,71.7,33.4,20.7,99.4,58.2,10.0,44.7,Needs Attention (Hina Vihara)
HS-SYNTH-0527,Synthetic Evaluation Record (Simulated Cohort),40,Female,171.6,67.3,22.9,Normal,Freelancer / Creative,6.8,1.5,8.34,01:30 AM,08:20 AM,Poor,10.6,8.3,11.0,1.3,Irregular,17.0,9,Neutral,True,False,High,Medium,Low,Irregular,Hypertension,79.4,32.9,28.5,53.1,48.2,65.0,51.9,Needs Attention (Hina Vihara)
HS-SYNTH-0528,Synthetic Evaluation Record (Simulated Cohort),37,Female,162.4,68.7,26.0,Overweight,Educator / Academic,7.9,22.23,6.12,10:14 PM,06:07 AM,Good,6.7,5.6,41.0,3.1,Regular,39.0,3,Good,False,True,Medium,Low,Medium,Regular,None,87.9,93.8,73.2,98.4,100.0,80.0,87.1,Excellent (Svastha)
HS-SYNTH-0529,Synthetic Evaluation Record (Simulated Cohort),41,Male,152.7,60.1,25.8,Overweight,Homemaker,6.9,22.83,5.74,10:50 PM,05:45 AM,Good,6.5,3.4,58.0,2.3,Regular,61.0,2,Good,True,True,High,Low,Low,Regular,Thyroid disorder,86.4,100.0,82.5,88.9,100.0,100.0,92.4,Excellent (Svastha)
HS-SYNTH-0530,Synthetic Evaluation Record (Simulated Cohort),37,Female,153.0,78.6,33.6,Obesity Range,Working Professional (IT/Corporate),5.5,1.5,6.99,01:30 AM,06:59 AM,Moderate,7.4,7.7,0.0,2.5,Irregular,12.0,7,Neutral,False,True,Medium,Low,Medium,Irregular,None,62.4,12.0,41.7,98.9,53.0,80.0,54.9,Needs Attention (Hina Vihara)
HS-SYNTH-0531,Synthetic Evaluation Record (Simulated Cohort),45,Male,168.2,68.5,24.2,Normal,Working Professional (IT/Corporate),7.9,22.93,6.84,10:56 PM,06:51 AM,Good,7.5,4.9,44.0,2.1,Regular,25.0,4,Low,True,False,High,Low,Low,Regular,None,87.9,93.4,63.8,76.0,100.0,80.0,82.9,Good (Prasanna)
HS-SYNTH-0532,Synthetic Evaluation Record (Simulated Cohort),22,Male,164.4,46.0,17.0,Underweight,Working Professional (IT/Corporate),5.2,1.5,6.71,01:30 AM,06:43 AM,Poor,10.6,10.5,0.0,2.5,Irregular,10.0,6,Neutral,True,False,Medium,High,Medium,Irregular,Anxiety/stress-related concerns,54.8,5.0,51.0,96.9,45.2,25.0,42.8,Needs Attention (Hina Vihara)
HS-SYNTH-0533,Synthetic Evaluation Record (Simulated Cohort),26,Female,168.0,80.6,28.6,Overweight,Working Professional (IT/Corporate),4.8,1.5,6.34,01:30 AM,06:20 AM,Moderate,10.6,8.5,11.0,2.2,Irregular,11.0,7,Low,False,False,Low,High,Medium,Irregular,Hypertension,51.6,26.1,39.5,75.5,48.2,10.0,39.1,Needs Attention (Hina Vihara)
HS-SYNTH-0534,Synthetic Evaluation Record (Simulated Cohort),48,Female,155.9,64.3,26.5,Overweight,Homemaker,8.5,21.85,6.34,09:51 PM,06:20 AM,Good,6.9,5.9,33.0,2.5,Regular,39.0,2,Good,True,True,High,Low,Medium,Regular,None,87.9,81.3,82.5,99.9,100.0,95.0,89.6,Excellent (Svastha)
HS-SYNTH-0535,Synthetic Evaluation Record (Simulated Cohort),47,Male,183.3,69.2,20.6,Normal,Working Professional (IT/Corporate),6.5,23.01,5.51,11:01 PM,05:31 AM,Good,7.1,5.5,58.0,2.9,Regular,20.0,2,Good,True,True,Medium,Low,Low,Regular,Asthma,80.2,90.0,82.5,100.0,100.0,85.0,87.6,Excellent (Svastha)
HS-SYNTH-0536,Synthetic Evaluation Record (Simulated Cohort),22,Female,163.0,67.6,25.4,Overweight,Working Professional (IT/Corporate),7.3,1.5,8.83,01:30 AM,08:50 AM,Moderate,9.5,9.1,2.0,1.4,Regular,15.0,7,Neutral,False,False,High,High,High,Regular,Digestive problems,85.5,13.7,41.7,58.8,87.0,27.0,50.8,Needs Attention (Hina Vihara)
HS-SYNTH-0537,Synthetic Evaluation Record (Simulated Cohort),43,Male,165.8,57.9,21.1,Normal,Educator / Academic,5.9,2.0,7.93,02:00 AM,07:56 AM,Good,9.4,8.4,22.0,1.9,Irregular,5.0,4,Neutral,True,True,High,Medium,Low,Irregular,None,71.0,37.6,66.0,86.0,43.0,85.0,64.6,Moderate (Madhyama)
HS-SYNTH-0538,Synthetic Evaluation Record (Simulated Cohort),45,Female,180.0,57.6,17.8,Underweight,Self-Employed / Business,7.6,22.76,6.39,10:46 PM,06:23 AM,Poor,6.5,2.8,34.0,2.0,Regular,27.0,3,Neutral,True,True,High,Low,Medium,Regular,Arthritis,82.5,79.9,73.5,87.0,100.0,95.0,85.0,Excellent (Svastha)
HS-SYNTH-0539,Synthetic Evaluation Record (Simulated Cohort),49,Female,176.6,53.5,17.2,Underweight,Homemaker,7.3,2.0,9.28,02:00 AM,09:17 AM,Good,7.1,4.8,37.0,1.4,Irregular,10.0,7,Neutral,False,True,High,High,Low,Irregular,None,87.9,67.6,41.7,64.2,60.0,65.0,65.2,Moderate (Madhyama)
HS-SYNTH-0540,Synthetic Evaluation Record (Simulated Cohort),35,Male,152.6,57.4,24.6,Normal,Self-Employed / Business,7.7,21.62,5.33,09:37 PM,05:20 AM,Moderate,6.4,4.0,34.0,2.5,Regular,20.0,3,Good,True,True,High,Low,High,Regular,Thyroid disorder,85.5,72.9,75.0,98.9,100.0,82.0,83.6,Good (Prasanna)
HS-SYNTH-0541,Synthetic Evaluation Record (Simulated Cohort),42,Female,164.4,62.2,23.0,Normal,Educator / Academic,7.0,22.31,5.29,10:18 PM,05:17 AM,Good,8.4,6.2,59.0,2.1,Regular,37.0,4,Neutral,True,True,High,Medium,Low,Regular,None,87.9,100.0,66.0,78.7,93.0,85.0,84.9,Good (Prasanna)
HS-SYNTH-0542,Synthetic Evaluation Record (Simulated Cohort),35,Female,171.7,71.8,24.4,Normal,Self-Employed / Business,5.6,2.0,7.62,02:00 AM,07:37 AM,Moderate,10.0,4.4,0.0,3.2,Regular,5.0,5,Neutral,False,False,Medium,High,Medium,Regular,Migraine,63.9,5.0,56.7,96.6,90.0,25.0,51.3,Needs Attention (Hina Vihara)
HS-SYNTH-0543,Synthetic Evaluation Record (Simulated Cohort),26,Male,159.7,59.6,23.4,Normal,Freelancer / Creative,4.4,1.5,5.92,01:30 AM,05:55 AM,Poor,11.0,6.1,18.0,1.6,Irregular,14.0,9,Neutral,True,True,Medium,Medium,High,Irregular,Anxiety/stress-related concerns,42.5,42.0,28.5,71.6,45.0,52.0,44.5,Needs Attention (Hina Vihara)
HS-SYNTH-0544,Synthetic Evaluation Record (Simulated Cohort),58,Female,171.5,57.5,19.5,Normal,Working Professional (IT/Corporate),6.6,21.5,4.12,09:30 PM,04:07 AM,Good,6.3,5.3,28.0,2.8,Regular,37.0,2,Neutral,False,True,Medium,Low,Low,Regular,None,81.7,73.6,79.2,96.9,100.0,85.0,84.1,Good (Prasanna)
HS-SYNTH-0545,Synthetic Evaluation Record (Simulated Cohort),34,Female,186.6,52.7,15.1,Underweight,Freelancer / Creative,6.7,1.5,8.24,01:30 AM,08:14 AM,Moderate,10.2,8.5,30.0,2.0,Regular,5.0,8,Low,False,False,Medium,Medium,Medium,Regular,Digestive problems,80.9,49.7,31.9,99.4,91.4,45.0,62.1,Moderate (Madhyama)
HS-SYNTH-0546,Synthetic Evaluation Record (Simulated Cohort),37,Male,165.2,64.9,23.8,Normal,Student,6.3,1.5,7.84,01:30 AM,07:50 AM,Poor,9.1,9.7,0.0,1.5,Regular,13.0,5,Low,False,True,Medium,Medium,Medium,Regular,Digestive problems,71.7,6.2,54.5,66.0,84.0,65.0,56.2,Moderate (Madhyama)
HS-SYNTH-0547,Synthetic Evaluation Record (Simulated Cohort),39,Male,172.0,74.3,25.1,Overweight,Working Professional (IT/Corporate),8.8,22.34,7.14,10:20 PM,07:08 AM,Moderate,7.9,7.0,25.0,2.7,Regular,34.0,3,Neutral,True,True,Medium,Low,Low,Regular,None,81.7,68.9,73.5,99.5,93.0,85.0,81.5,Good (Prasanna)
HS-SYNTH-0548,Synthetic Evaluation Record (Simulated Cohort),32,Male,153.3,50.5,21.5,Normal,Educator / Academic,6.8,22.41,5.18,10:24 PM,05:11 AM,Good,6.2,5.2,31.0,2.7,Regular,29.0,2,Neutral,True,False,High,Medium,Medium,Regular,Arthritis,84.8,77.2,81.0,98.4,100.0,60.0,81.4,Good (Prasanna)
HS-SYNTH-0549,Synthetic Evaluation Record (Simulated Cohort),36,Male,159.8,79.8,31.2,Obesity Range,Working Professional (IT/Corporate),5.3,1.5,6.83,01:30 AM,06:50 AM,Moderate,12.4,9.9,17.0,1.9,Irregular,5.0,6,Neutral,True,True,Low,High,Medium,Irregular,Anxiety/stress-related concerns,59.3,23.8,51.0,64.7,33.8,30.0,43.5,Needs Attention (Hina Vihara)
HS-SYNTH-0550,Synthetic Evaluation Record (Simulated Cohort),22,Female,177.0,78.4,25.0,Overweight,Healthcare Worker,6.4,2.0,8.42,02:00 AM,08:25 AM,Good,6.1,6.1,35.0,1.9,Irregular,5.0,3,Neutral,True,True,Low,High,Medium,Irregular,Migraine,78.7,59.4,73.5,62.6,53.0,30.0,60.7,Moderate (Madhyama)
HS-SYNTH-0551,Synthetic Evaluation Record (Simulated Cohort),20,Male,161.7,66.3,25.4,Overweight,Freelancer / Creative,6.7,1.5,8.24,01:30 AM,08:14 AM,Moderate,12.0,11.3,14.0,1.5,Irregular,31.0,8,Low,False,False,High,Medium,Medium,Irregular,None,80.9,38.6,31.9,61.5,30.0,60.0,51.7,Needs Attention (Hina Vihara)
HS-SYNTH-0552,Synthetic Evaluation Record (Simulated Cohort),45,Female,175.3,86.1,28.0,Overweight,Freelancer / Creative,8.5,2.0,10.45,02:00 AM,10:27 AM,Good,10.6,5.8,29.0,2.2,Regular,37.0,5,Low,True,False,High,High,Low,Regular,None,87.9,75.1,56.2,67.6,95.2,45.0,70.4,Good (Prasanna)
HS-SYNTH-0553,Synthetic Evaluation Record (Simulated Cohort),53,Female,167.5,61.3,21.8,Normal,Healthcare Worker,5.5,2.0,7.54,02:00 AM,07:32 AM,Good,9.1,5.1,34.0,2.7,Irregular,13.0,3,Good,True,False,High,High,Medium,Irregular,Anxiety/stress-related concerns,64.8,65.9,75.0,98.6,50.0,40.0,64.2,Moderate (Madhyama)
HS-SYNTH-0554,Synthetic Evaluation Record (Simulated Cohort),57,Male,172.8,73.7,24.7,Normal,Freelancer / Creative,7.3,22.46,5.75,10:28 PM,05:45 AM,Good,9.0,2.5,46.0,3.0,Regular,65.0,4,Neutral,True,True,Medium,Low,Low,Regular,None,87.9,100.0,66.0,99.8,90.0,85.0,86.6,Excellent (Svastha)
HS-SYNTH-0555,Synthetic Evaluation Record (Simulated Cohort),21,Female,184.0,72.6,21.4,Normal,Freelancer / Creative,4.4,1.5,5.88,01:30 AM,05:53 AM,Poor,12.6,11.3,14.0,1.8,Irregular,2.0,7,Low,False,True,Medium,High,High,Irregular,Diabetes,42.5,10.6,39.5,67.7,26.0,32.0,34.8,Needs Attention (Hina Vihara)
HS-SYNTH-0556,Synthetic Evaluation Record (Simulated Cohort),58,Male,158.4,66.7,26.6,Overweight,Homemaker,7.3,22.48,5.74,10:29 PM,05:45 AM,Good,9.0,4.6,46.0,2.3,Regular,24.0,2,Good,True,True,High,Medium,Low,Regular,None,87.9,94.0,82.5,84.6,90.0,85.0,87.3,Excellent (Svastha)
HS-SYNTH-0557,Synthetic Evaluation Record (Simulated Cohort),32,Male,178.5,66.8,21.0,Normal,Healthcare Worker,5.4,2.0,7.38,02:00 AM,07:23 AM,Good,11.4,3.6,15.0,2.6,Regular,36.0,5,Low,False,True,Medium,Low,Medium,Regular,Digestive problems,63.3,53.3,54.5,99.3,88.8,80.0,69.4,Moderate (Madhyama)
HS-SYNTH-0558,Synthetic Evaluation Record (Simulated Cohort),50,Female,159.8,59.5,23.3,Normal,Self-Employed / Business,6.0,2.0,8.0,02:00 AM,08:00 AM,Moderate,8.4,6.3,42.0,2.6,Regular,20.0,6,Good,True,True,Medium,Medium,Low,Regular,Anxiety/stress-related concerns,70.1,85.3,52.5,99.1,93.0,70.0,74.9,Good (Prasanna)
HS-SYNTH-0559,Synthetic Evaluation Record (Simulated Cohort),42,Female,164.2,62.7,23.3,Normal,Healthcare Worker,5.7,2.0,7.7,02:00 AM,07:42 AM,Poor,4.7,7.9,22.0,2.4,Irregular,20.0,5,Neutral,True,False,High,Medium,Low,Irregular,Migraine,62.5,54.2,58.5,99.9,53.0,65.0,63.3,Moderate (Madhyama)
HS-SYNTH-0560,Synthetic Evaluation Record (Simulated Cohort),32,Male,173.5,77.3,25.7,Overweight,Working Professional (IT/Corporate),7.1,1.5,8.58,01:30 AM,08:35 AM,Moderate,8.0,7.2,24.0,1.2,Irregular,17.0,7,Neutral,False,True,Medium,High,High,Irregular,Anxiety/stress-related concerns,85.5,54.3,41.7,41.3,53.0,32.0,53.2,Needs Attention (Hina Vihara)
HS-SYNTH-0561,Synthetic Evaluation Record (Simulated Cohort),35,Other,166.7,68.7,24.7,Normal,Working Professional (IT/Corporate),7.4,22.53,5.93,10:32 PM,05:56 AM,Good,6.6,3.6,48.0,2.5,Regular,45.0,1,Neutral,True,True,High,Low,Low,Regular,None,87.9,100.0,88.5,89.1,100.0,100.0,93.9,Excellent (Svastha)
HS-SYNTH-0562,Synthetic Evaluation Record (Simulated Cohort),46,Female,165.5,49.2,18.0,Underweight,Freelancer / Creative,4.5,2.0,6.5,02:00 AM,06:30 AM,Poor,10.9,4.0,60.0,1.9,Irregular,26.0,3,Neutral,True,True,Low,Medium,Medium,Irregular,None,44.0,96.0,73.5,85.5,52.8,50.0,65.5,Moderate (Madhyama)
HS-SYNTH-0563,Synthetic Evaluation Record (Simulated Cohort),30,Other,159.0,74.0,29.3,Overweight,Student,5.2,1.5,6.69,01:30 AM,06:41 AM,Poor,11.5,8.9,19.0,1.8,Irregular,10.0,8,Low,False,True,High,Low,Medium,Irregular,Migraine,54.8,36.0,31.9,65.5,46.0,95.0,54.1,Needs Attention (Hina Vihara)
HS-SYNTH-0564,Synthetic Evaluation Record (Simulated Cohort),19,Male,169.1,68.5,24.0,Normal,Healthcare Worker,4.5,2.0,6.5,02:00 AM,06:30 AM,Moderate,7.5,5.7,34.0,2.5,Regular,41.0,6,Good,True,False,Medium,Medium,Medium,Regular,Anxiety/stress-related concerns,47.0,82.9,52.5,99.2,100.0,45.0,65.8,Moderate (Madhyama)
HS-SYNTH-0565,Synthetic Evaluation Record (Simulated Cohort),31,Female,176.7,74.6,23.9,Normal,Working Professional (IT/Corporate),3.7,1.5,5.19,01:30 AM,05:12 AM,Good,10.3,8.0,18.0,1.2,Regular,14.0,9,Neutral,False,False,High,Medium,Medium,Regular,None,37.1,42.0,26.7,43.5,90.6,60.0,47.1,Needs Attention (Hina Vihara)
HS-SYNTH-0566,Synthetic Evaluation Record (Simulated Cohort),29,Female,170.6,84.2,28.9,Overweight,Student,6.5,1.5,8.01,01:30 AM,08:01 AM,Poor,9.6,9.2,22.0,1.2,Irregular,11.0,9,Neutral,True,True,Low,Medium,Medium,Irregular,None,74.8,40.4,28.5,38.3,46.5,50.0,47.8,Needs Attention (Hina Vihara)
HS-SYNTH-0567,Synthetic Evaluation Record (Simulated Cohort),28,Female,162.4,66.3,25.1,Overweight,Healthcare Worker,7.8,22.09,5.9,10:05 PM,05:54 AM,Moderate,7.7,5.2,27.0,2.0,Regular,20.0,3,Good,False,True,High,Low,Medium,Regular,None,85.5,62.0,73.2,78.6,100.0,95.0,81.6,Good (Prasanna)
HS-SYNTH-0568,Synthetic Evaluation Record (Simulated Cohort),36,Female,177.0,58.1,18.5,Normal,Healthcare Worker,7.4,2.0,9.39,02:00 AM,09:23 AM,Moderate,7.2,6.7,24.0,2.2,Irregular,12.0,5,Good,False,False,Medium,High,Low,Irregular,None,85.5,49.3,58.2,99.8,53.0,30.0,61.1,Moderate (Madhyama)
HS-SYNTH-0569,Synthetic Evaluation Record (Simulated Cohort),25,Female,166.2,82.9,30.0,Obesity Range,Student,5.8,1.5,7.3,01:30 AM,07:18 AM,Poor,9.2,9.0,18.0,1.4,Irregular,30.0,7,Good,False,False,Medium,High,High,Irregular,None,64.0,54.0,43.2,45.9,47.5,12.0,44.9,Needs Attention (Hina Vihara)
HS-SYNTH-0570,Synthetic Evaluation Record (Simulated Cohort),27,Male,168.8,63.3,22.2,Normal,Healthcare Worker,5.6,2.0,7.64,02:00 AM,07:38 AM,Poor,4.8,8.3,53.0,1.9,Regular,21.0,6,Neutral,False,True,Medium,Medium,Low,Regular,None,60.9,89.8,49.2,71.5,93.0,70.0,70.3,Good (Prasanna)
HS-SYNTH-0571,Synthetic Evaluation Record (Simulated Cohort),30,Female,179.9,74.1,22.9,Normal,Freelancer / Creative,6.9,22.84,5.75,10:50 PM,05:45 AM,Good,6.1,5.1,46.0,2.5,Regular,71.0,2,Neutral,True,True,High,Low,Low,Regular,Arthritis,86.4,100.0,81.0,84.0,100.0,100.0,91.6,Excellent (Svastha)
HS-SYNTH-0572,Synthetic Evaluation Record (Simulated Cohort),32,Female,169.0,51.0,17.9,Underweight,Student,7.3,21.87,5.17,09:52 PM,05:10 AM,Good,7.9,3.6,31.0,2.7,Regular,50.0,1,Neutral,True,False,Medium,Low,Low,Regular,None,87.9,78.2,88.5,98.9,100.0,65.0,84.7,Good (Prasanna)
HS-SYNTH-0573,Synthetic Evaluation Record (Simulated Cohort),38,Female,166.0,68.4,24.8,Normal,Self-Employed / Business,7.9,22.36,6.23,10:22 PM,06:14 AM,Good,8.0,6.8,50.0,2.8,Regular,26.0,4,Neutral,True,True,High,Low,Medium,Regular,None,87.9,96.0,66.0,100.0,93.0,95.0,88.1,Excellent (Svastha)
HS-SYNTH-0574,Synthetic Evaluation Record (Simulated Cohort),46,Female,164.6,68.0,25.1,Overweight,Homemaker,5.2,2.0,7.17,02:00 AM,07:10 AM,Poor,7.8,4.6,10.0,2.1,Regular,5.0,5,Neutral,False,True,Medium,Low,High,Regular,None,54.8,20.6,56.7,85.3,100.0,67.0,59.7,Moderate (Madhyama)
HS-SYNTH-0575,Synthetic Evaluation Record (Simulated Cohort),25,Male,178.6,58.3,18.3,Underweight,Freelancer / Creative,4.1,1.5,5.55,01:30 AM,05:33 AM,Poor,11.6,11.0,6.0,1.5,Irregular,19.0,6,Neutral,False,True,Medium,High,High,Irregular,Digestive problems,37.8,16.3,49.2,71.8,34.7,32.0,38.2,Needs Attention (Hina Vihara)
HS-SYNTH-0576,Synthetic Evaluation Record (Simulated Cohort),39,Female,173.3,73.7,24.5,Normal,Working Professional (IT/Corporate),6.2,1.5,7.68,01:30 AM,07:41 AM,Poor,8.2,8.1,17.0,1.6,Irregular,16.0,6,Neutral,True,False,Medium,High,Medium,Irregular,Digestive problems,70.2,42.0,51.0,58.8,53.0,25.0,49.9,Needs Attention (Hina Vihara)
HS-SYNTH-0577,Synthetic Evaluation Record (Simulated Cohort),42,Male,165.9,55.0,20.0,Normal,Self-Employed / Business,8.6,2.0,10.6,02:00 AM,10:36 AM,Poor,10.2,9.3,34.0,1.2,Regular,17.0,4,Neutral,False,True,Medium,Medium,Medium,Regular,Migraine,81.2,64.7,64.2,54.3,94.4,65.0,70.8,Good (Prasanna)
HS-SYNTH-0578,Synthetic Evaluation Record (Simulated Cohort),37,Male,159.0,70.9,28.0,Overweight,Working Professional (IT/Corporate),7.5,1.5,9.0,01:30 AM,09:00 AM,Moderate,6.2,11.0,25.0,1.9,Irregular,31.0,8,Neutral,False,True,Medium,High,Medium,Irregular,Digestive problems,85.5,56.9,34.2,70.6,47.5,45.0,56.8,Moderate (Madhyama)
HS-SYNTH-0579,Synthetic Evaluation Record (Simulated Cohort),57,Female,171.2,59.6,20.3,Normal,Homemaker,8.5,22.2,6.72,10:12 PM,06:43 AM,Moderate,8.8,4.7,48.0,2.6,Regular,59.0,3,Good,True,True,Medium,Medium,Low,Regular,Arthritis,85.5,100.0,75.0,99.4,90.0,70.0,85.1,Excellent (Svastha)
HS-SYNTH-0580,Synthetic Evaluation Record (Simulated Cohort),43,Male,156.8,59.3,24.1,Normal,Educator / Academic,7.3,22.13,5.4,10:08 PM,05:24 AM,Good,7.8,6.4,49.0,2.9,Regular,56.0,5,Good,True,True,High,Medium,Low,Regular,Diabetes,87.9,100.0,60.0,97.9,93.0,85.0,85.6,Excellent (Svastha)
HS-SYNTH-0581,Synthetic Evaluation Record (Simulated Cohort),26,Female,173.7,79.3,26.3,Overweight,Student,7.5,1.5,9.0,01:30 AM,09:00 AM,Poor,8.5,9.2,14.0,1.0,Irregular,6.0,8,Low,True,True,Low,Medium,High,Irregular,Digestive problems,82.5,23.0,33.8,34.6,56.5,37.0,45.9,Needs Attention (Hina Vihara)
HS-SYNTH-0582,Synthetic Evaluation Record (Simulated Cohort),38,Male,176.6,87.2,28.0,Overweight,Educator / Academic,4.7,2.0,6.65,02:00 AM,06:39 AM,Moderate,6.6,4.6,32.0,2.4,Regular,5.0,4,Low,True,False,High,Low,Low,Regular,None,50.1,54.8,63.8,72.3,100.0,80.0,67.3,Moderate (Madhyama)
HS-SYNTH-0583,Synthetic Evaluation Record (Simulated Cohort),36,Male,159.4,52.2,20.5,Normal,Freelancer / Creative,7.5,21.97,5.47,09:58 PM,05:28 AM,Good,8.3,4.4,54.0,3.0,Regular,44.0,3,Good,False,True,High,Medium,Medium,Regular,None,87.9,100.0,73.2,99.1,100.0,80.0,88.3,Excellent (Svastha)
HS-SYNTH-0584,Synthetic Evaluation Record (Simulated Cohort),50,Female,155.1,78.8,32.8,Obesity Range,Healthcare Worker,4.8,2.0,6.76,02:00 AM,06:46 AM,Poor,8.6,7.1,39.0,2.8,Irregular,5.0,3,Low,False,True,Medium,Medium,Medium,Irregular,None,48.6,65.7,69.5,98.9,43.0,65.0,63.2,Moderate (Madhyama)
HS-SYNTH-0585,Synthetic Evaluation Record (Simulated Cohort),22,Male,159.8,65.8,25.8,Overweight,Student,6.8,2.0,8.76,02:00 AM,08:46 AM,Poor,8.2,5.7,25.0,2.9,Irregular,46.0,6,Neutral,True,True,Medium,Medium,Medium,Irregular,None,79.4,68.9,51.0,98.1,60.0,65.0,68.8,Moderate (Madhyama)
HS-SYNTH-0586,Synthetic Evaluation Record (Simulated Cohort),33,Male,155.8,72.2,29.7,Overweight,Homemaker,5.1,2.0,7.11,02:00 AM,07:07 AM,Moderate,7.0,3.0,52.0,1.2,Regular,5.0,3,Neutral,False,False,Medium,High,Medium,Regular,Anxiety/stress-related concerns,56.2,75.0,71.7,40.5,100.0,25.0,60.8,Moderate (Madhyama)
HS-SYNTH-0587,Synthetic Evaluation Record (Simulated Cohort),37,Male,165.1,52.9,19.4,Normal,Student,6.5,2.0,8.51,02:00 AM,08:31 AM,Moderate,7.6,6.2,45.0,2.6,Regular,34.0,5,Neutral,True,False,High,Low,High,Regular,None,77.8,100.0,58.5,97.9,93.0,62.0,78.9,Good (Prasanna)
HS-SYNTH-0588,Synthetic Evaluation Record (Simulated Cohort),33,Female,163.5,67.4,25.2,Overweight,Educator / Academic,5.8,2.0,7.8,02:00 AM,07:48 AM,Moderate,6.8,4.6,37.0,2.4,Regular,13.0,8,Neutral,True,True,Medium,Medium,High,Regular,None,67.0,70.6,36.0,90.0,100.0,52.0,65.0,Moderate (Madhyama)
HS-SYNTH-0589,Synthetic Evaluation Record (Simulated Cohort),27,Male,172.7,67.7,22.7,Normal,Freelancer / Creative,6.3,1.5,7.84,01:30 AM,07:50 AM,Moderate,9.2,8.2,1.0,1.5,Irregular,0.0,6,Good,False,False,High,High,Medium,Irregular,None,74.7,5.0,50.7,63.1,43.0,40.0,46.1,Needs Attention (Hina Vihara)
HS-SYNTH-0590,Synthetic Evaluation Record (Simulated Cohort),34,Female,178.9,39.9,12.5,Underweight,Healthcare Worker,8.5,22.37,6.89,10:22 PM,06:54 AM,Moderate,6.1,5.5,39.0,2.9,Regular,54.0,1,Neutral,True,True,Medium,Low,Medium,Regular,None,85.5,90.7,88.5,92.5,100.0,80.0,88.5,Excellent (Svastha)
HS-SYNTH-0591,Synthetic Evaluation Record (Simulated Cohort),22,Male,171.3,71.8,24.5,Normal,Working Professional (IT/Corporate),6.0,2.0,7.96,02:00 AM,07:58 AM,Moderate,11.7,7.3,29.0,1.7,Irregular,22.0,7,Low,False,False,High,Medium,Low,Irregular,None,70.1,67.1,39.5,61.7,39.4,65.0,58.0,Moderate (Madhyama)
HS-SYNTH-0592,Synthetic Evaluation Record (Simulated Cohort),46,Female,166.1,70.7,25.6,Overweight,Freelancer / Creative,6.2,2.0,8.19,02:00 AM,08:11 AM,Moderate,7.9,5.5,55.0,1.9,Irregular,30.0,3,Low,False,False,High,Medium,Medium,Irregular,Digestive problems,73.2,100.0,69.5,64.8,60.0,60.0,72.5,Good (Prasanna)
HS-SYNTH-0593,Synthetic Evaluation Record (Simulated Cohort),47,Female,173.0,62.3,20.8,Normal,Healthcare Worker,7.0,2.0,9.02,02:00 AM,09:01 AM,Poor,8.1,7.4,25.0,2.1,Regular,44.0,5,Neutral,True,True,High,Low,High,Regular,None,82.5,68.9,58.5,87.9,93.0,82.0,77.0,Good (Prasanna)
HS-SYNTH-0594,Synthetic Evaluation Record (Simulated Cohort),31,Male,162.3,65.2,24.8,Normal,Self-Employed / Business,5.1,2.0,7.15,02:00 AM,07:09 AM,Poor,9.5,9.8,33.0,1.0,Irregular,34.0,4,Neutral,True,False,Low,Medium,Medium,Irregular,Anxiety/stress-related concerns,53.2,74.1,66.0,39.1,43.5,30.0,52.8,Needs Attention (Hina Vihara)
HS-SYNTH-0595,Synthetic Evaluation Record (Simulated Cohort),25,Male,152.7,69.7,29.9,Overweight,Homemaker,4.5,2.0,6.5,02:00 AM,06:30 AM,Moderate,10.3,6.3,51.0,2.8,Irregular,31.0,6,Neutral,False,True,Medium,Low,Medium,Irregular,None,47.0,100.0,49.2,99.7,50.6,80.0,68.6,Moderate (Madhyama)
HS-SYNTH-0596,Synthetic Evaluation Record (Simulated Cohort),49,Female,162.2,68.3,26.0,Overweight,Self-Employed / Business,7.3,23.11,6.41,11:07 PM,06:24 AM,Good,7.1,4.8,36.0,2.7,Regular,32.0,4,Neutral,True,False,Medium,Medium,Low,Regular,Hypertension,87.9,86.0,66.0,100.0,100.0,50.0,79.0,Good (Prasanna)
HS-SYNTH-0597,Synthetic Evaluation Record (Simulated Cohort),23,Female,160.1,62.9,24.5,Normal,Self-Employed / Business,8.6,2.0,10.64,02:00 AM,10:38 AM,Moderate,10.4,4.4,4.0,1.7,Regular,44.0,4,Good,False,False,Medium,Medium,High,Regular,None,84.2,36.2,65.7,76.1,96.8,32.0,63.2,Moderate (Madhyama)
HS-SYNTH-0598,Synthetic Evaluation Record (Simulated Cohort),42,Female,178.2,49.6,15.6,Underweight,Freelancer / Creative,7.6,2.0,9.64,02:00 AM,09:38 AM,Poor,8.2,4.7,13.0,2.2,Regular,26.0,6,Low,True,False,Medium,Low,Low,Regular,None,82.5,46.2,48.8,98.8,100.0,65.0,69.8,Moderate (Madhyama)
HS-SYNTH-0599,Synthetic Evaluation Record (Simulated Cohort),28,Female,168.8,79.4,27.9,Overweight,Educator / Academic,6.3,2.0,8.34,02:00 AM,08:20 AM,Good,6.5,5.6,34.0,1.9,Irregular,25.0,8,Neutral,False,True,Medium,Medium,High,Irregular,None,77.1,77.9,34.2,62.0,60.0,52.0,60.6,Moderate (Madhyama)
HS-SYNTH-0600,Synthetic Evaluation Record (Simulated Cohort),20,Female,172.1,67.6,22.8,Normal,Freelancer / Creative,8.5,2.0,10.48,02:00 AM,10:29 AM,Good,8.9,8.3,33.0,2.1,Regular,5.0,8,Low,True,False,High,Medium,Medium,Regular,None,87.9,55.1,33.8,79.5,83.0,60.0,64.7,Moderate (Madhyama)
HS-SYNTH-0601,Synthetic Evaluation Record (Simulated Cohort),41,Female,161.4,76.0,29.2,Overweight,Freelancer / Creative,6.2,2.0,8.19,02:00 AM,08:11 AM,Moderate,8.2,5.1,45.0,1.8,Regular,24.0,2,Neutral,True,True,Medium,Medium,Medium,Regular,None,73.2,94.0,81.0,59.3,100.0,65.0,78.9,Good (Prasanna)
HS-SYNTH-0602,Synthetic Evaluation Record (Simulated Cohort),33,Female,162.5,69.1,26.2,Overweight,Homemaker,6.5,21.5,4.0,09:30 PM,04:00 AM,Good,7.9,4.6,74.0,2.4,Regular,31.0,1,Good,True,False,High,Low,Medium,Regular,None,80.2,100.0,90.0,79.1,100.0,75.0,87.1,Excellent (Svastha)
HS-SYNTH-0603,Synthetic Evaluation Record (Simulated Cohort),28,Male,173.2,66.9,22.3,Normal,Working Professional (IT/Corporate),7.0,22.06,5.03,10:04 PM,05:02 AM,Good,7.7,4.4,30.0,3.1,Regular,40.0,4,Good,True,True,High,Low,Low,Regular,None,87.9,76.7,67.5,97.5,100.0,100.0,86.4,Excellent (Svastha)
HS-SYNTH-0604,Synthetic Evaluation Record (Simulated Cohort),29,Male,161.1,83.5,32.2,Obesity Range,Working Professional (IT/Corporate),4.3,1.5,5.81,01:30 AM,05:49 AM,Poor,9.2,9.3,11.0,2.3,Regular,0.0,9,Low,True,False,Medium,Low,High,Regular,None,40.9,11.9,26.2,76.3,86.0,47.0,42.8,Needs Attention (Hina Vihara)
HS-SYNTH-0605,Synthetic Evaluation Record (Simulated Cohort),35,Female,175.7,63.6,20.6,Normal,Educator / Academic,7.3,21.88,5.15,09:53 PM,05:09 AM,Good,8.3,5.0,35.0,2.5,Regular,24.0,2,Good,True,True,High,Low,Medium,Regular,None,87.9,78.4,82.5,99.9,100.0,95.0,89.0,Excellent (Svastha)
HS-SYNTH-0606,Synthetic Evaluation Record (Simulated Cohort),25,Male,175.8,59.6,19.3,Normal,Self-Employed / Business,7.5,2.0,9.46,02:00 AM,09:28 AM,Moderate,11.7,6.7,58.0,3.2,Regular,20.0,5,Neutral,True,True,Medium,Medium,High,Regular,Digestive problems,85.5,90.0,58.5,96.9,79.4,52.0,75.3,Good (Prasanna)
HS-SYNTH-0607,Synthetic Evaluation Record (Simulated Cohort),36,Male,156.5,82.1,33.5,Obesity Range,Self-Employed / Business,5.8,2.0,7.76,02:00 AM,07:45 AM,Good,12.0,6.9,0.0,1.1,Irregular,24.0,4,Neutral,True,False,Medium,Low,High,Irregular,None,69.4,24.0,66.0,38.3,37.0,47.0,49.5,Needs Attention (Hina Vihara)
HS-SYNTH-0608,Synthetic Evaluation Record (Simulated Cohort),36,Male,167.1,52.9,18.9,Normal,Student,7.8,22.82,6.67,10:49 PM,06:40 AM,Good,8.0,4.4,57.0,3.0,Regular,52.0,2,Good,False,True,Medium,Low,Low,Regular,None,87.9,100.0,80.7,96.4,100.0,85.0,90.4,Excellent (Svastha)
HS-SYNTH-0609,Synthetic Evaluation Record (Simulated Cohort),25,Male,162.4,55.7,21.1,Normal,Educator / Academic,7.7,22.88,6.57,10:53 PM,06:34 AM,Good,9.0,3.3,48.0,2.0,Regular,24.0,2,Good,True,False,High,Medium,Low,Regular,None,87.9,94.0,82.5,85.1,90.0,65.0,83.8,Good (Prasanna)
HS-SYNTH-0610,Synthetic Evaluation Record (Simulated Cohort),19,Female,164.7,66.1,24.4,Normal,Student,7.1,2.0,9.08,02:00 AM,09:05 AM,Good,6.3,9.1,32.0,1.5,Irregular,8.0,3,Neutral,True,False,Medium,Medium,Medium,Irregular,Digestive problems,87.9,53.4,73.5,58.1,57.0,45.0,64.4,Moderate (Madhyama)
HS-SYNTH-0611,Synthetic Evaluation Record (Simulated Cohort),36,Female,176.6,56.8,18.2,Underweight,Student,5.4,1.5,6.92,01:30 AM,06:55 AM,Poor,11.3,10.1,41.0,1.3,Regular,8.0,7,Neutral,True,True,Medium,High,Medium,Regular,None,57.9,63.4,43.5,55.8,81.6,45.0,56.3,Moderate (Madhyama)
HS-SYNTH-0612,Synthetic Evaluation Record (Simulated Cohort),26,Female,172.6,70.7,23.7,Normal,Working Professional (IT/Corporate),7.5,23.2,6.73,11:12 PM,06:44 AM,Good,7.6,2.5,48.0,2.4,Regular,22.0,2,Neutral,True,False,Medium,Medium,Medium,Regular,Asthma,87.9,92.0,81.0,83.5,100.0,45.0,80.5,Good (Prasanna)
HS-SYNTH-0613,Synthetic Evaluation Record (Simulated Cohort),51,Female,157.6,65.4,26.3,Overweight,Working Professional (IT/Corporate),8.8,21.6,6.4,09:36 PM,06:24 AM,Good,6.8,4.6,43.0,3.5,Regular,46.0,2,Neutral,True,True,High,Low,Low,Regular,None,84.1,96.9,81.0,98.9,100.0,100.0,92.0,Excellent (Svastha)
HS-SYNTH-0614,Synthetic Evaluation Record (Simulated Cohort),55,Female,176.5,61.9,19.9,Normal,Educator / Academic,7.4,22.05,5.45,10:03 PM,05:27 AM,Moderate,6.6,4.5,25.0,2.3,Regular,49.0,1,Good,True,True,High,Low,Medium,Regular,Digestive problems,85.5,68.9,90.0,99.6,100.0,95.0,88.3,Excellent (Svastha)
HS-SYNTH-0615,Synthetic Evaluation Record (Simulated Cohort),28,Female,152.0,56.1,24.3,Normal,Self-Employed / Business,7.0,22.76,5.73,10:46 PM,05:44 AM,Poor,7.3,4.1,48.0,2.3,Regular,21.0,5,Good,True,True,High,Low,High,Regular,None,82.5,91.0,60.0,99.7,100.0,82.0,83.3,Good (Prasanna)
HS-SYNTH-0616,Synthetic Evaluation Record (Simulated Cohort),51,Female,166.4,54.4,19.6,Normal,Working Professional (IT/Corporate),7.2,23.09,6.28,11:05 PM,06:17 AM,Good,5.9,3.4,45.0,2.6,Regular,48.0,4,Good,True,True,High,Low,Medium,Regular,None,87.9,100.0,67.5,98.2,100.0,95.0,89.8,Excellent (Svastha)
HS-SYNTH-0617,Synthetic Evaluation Record (Simulated Cohort),28,Male,171.1,58.8,20.1,Normal,Student,7.8,21.71,5.48,09:42 PM,05:29 AM,Good,8.0,5.5,47.0,3.0,Regular,58.0,1,Neutral,True,True,High,Low,Low,Regular,None,87.9,100.0,88.5,97.2,100.0,100.0,94.8,Excellent (Svastha)
HS-SYNTH-0618,Synthetic Evaluation Record (Simulated Cohort),21,Male,166.7,76.8,27.6,Overweight,Educator / Academic,9.0,2.0,11.0,02:00 AM,11:00 AM,Good,7.6,5.9,48.0,1.9,Regular,40.0,4,Good,True,True,High,Medium,Low,Regular,None,81.6,100.0,67.5,61.5,100.0,85.0,82.9,Good (Prasanna)
HS-SYNTH-0619,Synthetic Evaluation Record (Simulated Cohort),37,Female,179.5,60.3,18.7,Normal,Self-Employed / Business,7.8,22.64,6.4,10:39 PM,06:24 AM,Good,7.4,5.3,38.0,2.2,Regular,20.0,4,Good,False,True,Medium,Medium,Medium,Regular,None,87.9,79.1,65.7,98.8,100.0,65.0,80.3,Good (Prasanna)
HS-SYNTH-0620,Synthetic Evaluation Record (Simulated Cohort),41,Male,165.4,67.9,24.8,Normal,Working Professional (IT/Corporate),8.1,22.73,6.82,10:44 PM,06:49 AM,Good,8.0,4.7,43.0,2.7,Regular,48.0,5,Neutral,True,True,Medium,Low,Low,Regular,None,87.9,96.9,58.5,99.8,100.0,85.0,85.8,Excellent (Svastha)
HS-SYNTH-0621,Synthetic Evaluation Record (Simulated Cohort),22,Female,166.8,64.7,23.3,Normal,Freelancer / Creative,6.9,23.2,6.09,11:12 PM,06:06 AM,Good,7.0,5.5,39.0,2.7,Regular,39.0,3,Good,True,True,High,Medium,Low,Regular,None,86.4,90.7,75.0,99.5,100.0,85.0,87.6,Excellent (Svastha)
HS-SYNTH-0622,Synthetic Evaluation Record (Simulated Cohort),39,Female,154.7,65.7,27.5,Overweight,Self-Employed / Business,6.5,22.55,5.09,10:33 PM,05:05 AM,Moderate,6.2,2.7,76.0,2.5,Regular,21.0,2,Good,False,True,High,Low,Low,Regular,None,77.8,91.0,80.7,85.2,100.0,100.0,88.2,Excellent (Svastha)
HS-SYNTH-0623,Synthetic Evaluation Record (Simulated Cohort),54,Male,178.3,64.9,20.4,Normal,Homemaker,7.1,22.37,5.49,10:22 PM,05:29 AM,Good,6.0,4.0,40.0,3.1,Regular,20.0,3,Good,True,True,High,Medium,Low,Regular,Diabetes,87.9,82.2,75.0,97.6,100.0,85.0,86.2,Excellent (Svastha)
HS-SYNTH-0624,Synthetic Evaluation Record (Simulated Cohort),44,Female,151.2,87.9,38.4,Obesity Range,Homemaker,8.1,23.2,7.25,11:12 PM,07:15 AM,Good,7.0,5.7,32.0,2.9,Regular,33.0,3,Good,True,True,High,Low,Low,Regular,None,87.9,79.8,75.0,86.7,100.0,100.0,87.4,Excellent (Svastha)
HS-SYNTH-0625,Synthetic Evaluation Record (Simulated Cohort),54,Female,170.0,69.4,24.0,Normal,Student,7.3,2.0,9.32,02:00 AM,09:19 AM,Good,9.0,8.0,28.0,1.9,Irregular,31.0,9,Neutral,True,True,Medium,Low,Medium,Irregular,None,87.9,73.6,28.5,71.4,43.0,80.0,65.0,Moderate (Madhyama)
HS-SYNTH-0626,Synthetic Evaluation Record (Simulated Cohort),22,Female,172.7,83.6,28.0,Overweight,Freelancer / Creative,5.5,1.5,6.98,01:30 AM,06:59 AM,Moderate,9.7,6.4,5.0,1.5,Irregular,16.0,6,Low,True,True,Low,Medium,Medium,Irregular,Digestive problems,62.4,23.8,48.8,50.5,43.0,50.0,47.0,Needs Attention (Hina Vihara)
HS-SYNTH-0627,Synthetic Evaluation Record (Simulated Cohort),51,Male,157.1,67.5,27.3,Overweight,Educator / Academic,7.7,22.11,5.85,10:07 PM,05:51 AM,Good,6.9,4.7,41.0,3.0,Regular,50.0,1,Good,False,True,High,Low,Medium,Regular,Migraine,87.9,93.8,88.2,98.6,100.0,95.0,92.8,Excellent (Svastha)
HS-SYNTH-0628,Synthetic Evaluation Record (Simulated Cohort),21,Female,190.1,66.7,18.5,Normal,Student,5.2,1.5,6.7,01:30 AM,06:42 AM,Poor,9.8,9.7,8.0,2.4,Regular,28.0,5,Good,False,False,Low,High,High,Regular,Anxiety/stress-related concerns,54.8,33.6,58.2,100.0,84.0,10.0,51.6,Needs Attention (Hina Vihara)
HS-SYNTH-0629,Synthetic Evaluation Record (Simulated Cohort),49,Male,159.0,63.8,25.2,Overweight,Student,7.1,22.29,5.41,10:17 PM,05:25 AM,Moderate,8.0,2.5,46.0,2.9,Regular,26.0,5,Good,True,True,Medium,Low,Medium,Regular,None,85.5,96.0,60.0,98.6,100.0,80.0,84.4,Good (Prasanna)
HS-SYNTH-0630,Synthetic Evaluation Record (Simulated Cohort),37,Male,174.5,71.9,23.6,Normal,Homemaker,5.9,2.0,7.93,02:00 AM,07:56 AM,Moderate,6.9,4.9,36.0,2.2,Irregular,21.0,8,Low,True,True,Medium,Medium,Low,Irregular,None,68.6,77.0,33.8,78.1,60.0,70.0,63.3,Moderate (Madhyama)
HS-SYNTH-0631,Synthetic Evaluation Record (Simulated Cohort),53,Male,171.8,77.1,26.1,Overweight,Self-Employed / Business,8.3,2.0,10.32,02:00 AM,10:19 AM,Poor,9.2,7.0,26.0,1.8,Irregular,21.0,6,Neutral,False,True,Medium,Medium,Low,Irregular,Migraine,82.5,61.4,49.2,61.7,43.0,70.0,63.0,Moderate (Madhyama)
HS-SYNTH-0632,Synthetic Evaluation Record (Simulated Cohort),27,Male,148.5,66.0,29.9,Overweight,Freelancer / Creative,7.8,2.0,9.82,02:00 AM,09:49 AM,Good,8.1,8.1,42.0,1.7,Irregular,15.0,4,Neutral,False,True,Low,Medium,High,Irregular,Thyroid disorder,87.9,79.9,64.2,63.9,53.0,37.0,66.0,Moderate (Madhyama)
HS-SYNTH-0633,Synthetic Evaluation Record (Simulated Cohort),21,Male,176.9,77.2,24.7,Normal,Freelancer / Creative,4.6,1.5,6.13,01:30 AM,06:08 AM,Moderate,9.0,7.7,9.0,1.0,Irregular,26.0,10,Neutral,False,True,Low,Medium,High,Irregular,None,48.5,40.0,19.2,36.0,43.0,37.0,37.1,Needs Attention (Hina Vihara)
HS-SYNTH-0634,Synthetic Evaluation Record (Simulated Cohort),31,Female,167.4,58.6,20.9,Normal,Self-Employed / Business,7.2,22.6,5.77,10:36 PM,05:46 AM,Good,7.8,4.8,59.0,3.1,Regular,40.0,3,Good,True,True,High,Low,High,Regular,None,87.9,100.0,75.0,97.3,100.0,82.0,88.8,Excellent (Svastha)
HS-SYNTH-0635,Synthetic Evaluation Record (Simulated Cohort),38,Male,164.5,56.7,21.0,Normal,Working Professional (IT/Corporate),7.1,2.0,9.06,02:00 AM,09:03 AM,Moderate,7.3,6.4,14.0,2.2,Irregular,33.0,6,Neutral,True,False,Medium,Low,High,Irregular,Arthritis,85.5,51.8,51.0,99.4,53.0,47.0,63.1,Moderate (Madhyama)
HS-SYNTH-0636,Synthetic Evaluation Record (Simulated Cohort),31,Female,174.1,61.3,20.2,Normal,Student,6.5,1.5,8.02,01:30 AM,08:01 AM,Poor,9.8,8.7,7.0,1.0,Irregular,9.0,7,Neutral,False,False,Medium,High,Low,Irregular,None,74.8,17.1,41.7,45.4,49.0,30.0,43.7,Needs Attention (Hina Vihara)
HS-SYNTH-0637,Synthetic Evaluation Record (Simulated Cohort),30,Female,146.5,68.4,31.9,Obesity Range,Student,8.0,22.19,6.2,10:12 PM,06:12 AM,Poor,7.9,3.2,80.0,2.3,Regular,33.0,2,Good,True,True,Medium,Medium,Low,Regular,None,82.5,100.0,82.5,75.1,100.0,70.0,84.8,Good (Prasanna)
HS-SYNTH-0638,Synthetic Evaluation Record (Simulated Cohort),39,Male,167.0,61.2,21.9,Normal,Freelancer / Creative,7.3,22.5,5.84,10:30 PM,05:50 AM,Good,8.2,4.7,44.0,2.2,Regular,46.0,6,Low,True,True,High,Medium,Medium,Regular,None,87.9,98.4,48.8,87.7,100.0,80.0,82.0,Good (Prasanna)
HS-SYNTH-0639,Synthetic Evaluation Record (Simulated Cohort),25,Female,160.7,68.1,26.4,Overweight,Student,5.2,2.0,7.24,02:00 AM,07:14 AM,Moderate,7.1,3.0,55.0,3.3,Irregular,23.0,6,Low,False,False,Medium,Medium,Low,Irregular,None,57.8,93.0,47.0,98.0,60.0,50.0,64.9,Moderate (Madhyama)
HS-SYNTH-0640,Synthetic Evaluation Record (Simulated Cohort),36,Female,160.4,51.5,20.0,Normal,Freelancer / Creative,4.7,1.5,6.2,01:30 AM,06:12 AM,Poor,10.2,5.6,21.0,1.1,Irregular,24.0,10,Low,False,True,Low,High,High,Irregular,Anxiety/stress-related concerns,47.1,56.7,16.9,55.0,58.4,17.0,39.5,Needs Attention (Hina Vihara)
HS-SYNTH-0641,Synthetic Evaluation Record (Simulated Cohort),43,Male,169.7,58.2,20.2,Normal,Self-Employed / Business,7.2,21.68,4.9,09:41 PM,04:54 AM,Good,5.9,4.3,27.0,2.1,Regular,20.0,3,Good,True,True,Medium,Medium,Low,Regular,None,87.9,62.0,75.0,99.1,100.0,70.0,80.0,Good (Prasanna)
HS-SYNTH-0642,Synthetic Evaluation Record (Simulated Cohort),31,Male,147.5,49.5,22.8,Normal,Homemaker,7.3,22.26,5.61,10:15 PM,05:36 AM,Moderate,9.0,5.7,67.0,2.2,Regular,45.0,3,Neutral,True,True,High,Medium,Medium,Regular,None,85.5,100.0,73.5,99.5,90.0,80.0,86.7,Excellent (Svastha)
HS-SYNTH-0643,Synthetic Evaluation Record (Simulated Cohort),41,Male,166.1,68.4,24.8,Normal,Student,5.0,1.5,6.47,01:30 AM,06:28 AM,Poor,9.9,8.2,26.0,1.8,Irregular,22.0,7,Neutral,False,False,Low,Medium,Low,Irregular,Digestive problems,51.7,61.6,41.7,68.9,43.0,35.0,49.2,Needs Attention (Hina Vihara)
HS-SYNTH-0644,Synthetic Evaluation Record (Simulated Cohort),31,Female,152.5,61.0,26.2,Overweight,Working Professional (IT/Corporate),5.5,2.0,7.46,02:00 AM,07:28 AM,Poor,8.8,6.2,9.0,1.0,Regular,16.0,5,Low,False,False,Medium,Low,High,Regular,None,59.4,30.0,54.5,45.2,83.0,47.0,52.3,Needs Attention (Hina Vihara)
HS-SYNTH-0645,Synthetic Evaluation Record (Simulated Cohort),26,Female,167.8,69.9,24.8,Normal,Self-Employed / Business,5.0,2.0,6.97,02:00 AM,06:58 AM,Moderate,7.8,3.0,11.0,2.0,Regular,18.0,3,Neutral,False,True,Medium,Medium,Medium,Regular,None,54.7,35.1,71.7,78.8,100.0,65.0,64.3,Moderate (Madhyama)
HS-SYNTH-0646,Synthetic Evaluation Record (Simulated Cohort),48,Female,179.6,51.0,15.8,Underweight,Working Professional (IT/Corporate),6.9,22.38,5.29,10:23 PM,05:17 AM,Moderate,6.1,5.6,38.0,2.6,Regular,54.0,1,Neutral,True,True,Medium,Low,Medium,Regular,None,84.0,89.1,88.5,97.0,100.0,80.0,88.3,Excellent (Svastha)
HS-SYNTH-0647,Synthetic Evaluation Record (Simulated Cohort),45,Female,157.6,54.9,22.1,Normal,Freelancer / Creative,7.6,21.5,5.07,09:30 PM,05:04 AM,Moderate,7.1,4.1,44.0,2.7,Regular,66.0,4,Good,True,True,Medium,Low,Low,Regular,None,85.5,98.4,67.5,97.8,100.0,85.0,87.1,Excellent (Svastha)
HS-SYNTH-0648,Synthetic Evaluation Record (Simulated Cohort),41,Male,164.6,61.5,22.7,Normal,Working Professional (IT/Corporate),6.0,1.5,7.5,01:30 AM,07:30 AM,Poor,8.6,7.7,33.0,1.5,Irregular,6.0,6,Neutral,True,False,Low,Low,Medium,Irregular,None,67.1,57.3,51.0,61.8,43.0,45.0,54.7,Needs Attention (Hina Vihara)
HS-SYNTH-0649,Synthetic Evaluation Record (Simulated Cohort),43,Female,174.7,67.3,22.1,Normal,Student,7.8,22.8,6.57,10:48 PM,06:34 AM,Good,8.6,3.8,80.0,2.9,Regular,46.0,3,Good,False,True,High,Medium,Medium,Regular,Thyroid disorder,87.9,100.0,73.2,99.5,90.0,80.0,87.1,Excellent (Svastha)
HS-SYNTH-0650,Synthetic Evaluation Record (Simulated Cohort),23,Female,156.1,71.9,29.5,Overweight,Working Professional (IT/Corporate),5.2,1.5,6.74,01:30 AM,06:44 AM,Moderate,11.9,10.6,11.0,0.8,Irregular,0.0,7,Neutral,False,True,Medium,Medium,Medium,Irregular,None,57.8,6.7,41.7,30.7,34.3,65.0,41.1,Needs Attention (Hina Vihara)
