participant_id,data_source_nature,age,gender,height_cm,weight_kg,bmi,bmi_category,occupation,sleep_duration_hrs,sleep_time_dec,wake_up_time_dec,sleep_time_str,wake_up_time_str,sleep_quality,work_study_hrs,screen_time_hrs,physical_activity_min,water_intake_liters,meal_regularity,outdoor_time_min,stress_level,mood,relaxation_activity,breakfast_regular,fruit_veg_intake,processed_food_freq,caffeine_freq,meal_timing_consistency,health_conditions,sleep_score,activity_score,stress_score,hydration_score,routine_score,nutrition_score,lifestyle_wellness_score,wellness_category
HS-OBS-0001,Empirical Lifestyle Survey (Academic Observational Cohort),33,Female,161.2,63.8,24.6,Normal,Working Professional (IT/Corporate),7.5,23.5,7.0,11:30 PM,07:00 AM,Good,8.4,7.2,41.0,1.7,Irregular,24.0,7,Good,False,True,Medium,Medium,Medium,Regular,None,87.9,87.8,43.2,66.0,66.0,65.0,70.0,Good (Prasanna)
HS-OBS-0002,Empirical Lifestyle Survey (Academic Observational Cohort),26,Male,171.0,70.5,24.1,Normal,Student,5.5,0.0,5.5,12:00 AM,05:30 AM,Poor,6.2,6.6,10.0,1.6,Regular,21.0,4,Neutral,False,False,Medium,Medium,Low,Regular,None,57.9,36.6,64.2,62.7,93.0,50.0,58.6,Moderate (Madhyama)
HS-OBS-0003,Empirical Lifestyle Survey (Academic Observational Cohort),30,Male,172.5,77.9,26.2,Overweight,Working Professional (IT/Corporate),4.0,1.5,5.5,01:30 AM,05:30 AM,Poor,9.2,10.2,1.0,1.2,Irregular,12.0,8,Good,False,False,Low,High,High,Irregular,Migraine,33.8,5.0,35.7,43.9,41.5,10.0,26.6,Needs Attention (Hina Vihara)
HS-OBS-0004,Empirical Lifestyle Survey (Academic Observational Cohort),25,Male,186.0,81.2,23.5,Normal,Working Professional (IT/Corporate),5.5,0.5,6.0,12:30 AM,06:00 AM,Moderate,10.0,5.4,25.0,1.8,Irregular,8.0,6,Neutral,True,True,Medium,Medium,Medium,Regular,None,60.9,46.9,51.0,59.0,70.0,65.0,58.0,Moderate (Madhyama)
HS-OBS-0005,Empirical Lifestyle Survey (Academic Observational Cohort),37,Female,163.0,60.4,22.7,Normal,Homemaker,6.9,23.0,5.9,11:00 PM,05:54 AM,Good,5.9,4.7,29.0,2.3,Regular,37.0,2,Good,False,True,Medium,Medium,Medium,Regular,Migraine,86.4,75.1,80.7,99.7,100.0,65.0,82.3,Good (Prasanna)
HS-OBS-0006,Empirical Lifestyle Survey (Academic Observational Cohort),32,Female,159.8,54.6,21.4,Normal,Student,6.8,23.5,6.3,11:30 PM,06:18 AM,Moderate,10.3,9.3,12.0,1.8,Irregular,16.0,7,Neutral,False,False,Medium,High,Medium,Regular,None,82.4,29.5,41.7,89.5,73.6,25.0,54.1,Needs Attention (Hina Vihara)
HS-OBS-0007,Empirical Lifestyle Survey (Academic Observational Cohort),28,Male,172.8,61.9,20.7,Normal,Working Professional (IT/Corporate),6.5,23.0,5.5,11:00 PM,05:30 AM,Moderate,9.1,7.8,34.0,2.3,Regular,36.0,4,Good,True,False,Medium,Low,Low,Regular,Digestive problems,77.8,82.9,67.5,99.2,83.0,65.0,77.1,Good (Prasanna)
HS-OBS-0008,Empirical Lifestyle Survey (Academic Observational Cohort),34,Female,170.9,66.9,22.9,Normal,Working Professional (IT/Corporate),8.0,23.5,7.5,11:30 PM,07:30 AM,Good,5.0,7.0,36.0,2.4,Regular,23.0,2,Low,False,True,High,Medium,Low,Regular,None,87.9,79.0,77.0,98.9,86.0,85.0,84.5,Good (Prasanna)
HS-OBS-0009,Empirical Lifestyle Survey (Academic Observational Cohort),30,Female,164.1,71.5,26.6,Overweight,Freelancer / Creative,6.8,23.25,6.05,11:15 PM,06:03 AM,Good,6.9,5.0,46.0,2.3,Regular,29.0,5,Good,True,False,High,Low,Medium,Regular,Digestive problems,84.8,99.0,60.0,79.7,100.0,75.0,81.9,Good (Prasanna)
HS-OBS-0010,Empirical Lifestyle Survey (Academic Observational Cohort),30,Male,180.3,70.7,21.7,Normal,Working Professional (IT/Corporate),6.0,23.0,5.0,11:00 PM,05:00 AM,Moderate,8.2,5.0,26.0,2.1,Irregular,20.0,6,Neutral,False,False,Low,Medium,Medium,Irregular,None,70.1,60.4,49.2,78.0,60.0,30.0,56.5,Moderate (Madhyama)
HS-OBS-0011,Empirical Lifestyle Survey (Academic Observational Cohort),20,Female,159.6,56.5,22.2,Normal,Educator / Academic,5.7,0.5,6.2,12:30 AM,06:12 AM,Moderate,8.6,8.3,45.0,1.8,Irregular,19.0,6,Neutral,False,True,High,Medium,Medium,Irregular,None,64.0,87.8,49.2,76.5,43.0,80.0,66.9,Moderate (Madhyama)
HS-OBS-0012,Empirical Lifestyle Survey (Academic Observational Cohort),20,Other,166.8,64.4,23.1,Normal,Healthcare Worker,8.2,22.75,6.95,10:45 PM,06:57 AM,Good,7.7,6.3,35.0,2.7,Regular,15.0,5,Good,True,True,High,Low,Low,Regular,None,87.9,69.4,60.0,99.2,86.0,100.0,82.1,Good (Prasanna)
HS-OBS-0013,Empirical Lifestyle Survey (Academic Observational Cohort),27,Male,168.1,83.4,29.5,Overweight,Student,4.0,1.0,5.0,01:00 AM,05:00 AM,Poor,11.3,14.4,2.0,1.4,Irregular,7.0,8,Low,False,False,Low,High,Medium,Irregular,None,34.8,5.0,31.9,47.7,34.6,10.0,25.7,Needs Attention (Hina Vihara)
HS-OBS-0014,Empirical Lifestyle Survey (Academic Observational Cohort),19,Male,174.4,63.4,20.8,Normal,Educator / Academic,6.7,23.5,6.2,11:30 PM,06:12 AM,Moderate,7.4,10.4,13.0,2.3,Regular,15.0,5,Neutral,False,True,Low,High,Low,Regular,None,80.9,25.6,56.7,99.9,90.5,35.0,60.9,Moderate (Madhyama)
HS-OBS-0015,Empirical Lifestyle Survey (Academic Observational Cohort),25,Female,169.6,62.3,21.7,Normal,Student,5.2,1.0,6.2,01:00 AM,06:12 AM,Poor,10.7,11.6,0.0,1.6,Irregular,2.0,9,Low,False,False,Low,High,Medium,Irregular,None,53.3,5.0,24.4,73.4,39.4,10.0,31.4,Needs Attention (Hina Vihara)
HS-OBS-0016,Empirical Lifestyle Survey (Academic Observational Cohort),25,Male,176.3,75.5,24.3,Normal,Student,5.3,2.5,7.8,02:30 AM,07:48 AM,Moderate,10.7,8.6,25.0,0.9,Irregular,13.0,9,Good,False,False,Low,Medium,Medium,Irregular,None,56.8,49.5,28.2,31.6,46.9,30.0,41.2,Needs Attention (Hina Vihara)
HS-OBS-0017,Empirical Lifestyle Survey (Academic Observational Cohort),23,Female,166.6,71.6,25.8,Overweight,Working Professional (IT/Corporate),5.6,23.0,4.6,11:00 PM,04:36 AM,Moderate,10.2,8.3,32.0,2.0,Irregular,33.0,5,Low,True,False,Medium,Medium,Low,Irregular,Digestive problems,63.9,78.6,56.2,72.1,51.4,50.0,61.8,Moderate (Madhyama)
HS-OBS-0018,Empirical Lifestyle Survey (Academic Observational Cohort),25,Female,157.3,56.5,22.8,Normal,Freelancer / Creative,7.3,23.0,6.3,11:00 PM,06:18 AM,Good,8.4,7.0,35.0,1.9,Irregular,41.0,7,Neutral,True,True,Medium,Medium,Low,Regular,None,87.9,84.4,43.5,83.7,73.0,70.0,73.0,Good (Prasanna)
HS-OBS-0019,Empirical Lifestyle Survey (Academic Observational Cohort),34,Male,168.4,59.1,20.8,Normal,Student,6.7,23.0,5.7,11:00 PM,05:42 AM,Poor,8.5,8.9,28.0,1.4,Irregular,17.0,4,Neutral,False,False,Medium,High,High,Regular,Digestive problems,77.9,57.0,64.2,60.8,78.0,12.0,57.8,Moderate (Madhyama)
HS-OBS-0020,Empirical Lifestyle Survey (Academic Observational Cohort),28,Female,167.0,65.6,23.5,Normal,Educator / Academic,6.5,22.75,5.25,10:45 PM,05:15 AM,Good,8.2,6.4,24.0,2.3,Regular,28.0,3,Neutral,True,True,Low,Medium,Low,Regular,Thyroid disorder,80.2,65.3,73.5,99.0,93.0,55.0,75.1,Good (Prasanna)
HS-OBS-0021,Empirical Lifestyle Survey (Academic Observational Cohort),25,Male,177.6,90.5,28.7,Overweight,Student,5.9,0.5,6.4,12:30 AM,06:24 AM,Moderate,7.7,8.1,14.0,1.6,Irregular,13.0,10,Neutral,False,False,Low,High,Medium,Irregular,Anxiety/stress-related concerns,67.1,34.4,19.2,48.7,53.0,10.0,37.8,Needs Attention (Hina Vihara)
HS-OBS-0022,Empirical Lifestyle Survey (Academic Observational Cohort),40,Male,181.4,78.6,23.9,Normal,Working Professional (IT/Corporate),7.9,22.0,5.9,10:00 PM,05:54 AM,Moderate,6.8,5.1,42.0,2.7,Regular,36.0,3,Good,True,True,High,Low,Low,Regular,None,86.0,95.3,75.0,87.1,100.0,100.0,89.8,Excellent (Svastha)
HS-OBS-0023,Empirical Lifestyle Survey (Academic Observational Cohort),46,Female,151.2,56.3,24.6,Normal,Healthcare Worker,5.5,0.5,6.0,12:30 AM,06:00 AM,Moderate,8.1,9.6,23.0,1.4,Regular,9.0,7,Good,True,True,High,High,Medium,Regular,None,60.9,38.4,45.0,64.7,94.5,60.0,57.9,Moderate (Madhyama)
HS-OBS-0024,Empirical Lifestyle Survey (Academic Observational Cohort),24,Male,175.4,72.6,23.6,Normal,Working Professional (IT/Corporate),5.8,0.5,6.3,12:30 AM,06:18 AM,Good,12.0,8.7,5.0,1.8,Irregular,19.0,7,Neutral,True,True,High,Low,High,Irregular,None,67.9,24.0,43.5,69.7,43.0,82.0,54.8,Needs Attention (Hina Vihara)
HS-OBS-0025,Empirical Lifestyle Survey (Academic Observational Cohort),29,Female,161.3,57.8,22.2,Normal,Homemaker,8.0,22.25,6.25,10:15 PM,06:15 AM,Good,5.8,3.8,45.0,2.7,Regular,33.0,3,Neutral,True,True,High,Low,Low,Regular,None,88.4,100.0,73.5,98.4,100.0,100.0,92.0,Excellent (Svastha)
HS-OBS-0026,Empirical Lifestyle Survey (Academic Observational Cohort),25,Male,180.0,86.8,26.8,Overweight,Homemaker,8.1,21.75,5.85,09:45 PM,05:51 AM,Good,5.4,3.6,63.0,3.3,Regular,32.0,3,Good,True,True,Medium,Low,Low,Regular,Hypertension,88.4,100.0,75.0,99.1,100.0,85.0,89.7,Excellent (Svastha)
HS-OBS-0027,Empirical Lifestyle Survey (Academic Observational Cohort),20,Male,173.6,53.9,17.9,Underweight,Healthcare Worker,4.3,0.5,4.8,12:30 AM,04:48 AM,Moderate,9.7,7.5,23.0,1.2,Irregular,1.0,9,Low,False,False,Low,Medium,Medium,Irregular,Hypertension,42.4,36.8,24.4,57.7,43.0,30.0,37.2,Needs Attention (Hina Vihara)
HS-OBS-0028,Empirical Lifestyle Survey (Academic Observational Cohort),30,Female,153.7,66.8,28.3,Overweight,Working Professional (IT/Corporate),5.1,0.5,5.6,12:30 AM,05:36 AM,Moderate,8.4,10.9,12.0,1.4,Irregular,6.0,8,Neutral,False,False,Low,High,Medium,Irregular,None,54.7,13.1,34.2,57.4,48.0,10.0,34.5,Needs Attention (Hina Vihara)
HS-OBS-0029,Empirical Lifestyle Survey (Academic Observational Cohort),32,Male,178.3,87.3,27.5,Overweight,Working Professional (IT/Corporate),6.5,22.5,5.0,10:30 PM,05:00 AM,Good,10.5,3.0,33.0,3.2,Irregular,32.0,4,Good,False,False,Medium,Medium,Low,Regular,Thyroid disorder,80.7,81.3,65.7,99.5,76.0,50.0,73.6,Good (Prasanna)
HS-OBS-0030,Empirical Lifestyle Survey (Academic Observational Cohort),34,Male,170.8,58.4,20.0,Normal,Working Professional (IT/Corporate),8.0,22.5,6.5,10:30 PM,06:30 AM,Good,7.6,3.4,59.0,2.4,Regular,40.0,3,Good,True,True,High,Low,Low,Regular,Digestive problems,88.4,100.0,75.0,99.3,100.0,100.0,92.4,Excellent (Svastha)
HS-OBS-0031,Empirical Lifestyle Survey (Academic Observational Cohort),25,Male,170.4,73.7,25.4,Overweight,Healthcare Worker,7.5,22.75,6.25,10:45 PM,06:15 AM,Good,8.0,6.0,50.0,2.8,Regular,20.0,4,Good,False,True,Low,Low,Medium,Regular,None,87.9,90.0,65.7,99.2,100.0,65.0,82.3,Good (Prasanna)
HS-OBS-0032,Empirical Lifestyle Survey (Academic Observational Cohort),34,Male,181.1,77.3,23.6,Normal,Healthcare Worker,8.0,21.75,5.75,09:45 PM,05:45 AM,Good,8.8,4.2,57.0,2.9,Regular,36.0,2,Good,True,True,High,Low,Low,Regular,None,88.4,100.0,82.5,98.9,90.0,100.0,92.6,Excellent (Svastha)
HS-OBS-0033,Empirical Lifestyle Survey (Academic Observational Cohort),32,Female,165.5,57.6,21.0,Normal,Working Professional (IT/Corporate),8.2,22.5,6.7,10:30 PM,06:42 AM,Good,6.6,4.0,49.0,2.3,Regular,34.0,5,Neutral,False,False,High,Low,Low,Regular,None,88.4,100.0,56.7,99.4,93.0,80.0,84.3,Good (Prasanna)
HS-OBS-0034,Empirical Lifestyle Survey (Academic Observational Cohort),29,Male,168.2,67.0,23.7,Normal,Working Professional (IT/Corporate),5.8,0.0,5.8,12:00 AM,05:48 AM,Moderate,10.3,7.3,12.0,2.2,Irregular,15.0,5,Neutral,False,False,Medium,Medium,High,Regular,Migraine,65.5,33.7,56.7,90.0,70.6,32.0,55.0,Moderate (Madhyama)
HS-OBS-0035,Empirical Lifestyle Survey (Academic Observational Cohort),24,Male,175.6,74.4,24.1,Normal,Student,5.9,23.5,5.4,11:30 PM,05:24 AM,Moderate,8.1,8.0,5.0,1.9,Regular,8.0,6,Neutral,False,False,Medium,Medium,High,Irregular,None,68.6,15.8,49.2,71.8,73.0,32.0,49.5,Needs Attention (Hina Vihara)
HS-OBS-0036,Empirical Lifestyle Survey (Academic Observational Cohort),34,Male,183.6,86.4,25.6,Overweight,Student,7.0,23.25,6.25,11:15 PM,06:15 AM,Moderate,8.0,4.3,35.0,3.2,Regular,23.0,4,Good,True,True,Low,Low,Low,Irregular,None,85.5,77.4,67.5,99.6,80.0,70.0,78.4,Good (Prasanna)
HS-OBS-0037,Empirical Lifestyle Survey (Academic Observational Cohort),26,Male,184.0,87.1,25.7,Overweight,Freelancer / Creative,5.4,1.5,6.9,01:30 AM,06:54 AM,Good,11.4,9.2,12.0,1.4,Irregular,10.0,8,Neutral,False,False,Low,High,High,Irregular,None,60.8,23.9,34.2,44.5,38.3,10.0,35.4,Needs Attention (Hina Vihara)
HS-OBS-0038,Empirical Lifestyle Survey (Academic Observational Cohort),24,Male,177.2,93.0,29.6,Overweight,Healthcare Worker,5.9,1.5,7.4,01:30 AM,07:24 AM,Poor,14.1,8.5,17.0,2.2,Irregular,11.0,8,Low,False,False,Low,High,High,Irregular,Digestive problems,63.1,35.4,31.9,64.8,26.0,10.0,38.0,Needs Attention (Hina Vihara)
HS-OBS-0039,Empirical Lifestyle Survey (Academic Observational Cohort),24,Male,170.1,52.6,18.2,Underweight,Working Professional (IT/Corporate),5.9,23.0,4.9,11:00 PM,04:54 AM,Moderate,7.7,7.9,26.0,2.0,Irregular,33.0,5,Neutral,True,True,Medium,Medium,High,Regular,None,68.6,70.4,58.5,99.6,73.0,52.0,67.5,Moderate (Madhyama)
HS-OBS-0040,Empirical Lifestyle Survey (Academic Observational Cohort),23,Female,164.9,53.9,19.8,Normal,Student,7.5,0.0,7.5,12:00 AM,07:30 AM,Poor,10.6,6.8,5.0,1.5,Regular,29.0,8,Neutral,False,False,Low,Medium,Medium,Irregular,Migraine,81.0,36.8,34.2,75.0,61.2,30.0,51.5,Needs Attention (Hina Vihara)
HS-OBS-0041,Empirical Lifestyle Survey (Academic Observational Cohort),18,Female,158.5,64.1,25.5,Overweight,Working Professional (IT/Corporate),5.1,1.5,6.6,01:30 AM,06:36 AM,Poor,9.4,11.2,1.0,1.4,Irregular,9.0,9,Low,False,False,Low,High,High,Irregular,None,50.7,5.0,24.4,62.2,29.5,10.0,28.5,Needs Attention (Hina Vihara)
HS-OBS-0042,Empirical Lifestyle Survey (Academic Observational Cohort),37,Male,166.7,54.6,19.6,Normal,Working Professional (IT/Corporate),7.9,22.5,6.4,10:30 PM,06:24 AM,Good,8.5,4.7,54.0,2.4,Regular,27.0,5,Good,True,True,Medium,Medium,Low,Regular,None,88.4,97.0,60.0,99.8,100.0,70.0,83.5,Good (Prasanna)
HS-OBS-0043,Empirical Lifestyle Survey (Academic Observational Cohort),52,Female,172.2,60.5,20.4,Normal,Working Professional (IT/Corporate),8.1,21.75,5.85,09:45 PM,05:51 AM,Good,8.0,5.8,40.0,2.5,Regular,43.0,1,Good,True,True,High,Low,Low,Regular,Migraine,88.4,92.2,90.0,99.7,100.0,100.0,94.0,Excellent (Svastha)
HS-OBS-0044,Empirical Lifestyle Survey (Academic Observational Cohort),23,Female,150.2,50.4,22.3,Normal,Student,7.5,23.0,6.5,11:00 PM,06:30 AM,Poor,10.1,5.9,55.0,1.8,Regular,15.0,4,Good,False,True,High,Medium,Medium,Regular,None,82.5,85.0,65.7,81.0,99.2,80.0,81.0,Good (Prasanna)
HS-OBS-0045,Empirical Lifestyle Survey (Academic Observational Cohort),39,Male,173.8,49.3,16.3,Underweight,Educator / Academic,7.6,21.75,5.35,09:45 PM,05:21 AM,Good,5.6,5.0,54.0,2.2,Regular,30.0,1,Good,True,True,High,Low,Low,Regular,Anxiety/stress-related concerns,88.4,100.0,90.0,99.9,100.0,100.0,95.4,Excellent (Svastha)
HS-OBS-0046,Empirical Lifestyle Survey (Academic Observational Cohort),29,Female,167.5,57.9,20.6,Normal,Educator / Academic,6.7,1.0,7.7,01:00 AM,07:42 AM,Moderate,8.0,6.2,21.0,1.4,Regular,10.0,5,Neutral,True,False,High,Medium,High,Irregular,Anxiety/stress-related concerns,79.4,42.7,58.5,63.6,66.0,47.0,59.6,Moderate (Madhyama)
HS-OBS-0047,Empirical Lifestyle Survey (Academic Observational Cohort),51,Male,174.2,59.9,19.7,Normal,Homemaker,7.7,22.0,5.7,10:00 PM,05:42 AM,Good,7.1,3.9,56.0,2.2,Regular,44.0,2,Neutral,True,True,High,Low,Low,Regular,None,88.4,100.0,81.0,85.8,100.0,100.0,92.2,Excellent (Svastha)
HS-OBS-0048,Empirical Lifestyle Survey (Academic Observational Cohort),29,Female,148.6,42.8,19.4,Normal,Healthcare Worker,7.9,22.75,6.65,10:45 PM,06:39 AM,Moderate,10.3,5.4,42.0,2.7,Regular,29.0,6,Neutral,True,False,High,Medium,Medium,Regular,Asthma,85.5,94.3,51.0,97.5,90.6,60.0,77.4,Good (Prasanna)
HS-OBS-0049,Empirical Lifestyle Survey (Academic Observational Cohort),31,Male,167.8,54.9,19.5,Normal,Healthcare Worker,7.2,23.0,6.2,11:00 PM,06:12 AM,Good,6.9,3.7,27.0,2.6,Regular,15.0,6,Neutral,True,False,High,Low,Medium,Regular,Anxiety/stress-related concerns,87.9,57.0,51.0,97.4,100.0,75.0,75.0,Good (Prasanna)
HS-OBS-0050,Empirical Lifestyle Survey (Academic Observational Cohort),31,Female,170.6,67.5,23.2,Normal,Self-Employed / Business,6.6,22.5,5.1,10:30 PM,05:06 AM,Good,10.1,6.6,23.0,2.0,Irregular,24.0,3,Neutral,True,False,High,Low,Low,Regular,Digestive problems,82.2,59.8,73.5,78.3,72.2,80.0,74.4,Good (Prasanna)
HS-OBS-0051,Empirical Lifestyle Survey (Academic Observational Cohort),36,Male,186.4,69.5,20.0,Normal,Healthcare Worker,6.8,0.0,6.8,12:00 AM,06:48 AM,Moderate,7.8,6.7,15.0,2.1,Regular,11.0,5,Good,True,True,Low,Medium,High,Irregular,None,80.9,34.3,60.0,82.1,66.0,37.0,58.8,Moderate (Madhyama)
HS-OBS-0052,Empirical Lifestyle Survey (Academic Observational Cohort),31,Female,161.7,58.6,22.4,Normal,Healthcare Worker,5.6,23.5,5.1,11:30 PM,05:06 AM,Moderate,7.9,9.0,28.0,1.8,Regular,10.0,7,Neutral,True,True,Low,High,Medium,Regular,Digestive problems,63.9,49.6,43.5,78.8,97.5,30.0,56.7,Moderate (Madhyama)
HS-OBS-0053,Empirical Lifestyle Survey (Academic Observational Cohort),18,Male,177.5,76.7,24.3,Normal,Student,5.6,0.5,6.1,12:30 AM,06:06 AM,Poor,8.8,7.0,0.0,1.5,Irregular,10.0,7,Low,False,False,Low,High,High,Irregular,None,59.4,10.0,39.5,55.9,43.0,10.0,35.3,Needs Attention (Hina Vihara)
HS-OBS-0054,Empirical Lifestyle Survey (Academic Observational Cohort),36,Male,163.2,62.2,23.4,Normal,Healthcare Worker,6.5,23.0,5.5,11:00 PM,05:30 AM,Good,7.1,5.9,25.0,2.6,Regular,22.0,4,Neutral,True,False,High,Low,Low,Regular,Thyroid disorder,80.2,60.9,66.0,98.9,100.0,80.0,78.1,Good (Prasanna)
HS-OBS-0055,Empirical Lifestyle Survey (Academic Observational Cohort),35,Male,166.7,69.0,24.8,Normal,Working Professional (IT/Corporate),7.5,23.0,6.5,11:00 PM,06:30 AM,Good,6.0,6.2,29.0,2.2,Irregular,16.0,5,Neutral,True,False,Medium,Low,Medium,Irregular,Digestive problems,87.9,61.1,58.5,82.8,53.0,60.0,67.5,Moderate (Madhyama)
HS-OBS-0056,Empirical Lifestyle Survey (Academic Observational Cohort),32,Male,173.0,79.1,26.4,Overweight,Working Professional (IT/Corporate),7.3,22.75,6.05,10:45 PM,06:03 AM,Moderate,8.5,5.2,29.0,2.9,Regular,22.0,4,Low,True,True,High,Medium,Medium,Regular,Anxiety/stress-related concerns,85.5,67.1,63.8,99.5,100.0,80.0,80.0,Good (Prasanna)
HS-OBS-0057,Empirical Lifestyle Survey (Academic Observational Cohort),34,Female,174.0,76.0,25.1,Overweight,Student,6.9,22.5,5.4,10:30 PM,05:24 AM,Good,9.7,5.2,20.0,1.9,Regular,16.0,4,Neutral,True,True,High,Medium,Low,Irregular,Digestive problems,86.9,47.1,66.0,67.2,70.0,85.0,71.2,Good (Prasanna)
HS-OBS-0058,Empirical Lifestyle Survey (Academic Observational Cohort),30,Male,184.9,83.1,24.3,Normal,Homemaker,6.1,0.0,6.1,12:00 AM,06:06 AM,Moderate,10.0,4.5,25.0,1.7,Irregular,24.0,8,Good,False,False,Medium,Medium,Medium,Irregular,None,70.1,62.9,35.7,54.5,50.0,45.0,53.4,Needs Attention (Hina Vihara)
HS-OBS-0059,Empirical Lifestyle Survey (Academic Observational Cohort),38,Male,171.3,67.7,23.1,Normal,Educator / Academic,8.5,22.5,7.0,10:30 PM,07:00 AM,Good,7.4,4.5,45.0,2.7,Regular,31.0,2,Good,True,True,High,Low,Low,Regular,None,88.4,100.0,82.5,99.8,93.0,100.0,93.1,Excellent (Svastha)
HS-OBS-0060,Empirical Lifestyle Survey (Academic Observational Cohort),32,Female,159.2,61.2,24.1,Normal,Working Professional (IT/Corporate),7.3,22.5,5.8,10:30 PM,05:48 AM,Poor,9.5,5.0,32.0,2.0,Regular,16.0,5,Neutral,True,False,Low,Medium,Low,Irregular,None,83.0,65.8,58.5,83.0,70.0,35.0,64.8,Moderate (Madhyama)
HS-OBS-0061,Empirical Lifestyle Survey (Academic Observational Cohort),35,Male,168.0,72.5,25.7,Overweight,Student,7.4,0.0,7.4,12:00 AM,07:24 AM,Good,9.4,11.0,13.0,1.4,Regular,8.0,8,Neutral,True,True,Medium,High,Low,Irregular,None,86.4,16.2,36.0,52.9,50.5,50.0,49.5,Needs Attention (Hina Vihara)
HS-OBS-0062,Empirical Lifestyle Survey (Academic Observational Cohort),27,Male,173.6,80.5,26.7,Overweight,Working Professional (IT/Corporate),4.2,1.0,5.2,01:00 AM,05:12 AM,Poor,14.5,10.3,11.0,1.6,Irregular,14.0,9,Low,False,False,Low,Medium,High,Irregular,None,37.9,21.9,24.4,55.0,31.0,17.0,29.4,Needs Attention (Hina Vihara)
HS-OBS-0063,Empirical Lifestyle Survey (Academic Observational Cohort),21,Male,177.1,96.3,30.7,Obesity Range,Working Professional (IT/Corporate),6.2,1.0,7.2,01:00 AM,07:12 AM,Poor,13.1,9.0,2.0,1.4,Irregular,9.0,10,Low,False,False,Low,High,High,Irregular,Digestive problems,68.7,8.1,16.9,41.3,30.5,10.0,29.5,Needs Attention (Hina Vihara)
HS-OBS-0064,Empirical Lifestyle Survey (Academic Observational Cohort),20,Male,183.9,78.1,23.1,Normal,Homemaker,6.8,22.75,5.55,10:45 PM,05:33 AM,Good,6.6,3.3,45.0,2.2,Regular,27.0,3,Good,False,True,Medium,Low,Low,Regular,Diabetes,84.8,97.0,73.2,70.8,100.0,85.0,85.1,Excellent (Svastha)
HS-OBS-0065,Empirical Lifestyle Survey (Academic Observational Cohort),23,Female,171.7,73.3,24.9,Normal,Student,3.9,2.0,5.9,02:00 AM,05:54 AM,Poor,9.8,9.5,0.0,1.3,Irregular,10.0,9,Neutral,False,False,Low,High,High,Irregular,Migraine,32.3,5.0,26.7,50.7,45.0,10.0,25.6,Needs Attention (Hina Vihara)
HS-OBS-0066,Empirical Lifestyle Survey (Academic Observational Cohort),31,Female,168.5,70.6,24.9,Normal,Working Professional (IT/Corporate),4.2,1.0,5.2,01:00 AM,05:12 AM,Moderate,14.5,10.1,10.0,1.5,Irregular,10.0,8,Low,False,False,Low,Medium,Medium,Irregular,None,40.9,17.2,31.9,58.7,32.0,30.0,33.6,Needs Attention (Hina Vihara)
HS-OBS-0067,Empirical Lifestyle Survey (Academic Observational Cohort),25,Female,158.8,57.8,22.9,Normal,Homemaker,5.9,0.0,5.9,12:00 AM,05:54 AM,Poor,7.7,7.8,19.0,1.4,Irregular,30.0,8,Neutral,True,False,High,Medium,Medium,Regular,None,64.1,59.6,36.0,64.2,73.0,60.0,58.0,Moderate (Madhyama)
HS-OBS-0068,Empirical Lifestyle Survey (Academic Observational Cohort),38,Female,150.0,49.9,22.2,Normal,Working Professional (IT/Corporate),6.0,23.5,5.5,11:30 PM,05:30 AM,Good,6.7,6.2,9.0,2.0,Irregular,32.0,8,Neutral,True,False,Medium,High,High,Regular,Anxiety/stress-related concerns,72.5,44.0,36.0,100.0,73.0,12.0,52.0,Needs Attention (Hina Vihara)
HS-OBS-0069,Empirical Lifestyle Survey (Academic Observational Cohort),27,Other,160.2,55.7,21.7,Normal,Working Professional (IT/Corporate),5.5,0.5,6.0,12:30 AM,06:00 AM,Poor,8.0,11.4,8.0,1.7,Irregular,8.0,9,Low,False,False,Low,Medium,Medium,Irregular,None,57.9,6.8,24.4,84.3,45.5,30.0,38.1,Needs Attention (Hina Vihara)
HS-OBS-0070,Empirical Lifestyle Survey (Academic Observational Cohort),27,Female,168.7,58.1,20.4,Normal,Educator / Academic,6.8,0.0,6.8,12:00 AM,06:48 AM,Good,9.7,7.0,26.0,2.2,Irregular,8.0,6,Neutral,False,False,Medium,High,High,Irregular,Migraine,83.3,48.4,49.2,99.7,36.0,12.0,53.3,Needs Attention (Hina Vihara)
HS-OBS-0071,Empirical Lifestyle Survey (Academic Observational Cohort),28,Female,168.1,60.2,21.3,Normal,Educator / Academic,6.5,23.25,5.75,11:15 PM,05:45 AM,Moderate,5.8,6.7,20.0,1.8,Regular,44.0,7,Good,True,True,Low,Medium,Medium,Regular,Anxiety/stress-related concerns,77.8,61.1,45.0,79.2,93.0,50.0,65.2,Moderate (Madhyama)
HS-OBS-0072,Empirical Lifestyle Survey (Academic Observational Cohort),25,Female,161.4,63.0,24.2,Normal,Working Professional (IT/Corporate),5.4,2.5,7.9,02:30 AM,07:54 AM,Poor,10.1,12.2,11.0,1.3,Irregular,11.0,8,Neutral,False,False,Low,High,High,Irregular,None,55.4,11.3,34.2,56.6,37.2,10.0,33.0,Needs Attention (Hina Vihara)
HS-OBS-0073,Empirical Lifestyle Survey (Academic Observational Cohort),32,Male,162.9,53.4,20.1,Normal,Educator / Academic,6.9,23.5,6.4,11:30 PM,06:24 AM,Moderate,9.1,7.3,22.0,1.4,Regular,21.0,5,Low,False,True,High,Medium,Medium,Regular,None,84.0,55.2,54.5,68.2,83.0,80.0,70.5,Good (Prasanna)
HS-OBS-0074,Empirical Lifestyle Survey (Academic Observational Cohort),25,Male,167.6,75.9,27.0,Overweight,Working Professional (IT/Corporate),3.7,0.5,4.2,12:30 AM,04:12 AM,Poor,12.1,10.9,12.0,2.1,Irregular,16.0,10,Low,False,False,Low,High,High,Irregular,None,30.2,23.1,16.9,76.2,31.2,10.0,27.3,Needs Attention (Hina Vihara)
HS-OBS-0075,Empirical Lifestyle Survey (Academic Observational Cohort),20,Male,165.7,60.2,21.9,Normal,Student,7.1,22.75,5.85,10:45 PM,05:51 AM,Good,8.7,4.7,37.0,1.9,Regular,18.0,3,Good,True,True,Low,Low,Medium,Regular,None,87.9,75.6,75.0,78.7,90.0,65.0,78.3,Good (Prasanna)
HS-OBS-0076,Empirical Lifestyle Survey (Academic Observational Cohort),23,Male,165.2,57.5,21.1,Normal,Student,7.1,0.0,7.1,12:00 AM,07:06 AM,Moderate,7.4,11.0,28.0,1.4,Irregular,19.0,7,Low,True,False,Low,Medium,High,Irregular,Digestive problems,84.0,50.6,41.2,62.3,40.5,17.0,50.0,Needs Attention (Hina Vihara)
HS-OBS-0077,Empirical Lifestyle Survey (Academic Observational Cohort),25,Male,174.8,91.4,29.9,Overweight,Healthcare Worker,6.2,1.0,7.2,01:00 AM,07:12 AM,Good,10.5,6.3,22.0,2.4,Irregular,32.0,9,Neutral,False,False,Low,Medium,Medium,Regular,None,74.1,64.2,26.7,71.0,62.0,30.0,53.1,Needs Attention (Hina Vihara)
HS-OBS-0078,Empirical Lifestyle Survey (Academic Observational Cohort),34,Male,170.3,72.7,25.1,Overweight,Working Professional (IT/Corporate),7.1,1.0,8.1,01:00 AM,08:06 AM,Poor,9.7,4.8,13.0,2.1,Regular,16.0,7,Neutral,False,True,Low,High,Medium,Irregular,None,81.0,36.2,41.7,79.2,57.0,30.0,52.8,Needs Attention (Hina Vihara)
HS-OBS-0079,Empirical Lifestyle Survey (Academic Observational Cohort),25,Male,165.3,73.6,26.9,Overweight,Working Professional (IT/Corporate),5.6,2.5,8.1,02:30 AM,08:06 AM,Good,11.2,12.2,17.0,1.4,Irregular,13.0,7,Neutral,False,False,Low,High,High,Irregular,None,63.8,22.6,41.7,51.5,22.4,10.0,36.1,Needs Attention (Hina Vihara)
HS-OBS-0080,Empirical Lifestyle Survey (Academic Observational Cohort),33,Female,163.2,63.0,23.7,Normal,Healthcare Worker,5.5,0.0,5.5,12:00 AM,05:30 AM,Good,7.2,9.5,22.0,1.9,Irregular,23.0,6,Low,False,True,Medium,Medium,Low,Irregular,None,63.3,51.2,47.0,79.6,55.0,70.0,59.7,Moderate (Madhyama)
HS-OBS-0081,Empirical Lifestyle Survey (Academic Observational Cohort),43,Male,170.6,63.3,21.7,Normal,Homemaker,7.4,21.75,5.15,09:45 PM,05:09 AM,Good,6.7,3.8,52.0,2.7,Regular,34.0,2,Good,True,True,Medium,Low,Low,Regular,None,88.4,100.0,82.5,99.8,100.0,85.0,91.2,Excellent (Svastha)
HS-OBS-0082,Empirical Lifestyle Survey (Academic Observational Cohort),28,Female,159.4,67.3,26.5,Overweight,Self-Employed / Business,6.5,23.0,5.5,11:00 PM,05:30 AM,Moderate,10.3,4.9,25.0,2.0,Regular,25.0,8,Good,False,False,Medium,High,Medium,Regular,None,77.8,63.9,35.7,78.0,97.6,25.0,59.8,Moderate (Madhyama)
HS-OBS-0083,Empirical Lifestyle Survey (Academic Observational Cohort),28,Male,183.2,98.2,29.3,Overweight,Student,6.9,22.75,5.65,10:45 PM,05:39 AM,Good,7.4,8.0,54.0,3.3,Regular,21.0,4,Low,False,True,High,Low,Medium,Regular,None,86.4,91.0,62.0,84.9,93.0,95.0,84.5,Good (Prasanna)
HS-OBS-0084,Empirical Lifestyle Survey (Academic Observational Cohort),25,Male,168.0,53.6,19.0,Normal,Educator / Academic,7.2,22.0,5.2,10:00 PM,05:12 AM,Good,7.2,4.5,66.0,2.3,Regular,30.0,2,Good,True,True,High,Low,Low,Regular,Digestive problems,88.4,100.0,82.5,99.4,100.0,100.0,93.9,Excellent (Svastha)
HS-OBS-0085,Empirical Lifestyle Survey (Academic Observational Cohort),31,Female,165.9,55.9,20.3,Normal,Healthcare Worker,7.3,22.5,5.8,10:30 PM,05:48 AM,Moderate,8.2,6.5,38.0,1.8,Regular,50.0,4,Good,True,False,Medium,Low,Medium,Irregular,None,86.0,89.1,67.5,79.2,73.0,60.0,75.9,Good (Prasanna)
HS-OBS-0086,Empirical Lifestyle Survey (Academic Observational Cohort),31,Female,158.8,49.1,19.5,Normal,Working Professional (IT/Corporate),8.2,22.0,6.2,10:00 PM,06:12 AM,Good,8.9,3.5,42.0,2.2,Regular,42.0,3,Good,True,True,High,Low,Low,Regular,None,88.4,95.3,75.0,99.2,90.0,100.0,90.3,Excellent (Svastha)
HS-OBS-0087,Empirical Lifestyle Survey (Academic Observational Cohort),33,Female,153.2,62.7,26.7,Overweight,Student,8.2,23.0,7.2,11:00 PM,07:12 AM,Good,7.1,5.2,38.0,2.5,Irregular,29.0,7,Neutral,True,True,Medium,Low,Low,Regular,Digestive problems,87.9,88.1,43.5,99.9,73.0,85.0,77.9,Good (Prasanna)
HS-OBS-0088,Empirical Lifestyle Survey (Academic Observational Cohort),23,Male,168.8,64.3,22.6,Normal,Working Professional (IT/Corporate),4.5,2.5,7.0,02:30 AM,07:00 AM,Poor,10.1,13.6,6.0,1.4,Irregular,11.0,10,Low,False,False,Low,High,High,Irregular,None,41.5,5.0,16.9,60.9,37.2,10.0,25.8,Needs Attention (Hina Vihara)
HS-OBS-0089,Empirical Lifestyle Survey (Academic Observational Cohort),34,Female,158.9,61.4,24.3,Normal,Student,5.9,1.5,7.4,01:30 AM,07:24 AM,Poor,11.4,13.7,15.0,1.6,Irregular,8.0,10,Low,False,False,Low,High,High,Irregular,None,63.1,8.5,16.9,70.4,26.8,10.0,30.8,Needs Attention (Hina Vihara)
HS-OBS-0090,Empirical Lifestyle Survey (Academic Observational Cohort),27,Male,177.3,90.1,28.7,Overweight,Working Professional (IT/Corporate),6.0,1.5,7.5,01:30 AM,07:30 AM,Poor,12.7,11.3,9.0,1.9,Irregular,11.0,8,Neutral,False,False,Low,Medium,High,Irregular,Digestive problems,64.6,11.8,34.2,58.9,19.0,17.0,34.4,Needs Attention (Hina Vihara)
HS-OBS-0091,Empirical Lifestyle Survey (Academic Observational Cohort),32,Female,159.7,58.8,23.1,Normal,Working Professional (IT/Corporate),7.3,23.5,6.8,11:30 PM,06:48 AM,Moderate,9.1,7.7,6.0,2.1,Regular,24.0,9,Neutral,False,True,Medium,High,Medium,Irregular,None,85.5,33.3,26.7,100.0,56.0,45.0,55.0,Moderate (Madhyama)
HS-OBS-0092,Empirical Lifestyle Survey (Academic Observational Cohort),23,Female,163.3,69.6,26.1,Overweight,Student,6.4,1.5,7.9,01:30 AM,07:54 AM,Moderate,10.0,10.6,15.0,1.2,Irregular,11.0,9,Low,False,False,Low,High,High,Irregular,None,73.8,23.9,24.4,46.9,32.5,10.0,35.8,Needs Attention (Hina Vihara)
HS-OBS-0093,Empirical Lifestyle Survey (Academic Observational Cohort),44,Female,156.0,51.9,21.3,Normal,Educator / Academic,7.2,22.25,5.45,10:15 PM,05:27 AM,Good,8.6,2.4,44.0,2.4,Regular,41.0,2,Good,True,True,Medium,Low,Low,Regular,Anxiety/stress-related concerns,88.4,98.4,82.5,98.8,90.0,85.0,89.6,Excellent (Svastha)
HS-OBS-0094,Empirical Lifestyle Survey (Academic Observational Cohort),27,Male,186.2,68.9,19.9,Normal,Working Professional (IT/Corporate),6.5,23.0,5.5,11:00 PM,05:30 AM,Good,8.6,5.0,23.0,2.5,Irregular,33.0,4,Good,False,True,High,Medium,Medium,Irregular,Migraine,80.2,65.8,65.7,99.5,50.0,80.0,73.0,Good (Prasanna)
HS-OBS-0095,Empirical Lifestyle Survey (Academic Observational Cohort),21,Male,179.7,81.1,25.1,Overweight,Student,6.2,1.0,7.2,01:00 AM,07:12 AM,Poor,11.6,5.7,5.0,2.4,Irregular,12.0,7,Neutral,True,False,Medium,Medium,Medium,Irregular,None,68.7,19.8,43.5,83.3,40.2,45.0,48.6,Needs Attention (Hina Vihara)
HS-OBS-0096,Empirical Lifestyle Survey (Academic Observational Cohort),34,Male,176.3,57.1,18.4,Underweight,Student,8.3,22.0,6.3,10:00 PM,06:18 AM,Good,7.1,5.5,53.0,2.3,Regular,42.0,3,Good,True,True,High,Low,Low,Regular,None,88.4,100.0,75.0,99.3,100.0,100.0,92.4,Excellent (Svastha)
HS-OBS-0097,Empirical Lifestyle Survey (Academic Observational Cohort),34,Male,182.6,80.0,24.0,Normal,Working Professional (IT/Corporate),6.9,23.0,5.9,11:00 PM,05:54 AM,Moderate,8.7,10.2,14.0,2.4,Regular,32.0,4,Neutral,False,False,Medium,High,Medium,Regular,Digestive problems,84.0,43.0,64.2,82.3,81.5,25.0,61.6,Moderate (Madhyama)
HS-OBS-0098,Empirical Lifestyle Survey (Academic Observational Cohort),37,Female,158.0,57.5,23.0,Normal,Working Professional (IT/Corporate),7.3,22.0,5.3,10:00 PM,05:18 AM,Good,6.7,1.9,45.0,2.2,Regular,25.0,3,Good,True,True,High,Low,Low,Regular,None,88.4,95.0,75.0,99.0,100.0,100.0,91.4,Excellent (Svastha)
HS-OBS-0099,Empirical Lifestyle Survey (Academic Observational Cohort),35,Female,164.5,56.0,20.7,Normal,Working Professional (IT/Corporate),6.3,23.5,5.8,11:30 PM,05:48 AM,Moderate,8.8,5.5,40.0,1.6,Irregular,25.0,6,Neutral,True,True,Low,Medium,Medium,Irregular,Migraine,74.7,87.2,51.0,69.8,50.0,50.0,64.3,Moderate (Madhyama)
HS-OBS-0100,Empirical Lifestyle Survey (Academic Observational Cohort),25,Female,150.2,56.2,24.9,Normal,Healthcare Worker,4.6,0.5,5.1,12:30 AM,05:06 AM,Poor,8.4,9.4,24.0,1.2,Irregular,14.0,9,Neutral,False,False,Low,Medium,High,Irregular,None,44.0,45.7,26.7,55.4,55.5,17.0,38.5,Needs Attention (Hina Vihara)
HS-OBS-0101,Empirical Lifestyle Survey (Academic Observational Cohort),39,Female,167.4,64.9,23.2,Normal,Student,5.8,23.0,4.8,11:00 PM,04:48 AM,Moderate,9.8,8.3,33.0,2.5,Regular,23.0,6,Low,False,False,High,Medium,High,Irregular,None,67.0,73.1,47.0,99.8,63.0,47.0,63.3,Moderate (Madhyama)
HS-OBS-0102,Empirical Lifestyle Survey (Academic Observational Cohort),41,Female,163.1,74.4,28.0,Overweight,Working Professional (IT/Corporate),6.7,22.75,5.45,10:45 PM,05:27 AM,Good,10.4,6.1,27.0,2.5,Irregular,21.0,5,Good,True,True,Low,Low,Medium,Irregular,None,83.3,63.0,60.0,88.4,49.8,65.0,68.2,Moderate (Madhyama)
HS-OBS-0103,Empirical Lifestyle Survey (Academic Observational Cohort),40,Female,158.7,52.7,20.9,Normal,Educator / Academic,8.5,22.25,6.75,10:15 PM,06:45 AM,Good,9.3,4.7,50.0,2.2,Regular,39.0,1,Good,True,True,High,Low,Low,Regular,None,88.4,100.0,90.0,99.7,83.0,100.0,93.4,Excellent (Svastha)
HS-OBS-0104,Empirical Lifestyle Survey (Academic Observational Cohort),28,Male,163.2,65.2,24.5,Normal,Working Professional (IT/Corporate),6.8,1.0,7.8,01:00 AM,07:48 AM,Good,8.1,10.4,7.0,2.1,Regular,8.0,8,Good,False,False,Low,Medium,Medium,Regular,None,83.3,9.3,35.7,89.7,83.5,30.0,51.5,Needs Attention (Hina Vihara)
HS-OBS-0105,Empirical Lifestyle Survey (Academic Observational Cohort),49,Male,171.0,70.8,24.2,Normal,Healthcare Worker,7.6,22.0,5.6,10:00 PM,05:36 AM,Good,7.0,5.3,57.0,3.0,Regular,25.0,4,Good,True,True,High,Low,Low,Regular,Hypertension,88.4,95.0,67.5,99.8,100.0,100.0,90.0,Excellent (Svastha)
HS-OBS-0106,Empirical Lifestyle Survey (Academic Observational Cohort),21,Male,176.6,84.9,27.2,Overweight,Working Professional (IT/Corporate),5.3,1.0,6.3,01:00 AM,06:18 AM,Poor,9.2,8.7,10.0,1.6,Irregular,17.0,8,Neutral,False,False,Low,Medium,High,Irregular,Migraine,54.8,29.8,34.2,52.4,49.0,17.0,38.4,Needs Attention (Hina Vihara)
HS-OBS-0107,Empirical Lifestyle Survey (Academic Observational Cohort),35,Female,145.5,54.5,25.7,Overweight,Working Professional (IT/Corporate),5.5,23.5,5.0,11:30 PM,05:00 AM,Moderate,8.3,5.6,6.0,1.4,Regular,27.0,7,Neutral,False,True,Low,High,Medium,Regular,None,62.4,36.3,41.7,70.0,100.0,30.0,53.0,Needs Attention (Hina Vihara)
HS-OBS-0108,Empirical Lifestyle Survey (Academic Observational Cohort),29,Female,164.8,63.0,23.2,Normal,Working Professional (IT/Corporate),5.5,23.5,5.0,11:30 PM,05:00 AM,Moderate,10.3,6.7,5.0,2.6,Irregular,15.0,7,Neutral,False,False,Low,Medium,Medium,Regular,Digestive problems,62.4,22.8,41.7,98.0,70.6,30.0,49.8,Needs Attention (Hina Vihara)
HS-OBS-0109,Empirical Lifestyle Survey (Academic Observational Cohort),27,Male,171.7,66.9,22.7,Normal,Self-Employed / Business,7.5,23.5,7.0,11:30 PM,07:00 AM,Good,9.4,8.4,34.0,1.9,Irregular,20.0,6,Neutral,True,False,Low,Medium,High,Regular,None,87.9,71.3,51.0,72.4,56.0,17.0,59.4,Moderate (Madhyama)
HS-OBS-0110,Empirical Lifestyle Survey (Academic Observational Cohort),29,Male,173.8,76.5,25.3,Overweight,Healthcare Worker,6.3,0.5,6.8,12:30 AM,06:48 AM,Good,9.9,7.5,23.0,2.7,Regular,8.0,7,Good,False,False,Medium,Medium,Medium,Regular,Thyroid disorder,75.6,43.8,43.2,99.3,76.0,45.0,60.3,Moderate (Madhyama)
HS-OBS-0111,Empirical Lifestyle Survey (Academic Observational Cohort),36,Female,145.2,59.1,28.0,Overweight,Student,6.2,23.0,5.2,11:00 PM,05:12 AM,Poor,10.5,5.7,29.0,1.4,Irregular,10.0,9,Neutral,False,False,High,Medium,Medium,Regular,None,70.2,55.1,26.7,60.6,76.0,60.0,56.7,Moderate (Madhyama)
HS-OBS-0112,Empirical Lifestyle Survey (Academic Observational Cohort),30,Male,175.4,79.0,25.7,Overweight,Educator / Academic,7.4,23.25,6.65,11:15 PM,06:39 AM,Good,8.2,6.3,64.0,2.8,Regular,25.0,6,Good,True,True,Medium,Low,Low,Regular,None,87.9,95.0,52.5,84.9,86.0,85.0,81.0,Good (Prasanna)
HS-OBS-0113,Empirical Lifestyle Survey (Academic Observational Cohort),40,Male,181.7,82.9,25.1,Overweight,Working Professional (IT/Corporate),6.5,23.25,5.75,11:15 PM,05:45 AM,Good,10.3,4.1,39.0,2.9,Irregular,18.0,5,Neutral,False,True,Medium,Low,Low,Irregular,Migraine,80.2,78.7,56.7,89.9,57.6,85.0,74.4,Good (Prasanna)
HS-OBS-0114,Empirical Lifestyle Survey (Academic Observational Cohort),38,Female,164.4,67.2,24.9,Normal,Educator / Academic,7.8,22.25,6.05,10:15 PM,06:03 AM,Good,6.9,5.4,62.0,2.6,Regular,28.0,3,Good,True,True,High,Low,Low,Regular,Migraine,88.4,98.0,75.0,98.8,100.0,100.0,92.0,Excellent (Svastha)
HS-OBS-0115,Empirical Lifestyle Survey (Academic Observational Cohort),29,Male,182.9,77.4,23.1,Normal,Working Professional (IT/Corporate),7.2,23.5,6.7,11:30 PM,06:42 AM,Good,7.8,5.8,22.0,3.3,Regular,15.0,3,Good,False,True,Medium,Low,Low,Regular,None,87.9,49.2,73.2,98.2,93.0,85.0,79.1,Good (Prasanna)
HS-OBS-0116,Empirical Lifestyle Survey (Academic Observational Cohort),20,Female,149.5,53.6,24.0,Normal,Student,4.0,2.5,6.5,02:30 AM,06:30 AM,Moderate,13.2,12.0,4.0,1.8,Irregular,20.0,8,Neutral,False,False,Low,High,High,Irregular,None,36.8,10.2,34.2,98.8,25.0,10.0,31.5,Needs Attention (Hina Vihara)
HS-OBS-0117,Empirical Lifestyle Survey (Academic Observational Cohort),18,Male,188.9,80.4,22.5,Normal,Student,3.8,1.5,5.3,01:30 AM,05:18 AM,Poor,12.0,14.5,21.0,1.6,Irregular,13.0,9,Low,False,False,Low,High,High,Irregular,Migraine,30.7,19.7,24.4,53.5,29.0,10.0,25.8,Needs Attention (Hina Vihara)
HS-OBS-0118,Empirical Lifestyle Survey (Academic Observational Cohort),35,Male,175.8,73.4,23.7,Normal,Working Professional (IT/Corporate),6.2,23.0,5.2,11:00 PM,05:12 AM,Moderate,7.7,7.1,5.0,1.7,Irregular,17.0,5,Neutral,True,True,Low,Medium,Medium,Irregular,None,73.2,24.8,58.5,65.1,53.0,50.0,54.1,Needs Attention (Hina Vihara)
HS-OBS-0119,Empirical Lifestyle Survey (Academic Observational Cohort),31,Female,170.1,72.9,25.2,Overweight,Student,5.5,0.0,5.5,12:00 AM,05:30 AM,Good,7.3,9.3,10.0,2.4,Irregular,16.0,5,Neutral,False,False,Medium,Low,Medium,Irregular,Diabetes,63.3,26.4,56.7,98.9,56.0,60.0,57.4,Moderate (Madhyama)
HS-OBS-0120,Empirical Lifestyle Survey (Academic Observational Cohort),30,Female,154.3,51.3,21.5,Normal,Working Professional (IT/Corporate),6.6,0.0,6.6,12:00 AM,06:36 AM,Poor,6.4,8.4,22.0,1.6,Irregular,22.0,8,Neutral,True,False,Medium,High,High,Irregular,None,74.8,54.6,36.0,80.0,46.0,12.0,49.2,Needs Attention (Hina Vihara)
HS-OBS-0121,Empirical Lifestyle Survey (Academic Observational Cohort),37,Male,171.2,63.9,21.8,Normal,Self-Employed / Business,7.9,21.5,5.4,09:30 PM,05:24 AM,Good,7.3,4.2,43.0,2.2,Regular,33.0,4,Good,True,True,High,Low,Low,Regular,Anxiety/stress-related concerns,88.4,96.9,67.5,84.8,100.0,100.0,88.9,Excellent (Svastha)
HS-OBS-0122,Empirical Lifestyle Survey (Academic Observational Cohort),19,Female,158.0,59.4,23.8,Normal,Working Professional (IT/Corporate),5.8,1.0,6.8,01:00 AM,06:48 AM,Poor,9.7,12.5,5.0,1.1,Irregular,12.0,10,Low,False,False,Low,High,High,Irregular,Thyroid disorder,62.5,5.0,16.9,51.9,28.0,10.0,28.4,Needs Attention (Hina Vihara)
HS-OBS-0123,Empirical Lifestyle Survey (Academic Observational Cohort),21,Other,168.9,70.1,24.6,Normal,Working Professional (IT/Corporate),6.6,23.5,6.1,11:30 PM,06:06 AM,Good,8.5,7.4,23.0,2.6,Regular,17.0,9,Neutral,False,False,High,Medium,Medium,Irregular,Digestive problems,81.7,52.8,26.7,99.8,73.0,60.0,62.4,Moderate (Madhyama)
HS-OBS-0124,Empirical Lifestyle Survey (Academic Observational Cohort),22,Female,154.1,60.1,25.3,Overweight,Freelancer / Creative,6.5,1.0,7.5,01:00 AM,07:30 AM,Poor,8.8,13.3,23.0,1.6,Irregular,7.0,10,Neutral,False,False,Low,High,Medium,Irregular,Digestive problems,73.3,21.6,19.2,69.7,28.0,10.0,36.0,Needs Attention (Hina Vihara)
HS-OBS-0125,Empirical Lifestyle Survey (Academic Observational Cohort),32,Male,172.7,59.8,20.1,Normal,Self-Employed / Business,7.1,22.0,5.1,10:00 PM,05:06 AM,Good,6.4,2.7,50.0,2.3,Regular,32.0,1,Good,True,True,High,Low,Low,Regular,None,88.4,100.0,90.0,99.0,100.0,100.0,95.3,Excellent (Svastha)
HS-OBS-0126,Empirical Lifestyle Survey (Academic Observational Cohort),32,Female,166.8,50.7,18.2,Underweight,Healthcare Worker,6.6,23.5,6.1,11:30 PM,06:06 AM,Moderate,10.6,5.4,42.0,1.4,Regular,21.0,6,Low,False,False,Medium,Low,Low,Irregular,None,79.3,86.3,47.0,65.9,75.2,65.0,69.7,Moderate (Madhyama)
HS-OBS-0127,Empirical Lifestyle Survey (Academic Observational Cohort),26,Male,174.5,83.3,27.4,Overweight,Homemaker,4.4,0.5,4.9,12:30 AM,04:54 AM,Poor,10.5,7.2,9.0,1.1,Irregular,5.0,10,Neutral,False,False,Low,High,High,Irregular,Digestive problems,41.0,19.0,19.2,36.8,49.0,10.0,27.6,Needs Attention (Hina Vihara)
HS-OBS-0128,Empirical Lifestyle Survey (Academic Observational Cohort),40,Female,165.5,55.8,20.4,Normal,Healthcare Worker,6.9,23.0,5.9,11:00 PM,05:54 AM,Good,9.7,6.0,63.0,2.0,Regular,30.0,4,Neutral,True,True,High,Low,Low,Regular,None,86.4,100.0,66.0,80.7,90.0,100.0,87.1,Excellent (Svastha)
HS-OBS-0129,Empirical Lifestyle Survey (Academic Observational Cohort),30,Male,173.0,75.6,25.3,Overweight,Working Professional (IT/Corporate),7.1,0.0,7.1,12:00 AM,07:06 AM,Moderate,7.6,5.2,5.0,1.7,Regular,22.0,4,Neutral,False,False,Medium,Low,Medium,Irregular,None,84.0,29.8,64.2,63.3,73.0,60.0,62.6,Moderate (Madhyama)
HS-OBS-0130,Empirical Lifestyle Survey (Academic Observational Cohort),26,Female,176.5,79.4,25.5,Overweight,Student,5.8,1.5,7.3,01:30 AM,07:18 AM,Moderate,10.3,9.8,17.0,1.5,Irregular,8.0,9,Low,False,False,Low,High,High,Irregular,None,64.5,27.2,24.4,51.4,44.1,10.0,36.2,Needs Attention (Hina Vihara)
HS-OBS-0131,Empirical Lifestyle Survey (Academic Observational Cohort),21,Male,180.4,83.2,25.6,Overweight,Working Professional (IT/Corporate),4.5,2.5,7.0,02:30 AM,07:00 AM,Poor,11.2,8.2,10.0,1.8,Irregular,10.0,9,Neutral,False,False,Low,High,High,Irregular,None,41.5,24.8,26.7,60.1,36.4,10.0,31.1,Needs Attention (Hina Vihara)
HS-OBS-0132,Empirical Lifestyle Survey (Academic Observational Cohort),35,Male,179.3,80.3,25.0,Overweight,Student,7.9,22.0,5.9,10:00 PM,05:54 AM,Good,7.2,2.6,39.0,2.8,Regular,36.0,2,Good,True,True,High,Low,Low,Regular,Anxiety/stress-related concerns,88.4,90.7,82.5,89.3,100.0,100.0,91.2,Excellent (Svastha)
HS-OBS-0133,Empirical Lifestyle Survey (Academic Observational Cohort),36,Female,165.1,56.8,20.8,Normal,Freelancer / Creative,7.8,22.0,5.8,10:00 PM,05:48 AM,Good,7.3,1.8,41.0,2.2,Regular,37.0,3,Good,True,True,High,Low,Low,Regular,None,88.4,93.8,75.0,99.3,100.0,100.0,91.3,Excellent (Svastha)
HS-OBS-0134,Empirical Lifestyle Survey (Academic Observational Cohort),30,Male,181.9,84.3,25.5,Overweight,Student,6.3,1.5,7.8,01:30 AM,07:48 AM,Poor,10.5,9.3,5.0,1.2,Irregular,8.0,9,Neutral,False,False,Low,High,High,Irregular,None,69.2,10.6,26.7,40.1,45.0,10.0,33.7,Needs Attention (Hina Vihara)
HS-OBS-0135,Empirical Lifestyle Survey (Academic Observational Cohort),25,Female,162.0,69.7,26.6,Overweight,Educator / Academic,6.1,0.5,6.6,12:30 AM,06:36 AM,Poor,11.9,7.0,0.0,0.9,Irregular,16.0,8,Low,False,False,Low,High,High,Irregular,Digestive problems,67.1,16.0,31.9,36.9,30.8,10.0,33.2,Needs Attention (Hina Vihara)
HS-OBS-0136,Empirical Lifestyle Survey (Academic Observational Cohort),23,Male,162.3,65.5,24.9,Normal,Self-Employed / Business,7.6,23.25,6.85,11:15 PM,06:51 AM,Good,7.2,3.0,28.0,1.8,Regular,30.0,5,Neutral,True,True,Medium,Low,Low,Irregular,None,87.9,73.6,58.5,71.3,73.0,85.0,75.5,Good (Prasanna)
HS-OBS-0137,Empirical Lifestyle Survey (Academic Observational Cohort),29,Male,177.8,75.2,23.8,Normal,Healthcare Worker,5.5,0.5,6.0,12:30 AM,06:00 AM,Good,10.6,7.3,22.0,2.0,Irregular,11.0,5,Low,True,True,Low,High,High,Regular,Anxiety/stress-related concerns,63.3,45.2,56.2,71.0,68.2,17.0,51.6,Needs Attention (Hina Vihara)
HS-OBS-0138,Empirical Lifestyle Survey (Academic Observational Cohort),28,Male,185.1,68.8,20.1,Normal,Working Professional (IT/Corporate),5.5,1.0,6.5,01:00 AM,06:30 AM,Moderate,11.0,7.2,14.0,1.7,Regular,26.0,9,Low,False,True,Medium,Medium,Medium,Regular,Anxiety/stress-related concerns,60.9,47.8,24.4,67.3,85.0,65.0,55.5,Moderate (Madhyama)
HS-OBS-0139,Empirical Lifestyle Survey (Academic Observational Cohort),37,Male,170.8,84.3,28.9,Overweight,Educator / Academic,6.7,23.25,5.95,11:15 PM,05:57 AM,Poor,9.0,6.2,51.0,3.0,Regular,42.0,4,Good,True,True,Medium,Low,Low,Regular,None,77.9,100.0,67.5,88.9,83.0,85.0,82.8,Good (Prasanna)
HS-OBS-0140,Empirical Lifestyle Survey (Academic Observational Cohort),35,Male,169.6,82.1,28.5,Overweight,Working Professional (IT/Corporate),7.2,23.25,6.45,11:15 PM,06:27 AM,Good,7.5,6.1,20.0,3.4,Regular,16.0,4,Good,True,True,High,Low,Low,Regular,None,87.9,47.1,67.5,98.5,93.0,100.0,80.3,Good (Prasanna)
HS-OBS-0141,Empirical Lifestyle Survey (Academic Observational Cohort),20,Male,177.5,91.3,29.0,Overweight,Freelancer / Creative,5.7,1.0,6.7,01:00 AM,06:42 AM,Poor,12.0,8.5,0.0,1.3,Irregular,19.0,8,Low,False,False,Low,High,Medium,Irregular,Anxiety/stress-related concerns,61.0,17.0,31.9,40.7,30.0,10.0,32.3,Needs Attention (Hina Vihara)
HS-OBS-0142,Empirical Lifestyle Survey (Academic Observational Cohort),39,Male,177.6,77.7,24.6,Normal,Self-Employed / Business,7.5,0.0,7.5,12:00 AM,07:30 AM,Poor,7.8,9.3,23.0,3.1,Irregular,20.0,7,Good,False,True,Medium,High,Medium,Regular,None,81.0,50.6,43.2,99.2,69.0,45.0,61.9,Moderate (Madhyama)
HS-OBS-0143,Empirical Lifestyle Survey (Academic Observational Cohort),33,Female,168.2,62.6,22.1,Normal,Freelancer / Creative,5.6,0.0,5.6,12:00 AM,05:36 AM,Moderate,7.2,4.5,45.0,1.8,Regular,9.0,6,Low,False,False,Medium,Low,High,Irregular,None,62.4,79.0,47.0,70.1,80.0,47.0,62.4,Moderate (Madhyama)
HS-OBS-0144,Empirical Lifestyle Survey (Academic Observational Cohort),38,Female,166.7,64.1,23.1,Normal,Healthcare Worker,7.3,22.0,5.3,10:00 PM,05:18 AM,Good,7.0,4.5,48.0,2.5,Regular,51.0,3,Good,True,True,High,Low,Low,Regular,None,88.4,100.0,75.0,99.3,100.0,100.0,92.4,Excellent (Svastha)
HS-OBS-0145,Empirical Lifestyle Survey (Academic Observational Cohort),34,Female,168.8,66.8,23.4,Normal,Freelancer / Creative,5.5,0.5,6.0,12:30 AM,06:00 AM,Moderate,9.4,6.4,16.0,2.6,Regular,23.0,6,Neutral,False,True,Low,Medium,High,Irregular,Asthma,60.9,47.9,49.2,99.3,63.0,37.0,56.0,Moderate (Madhyama)
HS-OBS-0146,Empirical Lifestyle Survey (Academic Observational Cohort),32,Male,185.1,82.6,24.1,Normal,Educator / Academic,7.5,0.0,7.5,12:00 AM,07:30 AM,Moderate,9.6,4.5,31.0,3.1,Irregular,21.0,7,Neutral,False,False,Low,High,High,Regular,Anxiety/stress-related concerns,84.0,69.2,41.7,99.8,63.0,10.0,58.6,Moderate (Madhyama)
HS-OBS-0147,Empirical Lifestyle Survey (Academic Observational Cohort),29,Male,166.0,63.3,23.0,Normal,Student,5.6,0.0,5.6,12:00 AM,05:36 AM,Moderate,7.9,8.7,42.0,1.4,Regular,21.0,7,Low,True,True,Medium,Medium,High,Irregular,Thyroid disorder,62.4,83.5,41.2,54.6,79.0,52.0,61.3,Moderate (Madhyama)
HS-OBS-0148,Empirical Lifestyle Survey (Academic Observational Cohort),29,Male,170.0,74.2,25.7,Overweight,Student,5.1,0.5,5.6,12:30 AM,05:36 AM,Poor,8.8,11.3,9.0,1.0,Irregular,13.0,8,Low,False,False,Low,High,High,Irregular,None,51.7,13.8,31.9,37.4,36.0,10.0,30.1,Needs Attention (Hina Vihara)
HS-OBS-0149,Empirical Lifestyle Survey (Academic Observational Cohort),37,Male,171.6,81.9,27.8,Overweight,Working Professional (IT/Corporate),6.9,22.75,5.65,10:45 PM,05:39 AM,Moderate,8.3,7.2,20.0,2.3,Regular,15.0,6,Neutral,True,True,High,Low,Low,Regular,Asthma,84.0,46.1,51.0,75.8,93.0,100.0,73.7,Good (Prasanna)
HS-OBS-0150,Empirical Lifestyle Survey (Academic Observational Cohort),27,Female,176.8,67.7,21.7,Normal,Working Professional (IT/Corporate),7.2,23.0,6.2,11:00 PM,06:12 AM,Good,10.2,8.5,60.0,2.8,Regular,38.0,5,Good,False,True,Medium,Low,Medium,Irregular,Migraine,87.9,98.0,58.2,99.7,71.4,80.0,81.6,Good (Prasanna)
HS-OBS-0151,Empirical Lifestyle Survey (Academic Observational Cohort),27,Male,170.4,69.6,24.0,Normal,Student,5.1,1.0,6.1,01:00 AM,06:06 AM,Moderate,9.9,9.1,16.0,1.4,Irregular,16.0,10,Low,False,False,Low,High,High,Irregular,None,54.7,36.5,16.9,54.5,47.0,10.0,34.9,Needs Attention (Hina Vihara)
HS-OBS-0152,Empirical Lifestyle Survey (Academic Observational Cohort),23,Male,172.7,64.7,21.7,Normal,Homemaker,6.5,23.0,5.5,11:00 PM,05:30 AM,Good,7.9,5.6,53.0,1.9,Regular,32.0,7,Neutral,True,True,High,Low,Medium,Regular,Digestive problems,80.2,100.0,43.5,70.2,100.0,95.0,80.5,Good (Prasanna)
HS-OBS-0153,Empirical Lifestyle Survey (Academic Observational Cohort),45,Male,177.8,66.2,20.9,Normal,Student,7.1,22.0,5.1,10:00 PM,05:06 AM,Moderate,6.8,5.5,69.0,2.3,Regular,50.0,1,Good,True,True,Medium,Low,Low,Regular,Hypertension,86.0,100.0,90.0,79.5,100.0,85.0,90.2,Excellent (Svastha)
HS-OBS-0154,Empirical Lifestyle Survey (Academic Observational Cohort),30,Female,151.7,54.7,23.8,Normal,Freelancer / Creative,6.2,23.5,5.7,11:30 PM,05:42 AM,Good,8.1,4.7,28.0,1.4,Irregular,14.0,4,Low,True,False,Low,High,Low,Regular,Hypertension,75.6,57.6,63.8,65.2,80.0,15.0,58.6,Moderate (Madhyama)
HS-OBS-0155,Empirical Lifestyle Survey (Academic Observational Cohort),31,Male,185.5,95.2,27.7,Overweight,Freelancer / Creative,6.8,22.75,5.55,10:45 PM,05:33 AM,Good,7.2,6.5,23.0,3.6,Regular,29.0,6,Neutral,False,False,High,Low,Low,Irregular,None,84.8,64.8,49.2,99.7,73.0,80.0,73.3,Good (Prasanna)
HS-OBS-0156,Empirical Lifestyle Survey (Academic Observational Cohort),24,Male,172.7,71.0,23.8,Normal,Working Professional (IT/Corporate),4.4,2.5,6.9,02:30 AM,06:54 AM,Moderate,9.8,10.7,17.0,2.0,Irregular,5.0,8,Low,False,False,Low,High,High,Irregular,None,43.0,20.6,31.9,76.1,32.0,10.0,32.8,Needs Attention (Hina Vihara)
HS-OBS-0157,Empirical Lifestyle Survey (Academic Observational Cohort),29,Female,157.7,42.7,17.2,Underweight,Student,7.0,0.5,7.5,12:30 AM,07:30 AM,Good,9.9,7.1,23.0,1.4,Irregular,22.0,6,Neutral,False,True,High,Low,High,Regular,Anxiety/stress-related concerns,86.4,57.8,49.2,70.0,56.0,82.0,67.7,Moderate (Madhyama)
HS-OBS-0158,Empirical Lifestyle Survey (Academic Observational Cohort),37,Female,154.7,56.7,23.7,Normal,Working Professional (IT/Corporate),6.5,22.75,5.25,10:45 PM,05:15 AM,Good,8.7,5.7,20.0,1.8,Regular,38.0,4,Good,False,False,Medium,Medium,Low,Regular,None,80.2,61.1,65.7,83.7,90.0,50.0,70.0,Good (Prasanna)
HS-OBS-0159,Empirical Lifestyle Survey (Academic Observational Cohort),37,Female,168.7,52.8,18.6,Normal,Healthcare Worker,7.6,22.0,5.6,10:00 PM,05:36 AM,Good,7.7,5.0,52.0,2.2,Regular,35.0,3,Good,True,True,High,Low,Low,Regular,None,88.4,100.0,75.0,99.6,100.0,100.0,92.4,Excellent (Svastha)
HS-OBS-0160,Empirical Lifestyle Survey (Academic Observational Cohort),20,Female,145.1,55.9,26.6,Overweight,Working Professional (IT/Corporate),5.8,1.0,6.8,01:00 AM,06:48 AM,Poor,7.0,8.0,15.0,1.4,Irregular,20.0,8,Low,False,False,Low,High,High,Irregular,None,62.5,43.3,31.9,67.3,46.0,10.0,42.0,Needs Attention (Hina Vihara)
HS-OBS-0161,Empirical Lifestyle Survey (Academic Observational Cohort),28,Female,170.0,62.0,21.5,Normal,Working Professional (IT/Corporate),5.7,0.0,5.7,12:00 AM,05:42 AM,Moderate,8.1,5.9,23.0,2.0,Regular,31.0,6,Neutral,False,False,Medium,Medium,High,Irregular,None,64.0,65.8,49.2,84.7,80.0,32.0,59.6,Moderate (Madhyama)
HS-OBS-0162,Empirical Lifestyle Survey (Academic Observational Cohort),27,Male,163.8,69.0,25.7,Overweight,Working Professional (IT/Corporate),6.2,23.0,5.2,11:00 PM,05:12 AM,Moderate,8.5,11.0,26.0,1.8,Irregular,12.0,8,Neutral,True,True,Low,Medium,High,Regular,None,73.2,40.4,36.0,68.4,67.5,37.0,52.2,Needs Attention (Hina Vihara)
HS-OBS-0163,Empirical Lifestyle Survey (Academic Observational Cohort),30,Female,153.7,59.5,25.2,Overweight,Working Professional (IT/Corporate),5.8,0.5,6.3,12:30 AM,06:18 AM,Good,11.6,9.5,17.0,1.8,Regular,28.0,7,Neutral,False,False,Low,Medium,Medium,Irregular,Thyroid disorder,67.9,48.4,41.7,80.9,62.2,30.0,52.9,Needs Attention (Hina Vihara)
HS-OBS-0164,Empirical Lifestyle Survey (Academic Observational Cohort),39,Male,168.5,56.5,19.9,Normal,Student,8.1,21.75,5.85,09:45 PM,05:51 AM,Good,6.8,3.7,40.0,2.7,Regular,41.0,1,Good,True,True,Medium,Low,Low,Regular,Anxiety/stress-related concerns,88.4,92.2,90.0,97.9,100.0,85.0,91.1,Excellent (Svastha)
HS-OBS-0165,Empirical Lifestyle Survey (Academic Observational Cohort),32,Other,175.5,70.2,22.8,Normal,Working Professional (IT/Corporate),7.4,23.25,6.65,11:15 PM,06:39 AM,Moderate,6.5,6.4,33.0,2.9,Regular,36.0,7,Good,False,True,Medium,Medium,Low,Regular,None,85.5,81.3,43.2,99.2,86.0,70.0,74.9,Good (Prasanna)
HS-OBS-0166,Empirical Lifestyle Survey (Academic Observational Cohort),34,Female,163.9,63.0,23.5,Normal,Student,6.0,23.0,5.0,11:00 PM,05:00 AM,Moderate,9.3,7.1,24.0,1.4,Regular,29.0,8,Good,False,True,Low,Medium,Medium,Irregular,Digestive problems,70.1,66.3,35.7,58.2,63.0,50.0,56.9,Moderate (Madhyama)
HS-OBS-0167,Empirical Lifestyle Survey (Academic Observational Cohort),46,Male,173.2,48.6,16.2,Underweight,Healthcare Worker,7.3,22.25,5.55,10:15 PM,05:33 AM,Good,8.8,4.2,40.0,2.2,Regular,34.0,3,Good,True,True,High,Low,Low,Regular,None,88.4,92.2,75.0,99.0,90.0,100.0,89.7,Excellent (Svastha)
HS-OBS-0168,Empirical Lifestyle Survey (Academic Observational Cohort),34,Male,171.6,60.4,20.5,Normal,Self-Employed / Business,7.1,21.5,4.6,09:30 PM,04:36 AM,Good,9.1,3.8,62.0,2.5,Regular,50.0,2,Good,True,True,High,Low,Low,Regular,None,88.4,100.0,82.5,99.4,90.0,100.0,92.7,Excellent (Svastha)
HS-OBS-0169,Empirical Lifestyle Survey (Academic Observational Cohort),26,Female,161.9,61.2,23.3,Normal,Working Professional (IT/Corporate),5.4,1.0,6.4,01:00 AM,06:24 AM,Moderate,8.1,12.4,6.0,1.5,Irregular,11.0,8,Neutral,False,False,Low,High,High,Irregular,Anxiety/stress-related concerns,59.4,5.0,34.2,68.4,45.0,10.0,34.8,Needs Attention (Hina Vihara)
HS-OBS-0170,Empirical Lifestyle Survey (Academic Observational Cohort),36,Female,159.2,63.6,25.1,Overweight,Student,6.5,23.0,5.5,11:00 PM,05:30 AM,Good,8.2,8.5,23.0,2.4,Regular,19.0,5,Good,True,False,High,Medium,Medium,Regular,Asthma,80.2,52.8,60.0,99.9,93.0,60.0,71.1,Good (Prasanna)
HS-OBS-0171,Empirical Lifestyle Survey (Academic Observational Cohort),25,Male,177.2,86.6,27.6,Overweight,Working Professional (IT/Corporate),6.0,1.0,7.0,01:00 AM,07:00 AM,Poor,10.9,9.5,15.0,1.3,Irregular,20.0,7,Low,False,False,Low,High,High,Irregular,None,65.6,37.3,39.5,41.2,40.8,10.0,39.9,Needs Attention (Hina Vihara)
HS-OBS-0172,Empirical Lifestyle Survey (Academic Observational Cohort),28,Female,161.3,52.8,20.3,Normal,Working Professional (IT/Corporate),5.8,2.0,7.8,02:00 AM,07:48 AM,Moderate,9.2,9.8,13.0,1.7,Irregular,11.0,8,Low,False,False,Low,Medium,High,Irregular,None,64.5,24.0,31.9,85.0,36.5,17.0,40.8,Needs Attention (Hina Vihara)
HS-OBS-0173,Empirical Lifestyle Survey (Academic Observational Cohort),35,Female,160.5,63.8,24.8,Normal,Healthcare Worker,7.5,23.5,7.0,11:30 PM,07:00 AM,Moderate,6.7,7.4,29.0,2.4,Irregular,34.0,7,Good,False,True,Medium,Medium,Medium,Regular,Digestive problems,85.5,75.1,43.2,99.6,66.0,65.0,70.5,Good (Prasanna)
HS-OBS-0174,Empirical Lifestyle Survey (Academic Observational Cohort),28,Male,171.7,69.1,23.4,Normal,Working Professional (IT/Corporate),6.1,0.5,6.6,12:30 AM,06:36 AM,Moderate,10.0,4.7,9.0,2.5,Regular,9.0,8,Low,True,False,High,Medium,Low,Regular,Anxiety/stress-related concerns,70.1,23.0,33.8,100.0,83.0,65.0,58.0,Moderate (Madhyama)
HS-OBS-0175,Empirical Lifestyle Survey (Academic Observational Cohort),31,Male,172.9,70.8,23.7,Normal,Healthcare Worker,7.8,23.25,7.05,11:15 PM,07:03 AM,Good,6.7,6.2,47.0,2.6,Irregular,31.0,6,Good,True,True,Medium,Low,Low,Regular,Migraine,87.9,100.0,52.5,98.8,66.0,85.0,80.9,Good (Prasanna)
HS-OBS-0176,Empirical Lifestyle Survey (Academic Observational Cohort),18,Female,165.9,65.9,23.9,Normal,Student,3.6,1.5,5.1,01:30 AM,05:06 AM,Poor,11.1,12.7,9.0,2.0,Irregular,16.0,10,Low,False,False,Low,High,Medium,Irregular,None,27.6,11.2,16.9,84.0,36.2,10.0,26.0,Needs Attention (Hina Vihara)
HS-OBS-0177,Empirical Lifestyle Survey (Academic Observational Cohort),44,Female,166.3,64.1,23.2,Normal,Working Professional (IT/Corporate),6.5,22.75,5.25,10:45 PM,05:15 AM,Moderate,7.7,4.5,61.0,2.3,Regular,24.0,5,Good,False,True,Medium,Medium,Medium,Regular,None,77.8,94.0,58.2,83.6,100.0,65.0,77.7,Good (Prasanna)
HS-OBS-0178,Empirical Lifestyle Survey (Academic Observational Cohort),30,Female,171.8,63.5,21.5,Normal,Educator / Academic,6.5,0.0,6.5,12:00 AM,06:30 AM,Poor,7.7,5.2,15.0,1.7,Irregular,18.0,5,Neutral,False,True,Medium,High,Low,Irregular,None,73.3,41.3,56.7,72.4,60.0,50.0,58.3,Moderate (Madhyama)
HS-OBS-0179,Empirical Lifestyle Survey (Academic Observational Cohort),18,Female,161.5,57.1,21.9,Normal,Working Professional (IT/Corporate),5.7,0.5,6.2,12:30 AM,06:12 AM,Poor,10.3,7.1,8.0,1.5,Irregular,5.0,10,Low,False,False,Low,High,High,Irregular,Anxiety/stress-related concerns,61.0,17.4,16.9,72.6,50.6,10.0,35.1,Needs Attention (Hina Vihara)
HS-OBS-0180,Empirical Lifestyle Survey (Academic Observational Cohort),19,Male,174.7,70.5,23.1,Normal,Student,6.8,0.0,6.8,12:00 AM,06:48 AM,Moderate,9.1,6.2,18.0,2.6,Irregular,12.0,6,Neutral,True,False,Medium,High,High,Irregular,None,80.9,40.0,51.0,99.9,36.0,12.0,51.7,Needs Attention (Hina Vihara)
HS-OBS-0181,Empirical Lifestyle Survey (Academic Observational Cohort),51,Female,161.6,50.4,19.3,Normal,Working Professional (IT/Corporate),7.0,22.0,5.0,10:00 PM,05:00 AM,Good,5.0,2.3,53.0,2.2,Regular,42.0,3,Good,True,True,High,Low,Low,Regular,None,88.4,100.0,75.0,100.0,100.0,100.0,92.4,Excellent (Svastha)
HS-OBS-0182,Empirical Lifestyle Survey (Academic Observational Cohort),28,Male,175.0,84.3,27.5,Overweight,Freelancer / Creative,7.6,22.75,6.35,10:45 PM,06:21 AM,Good,7.6,4.5,20.0,2.9,Regular,19.0,3,Neutral,False,False,High,Low,Low,Regular,None,87.9,50.1,71.7,99.1,100.0,80.0,79.0,Good (Prasanna)
HS-OBS-0183,Empirical Lifestyle Survey (Academic Observational Cohort),31,Male,174.5,69.8,22.9,Normal,Working Professional (IT/Corporate),6.7,23.25,5.95,11:15 PM,05:57 AM,Good,8.2,6.5,22.0,2.4,Irregular,40.0,5,Neutral,True,True,Medium,Low,Medium,Regular,None,83.3,64.2,58.5,98.9,73.0,80.0,74.6,Good (Prasanna)
HS-OBS-0184,Empirical Lifestyle Survey (Academic Observational Cohort),41,Male,175.5,73.6,23.9,Normal,Homemaker,7.7,22.0,5.7,10:00 PM,05:42 AM,Good,6.5,4.6,39.0,2.7,Regular,39.0,2,Neutral,True,True,High,Low,Low,Regular,Asthma,88.4,90.7,81.0,99.1,100.0,100.0,91.9,Excellent (Svastha)
HS-OBS-0185,Empirical Lifestyle Survey (Academic Observational Cohort),29,Male,161.8,57.9,22.1,Normal,Healthcare Worker,6.4,23.5,5.9,11:30 PM,05:54 AM,Moderate,9.0,5.8,37.0,2.2,Irregular,11.0,7,Neutral,True,False,Medium,Low,Medium,Regular,Diabetes,76.3,68.6,43.5,99.3,70.0,60.0,67.0,Moderate (Madhyama)
HS-OBS-0186,Empirical Lifestyle Survey (Academic Observational Cohort),25,Male,185.5,70.6,20.5,Normal,Freelancer / Creative,7.0,23.0,6.0,11:00 PM,06:00 AM,Moderate,10.3,6.4,39.0,2.2,Regular,16.0,7,Low,True,False,High,Medium,High,Regular,Diabetes,85.5,76.7,41.2,78.7,90.6,47.0,68.1,Moderate (Madhyama)
HS-OBS-0187,Empirical Lifestyle Survey (Academic Observational Cohort),29,Female,166.7,69.2,24.9,Normal,Homemaker,5.5,0.0,5.5,12:00 AM,05:30 AM,Good,10.8,4.6,34.0,1.5,Regular,27.0,6,Good,True,False,Low,High,Medium,Irregular,Anxiety/stress-related concerns,63.3,79.9,52.5,55.4,73.6,10.0,55.0,Moderate (Madhyama)
HS-OBS-0188,Empirical Lifestyle Survey (Academic Observational Cohort),22,Female,160.8,57.6,22.3,Normal,Student,6.9,23.0,5.9,11:00 PM,05:54 AM,Moderate,10.8,10.1,15.0,1.4,Regular,16.0,5,Neutral,True,True,Medium,Medium,High,Regular,None,84.0,30.9,58.5,65.4,85.6,52.0,61.9,Moderate (Madhyama)
HS-OBS-0189,Empirical Lifestyle Survey (Academic Observational Cohort),43,Male,184.5,62.7,18.4,Underweight,Healthcare Worker,7.3,21.75,5.05,09:45 PM,05:03 AM,Good,7.2,4.5,42.0,2.2,Regular,41.0,2,Good,True,True,High,Low,Low,Regular,Hypertension,88.4,95.3,82.5,86.5,100.0,100.0,91.8,Excellent (Svastha)
HS-OBS-0190,Empirical Lifestyle Survey (Academic Observational Cohort),26,Male,174.0,75.4,24.9,Normal,Working Professional (IT/Corporate),5.0,0.5,5.5,12:30 AM,05:30 AM,Poor,10.0,9.3,8.0,1.6,Irregular,20.0,8,Low,False,False,Low,High,High,Irregular,None,50.2,27.2,31.9,59.1,46.0,10.0,35.5,Needs Attention (Hina Vihara)
HS-OBS-0191,Empirical Lifestyle Survey (Academic Observational Cohort),37,Female,160.1,66.2,25.8,Overweight,Working Professional (IT/Corporate),7.3,22.5,5.8,10:30 PM,05:48 AM,Good,7.8,6.5,20.0,1.8,Irregular,15.0,5,Good,True,True,Medium,Low,Low,Regular,Anxiety/stress-related concerns,88.4,46.1,60.0,72.5,73.0,85.0,71.1,Good (Prasanna)
HS-OBS-0192,Empirical Lifestyle Survey (Academic Observational Cohort),31,Female,174.9,82.7,27.0,Overweight,Student,5.5,2.0,7.5,02:00 AM,07:30 AM,Moderate,7.0,8.9,4.0,1.3,Irregular,6.0,8,Good,False,False,Low,High,High,Irregular,Thyroid disorder,59.9,8.6,35.7,44.4,51.0,10.0,34.2,Needs Attention (Hina Vihara)
HS-OBS-0193,Empirical Lifestyle Survey (Academic Observational Cohort),20,Female,166.3,56.5,20.4,Normal,Freelancer / Creative,7.2,23.5,6.7,11:30 PM,06:42 AM,Good,10.5,4.4,20.0,2.4,Regular,23.0,7,Neutral,True,True,Medium,Low,Medium,Regular,None,87.9,54.1,43.5,98.5,89.0,80.0,72.7,Good (Prasanna)
HS-OBS-0194,Empirical Lifestyle Survey (Academic Observational Cohort),21,Male,177.2,70.1,22.3,Normal,Healthcare Worker,6.2,0.0,6.2,12:00 AM,06:12 AM,Poor,12.0,4.9,25.0,2.6,Irregular,22.0,6,Neutral,False,True,Medium,High,High,Regular,None,68.7,60.9,49.2,99.7,64.0,32.0,59.3,Moderate (Madhyama)
HS-OBS-0195,Empirical Lifestyle Survey (Academic Observational Cohort),32,Female,159.7,60.3,23.6,Normal,Healthcare Worker,6.0,0.5,6.5,12:30 AM,06:30 AM,Good,9.7,6.9,27.0,2.4,Irregular,18.0,6,Neutral,False,True,Medium,High,Low,Irregular,Digestive problems,71.0,60.0,49.2,99.7,43.0,50.0,60.4,Moderate (Madhyama)
HS-OBS-0196,Empirical Lifestyle Survey (Academic Observational Cohort),20,Male,182.2,70.5,21.2,Normal,Healthcare Worker,6.7,23.0,5.7,11:00 PM,05:42 AM,Good,7.2,7.9,20.0,2.9,Regular,50.0,5,Neutral,False,True,High,Low,Medium,Regular,Digestive problems,83.3,61.1,56.7,98.7,93.0,95.0,78.8,Good (Prasanna)
HS-OBS-0197,Empirical Lifestyle Survey (Academic Observational Cohort),24,Female,163.7,71.7,26.8,Overweight,Student,5.6,1.0,6.6,01:00 AM,06:36 AM,Poor,11.2,10.2,8.0,1.3,Irregular,9.0,10,Low,False,False,Low,High,High,Irregular,None,59.4,12.6,16.9,50.5,34.9,10.0,29.8,Needs Attention (Hina Vihara)
HS-OBS-0198,Empirical Lifestyle Survey (Academic Observational Cohort),36,Male,154.9,60.3,25.1,Overweight,Healthcare Worker,7.2,23.0,6.2,11:00 PM,06:12 AM,Good,8.0,5.2,48.0,1.8,Regular,35.0,5,Good,True,True,Low,Low,Medium,Regular,None,87.9,100.0,60.0,71.7,100.0,65.0,80.2,Good (Prasanna)
HS-OBS-0199,Empirical Lifestyle Survey (Academic Observational Cohort),24,Male,165.0,59.7,21.9,Normal,Working Professional (IT/Corporate),7.6,22.75,6.35,10:45 PM,06:21 AM,Good,9.3,6.6,44.0,1.8,Regular,31.0,5,Good,True,False,Medium,Medium,Medium,Regular,Diabetes,87.9,98.4,60.0,73.3,83.0,45.0,74.4,Good (Prasanna)
HS-OBS-0200,Empirical Lifestyle Survey (Academic Observational Cohort),38,Female,166.4,71.6,25.9,Overweight,Student,7.5,23.0,6.5,11:00 PM,06:30 AM,Poor,8.5,7.4,35.0,2.4,Regular,17.0,4,Good,True,True,High,Low,Low,Regular,Anxiety/stress-related concerns,82.5,71.4,67.5,85.8,93.0,100.0,82.2,Good (Prasanna)
HS-OBS-0201,Empirical Lifestyle Survey (Academic Observational Cohort),26,Male,173.1,64.5,21.5,Normal,Working Professional (IT/Corporate),6.9,23.25,6.15,11:15 PM,06:09 AM,Moderate,5.3,6.1,35.0,2.5,Regular,18.0,6,Good,True,False,Medium,Low,Low,Irregular,None,84.0,72.4,52.5,99.8,73.0,65.0,72.5,Good (Prasanna)
HS-OBS-0202,Empirical Lifestyle Survey (Academic Observational Cohort),19,Male,169.0,61.6,21.6,Normal,Healthcare Worker,5.5,0.0,5.5,12:00 AM,05:30 AM,Moderate,10.0,7.3,19.0,2.2,Regular,8.0,5,Low,False,False,Low,Medium,High,Regular,None,60.9,37.6,54.5,99.4,83.0,17.0,54.0,Needs Attention (Hina Vihara)
HS-OBS-0203,Empirical Lifestyle Survey (Academic Observational Cohort),32,Female,163.6,70.3,26.3,Overweight,Educator / Academic,6.5,23.0,5.5,11:00 PM,05:30 AM,Good,5.0,6.1,57.0,2.5,Irregular,38.0,4,Good,True,True,High,Medium,Medium,Regular,None,80.2,100.0,67.5,85.2,73.0,80.0,80.8,Good (Prasanna)
HS-OBS-0204,Empirical Lifestyle Survey (Academic Observational Cohort),42,Female,156.4,54.2,22.2,Normal,Educator / Academic,7.9,21.5,5.4,09:30 PM,05:24 AM,Good,8.5,6.5,54.0,2.2,Regular,34.0,1,Good,True,True,High,Low,Low,Regular,Migraine,88.4,100.0,90.0,99.2,93.0,100.0,94.5,Excellent (Svastha)
HS-OBS-0205,Empirical Lifestyle Survey (Academic Observational Cohort),21,Male,171.3,72.4,24.7,Normal,Working Professional (IT/Corporate),5.2,1.5,6.7,01:30 AM,06:42 AM,Poor,8.7,12.2,10.0,1.3,Irregular,10.0,9,Neutral,False,False,Low,High,High,Irregular,None,52.3,8.8,26.7,49.7,28.0,10.0,28.6,Needs Attention (Hina Vihara)
HS-OBS-0206,Empirical Lifestyle Survey (Academic Observational Cohort),35,Female,157.0,52.8,21.4,Normal,Working Professional (IT/Corporate),6.1,0.0,6.1,12:00 AM,06:06 AM,Moderate,6.8,6.1,16.0,1.7,Irregular,25.0,6,Neutral,False,False,Low,Medium,Medium,Irregular,None,70.1,49.9,49.2,85.0,53.0,30.0,54.5,Needs Attention (Hina Vihara)
HS-OBS-0207,Empirical Lifestyle Survey (Academic Observational Cohort),27,Female,161.2,68.7,26.4,Overweight,Working Professional (IT/Corporate),5.0,1.5,6.5,01:30 AM,06:30 AM,Good,10.7,8.8,0.0,2.0,Irregular,9.0,9,Low,False,False,Low,Medium,High,Irregular,None,54.6,5.8,24.4,83.2,52.9,17.0,35.7,Needs Attention (Hina Vihara)
HS-OBS-0208,Empirical Lifestyle Survey (Academic Observational Cohort),28,Female,169.2,73.6,25.7,Overweight,Student,5.3,2.0,7.3,02:00 AM,07:18 AM,Poor,9.1,9.4,15.0,1.3,Irregular,17.0,8,Good,False,False,Low,High,High,Irregular,Migraine,53.8,34.7,35.7,48.1,38.5,10.0,36.5,Needs Attention (Hina Vihara)
HS-OBS-0209,Empirical Lifestyle Survey (Academic Observational Cohort),30,Female,165.5,53.5,19.5,Normal,Healthcare Worker,5.5,0.0,5.5,12:00 AM,05:30 AM,Moderate,8.0,5.4,16.0,1.4,Irregular,17.0,8,Neutral,True,True,Medium,Medium,Medium,Regular,Digestive problems,60.9,41.9,36.0,69.8,80.0,65.0,56.4,Moderate (Madhyama)
HS-OBS-0210,Empirical Lifestyle Survey (Academic Observational Cohort),34,Female,163.7,65.6,24.5,Normal,Self-Employed / Business,6.5,23.5,6.0,11:30 PM,06:00 AM,Good,9.5,5.7,43.0,1.8,Regular,15.0,5,Good,False,True,Low,Medium,Medium,Irregular,None,80.2,81.9,58.2,67.8,70.0,50.0,68.2,Moderate (Madhyama)
HS-OBS-0211,Empirical Lifestyle Survey (Academic Observational Cohort),32,Male,168.1,60.3,21.3,Normal,Educator / Academic,7.2,0.0,7.2,12:00 AM,07:12 AM,Moderate,7.0,10.6,11.0,1.6,Regular,23.0,7,Neutral,True,True,Medium,High,Low,Irregular,None,84.0,29.7,43.5,72.7,62.5,50.0,56.3,Moderate (Madhyama)
HS-OBS-0212,Empirical Lifestyle Survey (Academic Observational Cohort),22,Female,161.1,66.4,25.6,Overweight,Homemaker,4.3,1.0,5.3,01:00 AM,05:18 AM,Poor,11.5,9.0,8.0,0.9,Irregular,4.0,8,Neutral,False,False,Low,High,High,Irregular,None,39.4,12.4,34.2,37.6,45.5,10.0,28.8,Needs Attention (Hina Vihara)
HS-OBS-0213,Empirical Lifestyle Survey (Academic Observational Cohort),46,Female,166.6,63.7,23.0,Normal,Student,6.1,0.0,6.1,12:00 AM,06:06 AM,Moderate,8.8,8.6,8.0,2.3,Irregular,27.0,7,Neutral,True,True,Low,Medium,High,Regular,None,70.1,37.0,43.5,100.0,69.5,37.0,55.8,Moderate (Madhyama)
HS-OBS-0214,Empirical Lifestyle Survey (Academic Observational Cohort),33,Female,162.1,64.7,24.6,Normal,Student,6.8,0.5,7.3,12:30 AM,07:18 AM,Moderate,8.3,6.6,23.0,1.4,Irregular,30.0,4,Neutral,False,True,Medium,Low,Medium,Regular,Anxiety/stress-related concerns,80.9,65.8,64.2,57.0,66.0,80.0,70.5,Good (Prasanna)
HS-OBS-0215,Empirical Lifestyle Survey (Academic Observational Cohort),33,Male,174.3,72.7,23.9,Normal,Working Professional (IT/Corporate),7.2,23.0,6.2,11:00 PM,06:12 AM,Good,7.7,8.0,20.0,2.5,Regular,18.0,3,Good,False,True,Medium,Low,Medium,Regular,Digestive problems,87.9,49.1,73.2,99.0,93.0,80.0,78.3,Good (Prasanna)
HS-OBS-0216,Empirical Lifestyle Survey (Academic Observational Cohort),34,Female,171.6,62.0,21.1,Normal,Working Professional (IT/Corporate),7.7,21.75,5.45,09:45 PM,05:27 AM,Good,5.7,3.5,46.0,2.7,Regular,35.0,3,Good,True,True,High,Low,Low,Regular,Migraine,88.4,100.0,75.0,99.3,100.0,100.0,92.4,Excellent (Svastha)
HS-OBS-0217,Empirical Lifestyle Survey (Academic Observational Cohort),20,Female,163.4,71.3,26.7,Overweight,Student,6.0,0.5,6.5,12:30 AM,06:30 AM,Poor,13.0,8.0,4.0,1.3,Irregular,2.0,9,Neutral,False,False,Low,High,High,Irregular,Hypertension,65.6,8.2,26.7,51.4,33.0,10.0,32.1,Needs Attention (Hina Vihara)
HS-OBS-0218,Empirical Lifestyle Survey (Academic Observational Cohort),43,Male,173.5,62.3,20.7,Normal,Self-Employed / Business,7.7,21.5,5.2,09:30 PM,05:12 AM,Moderate,6.2,6.5,35.0,2.9,Regular,39.0,3,Good,True,True,High,Low,Low,Regular,None,86.0,84.4,75.0,97.8,93.0,100.0,88.1,Excellent (Svastha)
HS-OBS-0219,Empirical Lifestyle Survey (Academic Observational Cohort),28,Female,159.9,57.7,22.6,Normal,Educator / Academic,7.4,0.0,7.4,12:00 AM,07:24 AM,Moderate,6.0,10.4,5.0,1.5,Irregular,16.0,7,Neutral,False,False,Medium,Medium,High,Regular,Asthma,84.0,14.2,41.7,72.8,63.5,32.0,50.0,Needs Attention (Hina Vihara)
HS-OBS-0220,Empirical Lifestyle Survey (Academic Observational Cohort),20,Female,164.7,75.6,27.9,Overweight,Working Professional (IT/Corporate),6.5,22.5,5.0,10:30 PM,05:00 AM,Good,8.3,4.8,40.0,2.4,Regular,26.0,5,Neutral,True,True,High,Medium,Medium,Regular,None,80.7,88.2,58.5,80.6,100.0,80.0,79.8,Good (Prasanna)
HS-OBS-0221,Empirical Lifestyle Survey (Academic Observational Cohort),42,Female,160.9,64.0,24.7,Normal,Student,5.5,0.5,6.0,12:30 AM,06:00 AM,Poor,7.4,8.5,40.0,1.7,Irregular,21.0,6,Neutral,True,True,Low,High,Low,Irregular,None,57.9,81.2,51.0,66.1,53.0,35.0,56.8,Moderate (Madhyama)
HS-OBS-0222,Empirical Lifestyle Survey (Academic Observational Cohort),19,Male,177.9,89.3,28.2,Overweight,Student,4.7,1.5,6.2,01:30 AM,06:12 AM,Moderate,9.4,10.5,7.0,2.2,Irregular,10.0,8,Good,False,False,Low,High,High,Irregular,None,47.6,10.9,35.7,69.1,40.0,10.0,33.1,Needs Attention (Hina Vihara)
HS-OBS-0223,Empirical Lifestyle Survey (Academic Observational Cohort),29,Female,158.2,62.0,24.8,Normal,Student,7.0,23.25,6.25,11:15 PM,06:15 AM,Good,7.1,7.8,52.0,1.8,Regular,20.0,6,Neutral,True,True,High,Low,Low,Regular,None,87.9,90.0,51.0,69.1,93.0,100.0,81.8,Good (Prasanna)
HS-OBS-0224,Empirical Lifestyle Survey (Academic Observational Cohort),25,Female,166.6,50.7,18.3,Underweight,Educator / Academic,7.0,0.0,7.0,12:00 AM,07:00 AM,Moderate,7.0,8.9,22.0,1.4,Irregular,10.0,7,Good,False,False,Medium,High,High,Regular,None,84.0,40.6,43.2,70.0,71.0,12.0,52.1,Needs Attention (Hina Vihara)
HS-OBS-0225,Empirical Lifestyle Survey (Academic Observational Cohort),32,Female,165.4,75.9,27.7,Overweight,Healthcare Worker,6.5,22.75,5.25,10:45 PM,05:15 AM,Moderate,10.3,6.0,24.0,2.6,Regular,15.0,6,Neutral,True,True,High,Low,Medium,Irregular,Digestive problems,77.8,52.3,51.0,98.9,77.6,95.0,73.0,Good (Prasanna)
HS-OBS-0226,Empirical Lifestyle Survey (Academic Observational Cohort),31,Female,170.8,56.9,19.5,Normal,Educator / Academic,7.1,22.75,5.85,10:45 PM,05:51 AM,Moderate,6.2,6.3,46.0,1.8,Regular,22.0,5,Neutral,True,False,Medium,Low,Medium,Regular,None,85.5,92.0,58.5,75.8,93.0,60.0,76.6,Good (Prasanna)
HS-OBS-0227,Empirical Lifestyle Survey (Academic Observational Cohort),35,Male,176.6,82.9,26.6,Overweight,Healthcare Worker,6.5,22.75,5.25,10:45 PM,05:15 AM,Good,9.0,7.6,20.0,2.7,Irregular,29.0,4,Good,True,True,Medium,Low,Low,Regular,None,80.2,60.1,67.5,88.0,63.0,85.0,73.6,Good (Prasanna)
HS-OBS-0228,Empirical Lifestyle Survey (Academic Observational Cohort),34,Female,159.2,54.2,21.4,Normal,Homemaker,7.1,23.25,6.35,11:15 PM,06:21 AM,Good,6.5,4.2,43.0,2.2,Regular,15.0,5,Neutral,False,True,Medium,Low,Medium,Regular,None,87.9,81.9,56.7,99.7,100.0,80.0,81.8,Good (Prasanna)
HS-OBS-0229,Empirical Lifestyle Survey (Academic Observational Cohort),19,Male,169.6,76.2,26.5,Overweight,Student,5.5,0.5,6.0,12:30 AM,06:00 AM,Poor,8.1,8.4,31.0,2.0,Irregular,16.0,8,Low,True,True,Medium,High,Medium,Regular,None,57.9,62.6,33.8,68.4,73.0,45.0,54.5,Needs Attention (Hina Vihara)
HS-OBS-0230,Empirical Lifestyle Survey (Academic Observational Cohort),42,Female,167.7,65.3,23.2,Normal,Healthcare Worker,5.7,0.0,5.7,12:00 AM,05:42 AM,Good,7.6,8.5,27.0,2.3,Regular,29.0,4,Neutral,False,True,High,High,Medium,Regular,None,66.4,69.0,64.2,99.0,93.0,60.0,71.7,Good (Prasanna)
HS-OBS-0231,Empirical Lifestyle Survey (Academic Observational Cohort),39,Male,167.5,63.2,22.5,Normal,Self-Employed / Business,7.3,23.5,6.8,11:30 PM,06:48 AM,Good,10.5,8.5,42.0,2.4,Regular,24.0,6,Neutral,False,True,Medium,Low,Low,Regular,Diabetes,87.9,87.3,49.2,99.2,82.0,85.0,80.0,Good (Prasanna)
HS-OBS-0232,Empirical Lifestyle Survey (Academic Observational Cohort),27,Female,172.4,70.0,23.6,Normal,Homemaker,6.7,0.5,7.2,12:30 AM,07:12 AM,Moderate,9.8,8.4,32.0,1.8,Irregular,13.0,5,Good,False,False,Medium,Medium,Medium,Regular,None,79.4,61.2,58.2,66.3,56.0,45.0,61.6,Moderate (Madhyama)
HS-OBS-0233,Empirical Lifestyle Survey (Academic Observational Cohort),35,Male,179.1,79.1,24.7,Normal,Working Professional (IT/Corporate),8.1,22.75,6.85,10:45 PM,06:51 AM,Good,8.0,6.8,22.0,3.0,Regular,22.0,6,Neutral,False,True,Medium,Low,Low,Irregular,Anxiety/stress-related concerns,87.9,56.2,49.2,99.8,66.0,85.0,72.5,Good (Prasanna)
HS-OBS-0234,Empirical Lifestyle Survey (Academic Observational Cohort),29,Female,161.6,50.6,19.4,Normal,Working Professional (IT/Corporate),6.9,22.75,5.65,10:45 PM,05:39 AM,Good,9.2,6.7,41.0,1.8,Regular,26.0,4,Low,True,True,Medium,Low,Low,Irregular,Anxiety/stress-related concerns,86.4,89.8,63.8,85.2,63.0,85.0,79.3,Good (Prasanna)
HS-OBS-0235,Empirical Lifestyle Survey (Academic Observational Cohort),41,Male,176.7,71.0,22.7,Normal,Healthcare Worker,7.3,21.5,4.8,09:30 PM,04:48 AM,Good,4.6,5.5,45.0,2.8,Regular,31.0,2,Good,True,True,High,Low,Low,Regular,Anxiety/stress-related concerns,88.4,100.0,82.5,99.7,100.0,100.0,93.9,Excellent (Svastha)
HS-OBS-0236,Empirical Lifestyle Survey (Academic Observational Cohort),39,Other,170.7,72.0,24.7,Normal,Student,6.5,22.75,5.25,10:45 PM,05:15 AM,Good,9.7,6.2,31.0,1.8,Irregular,27.0,5,Neutral,True,True,High,Low,Low,Irregular,None,80.2,75.2,58.5,64.8,43.0,100.0,72.5,Good (Prasanna)
HS-OBS-0237,Empirical Lifestyle Survey (Academic Observational Cohort),20,Female,154.2,51.9,21.8,Normal,Working Professional (IT/Corporate),6.0,1.5,7.5,01:30 AM,07:30 AM,Poor,9.1,13.1,6.0,1.0,Irregular,0.0,10,Low,False,False,Low,Medium,High,Irregular,None,64.6,5.0,16.9,50.0,28.0,17.0,29.9,Needs Attention (Hina Vihara)
HS-OBS-0238,Empirical Lifestyle Survey (Academic Observational Cohort),23,Female,158.8,65.3,25.9,Overweight,Student,5.5,2.5,8.0,02:30 AM,08:00 AM,Moderate,12.2,12.9,7.0,1.2,Irregular,2.0,9,Low,False,False,Low,High,High,Irregular,None,59.9,5.0,24.4,51.2,20.4,10.0,28.3,Needs Attention (Hina Vihara)
HS-OBS-0239,Empirical Lifestyle Survey (Academic Observational Cohort),23,Male,167.8,68.6,24.4,Normal,Working Professional (IT/Corporate),6.3,23.0,5.3,11:00 PM,05:18 AM,Good,8.8,6.2,19.0,2.5,Irregular,11.0,8,Neutral,True,True,Medium,Low,Medium,Regular,None,77.1,40.6,36.0,99.7,63.0,80.0,63.4,Moderate (Madhyama)
HS-OBS-0240,Empirical Lifestyle Survey (Academic Observational Cohort),20,Male,168.0,55.8,19.8,Normal,Student,6.7,22.75,5.45,10:45 PM,05:27 AM,Good,7.9,3.6,24.0,2.0,Irregular,16.0,5,Good,False,True,High,Medium,Medium,Irregular,None,83.3,53.3,58.2,99.1,60.0,80.0,71.1,Good (Prasanna)
HS-OBS-0241,Empirical Lifestyle Survey (Academic Observational Cohort),24,Male,175.1,67.9,22.1,Normal,Homemaker,6.1,0.0,6.1,12:00 AM,06:06 AM,Moderate,11.3,10.0,6.0,2.4,Irregular,25.0,5,Neutral,True,True,High,High,Medium,Irregular,Digestive problems,70.1,26.3,58.5,99.9,42.1,60.0,57.7,Moderate (Madhyama)
HS-OBS-0242,Empirical Lifestyle Survey (Academic Observational Cohort),27,Male,184.0,78.5,23.2,Normal,Student,4.4,1.5,5.9,01:30 AM,05:54 AM,Poor,12.0,10.5,14.0,1.6,Irregular,12.0,7,Neutral,False,False,Low,Medium,High,Irregular,Diabetes,40.0,23.8,41.7,55.9,34.0,17.0,34.2,Needs Attention (Hina Vihara)
HS-OBS-0243,Empirical Lifestyle Survey (Academic Observational Cohort),39,Male,181.6,75.6,22.9,Normal,Educator / Academic,7.1,22.75,5.85,10:45 PM,05:51 AM,Moderate,5.9,6.6,42.0,3.1,Regular,25.0,4,Neutral,True,True,High,Medium,Medium,Regular,Thyroid disorder,85.5,90.3,66.0,99.6,93.0,80.0,83.8,Good (Prasanna)
HS-OBS-0244,Empirical Lifestyle Survey (Academic Observational Cohort),33,Male,167.4,65.7,23.4,Normal,Student,6.2,1.0,7.2,01:00 AM,07:12 AM,Poor,9.1,6.9,20.0,1.7,Irregular,25.0,4,Neutral,True,True,Medium,Medium,Medium,Regular,Thyroid disorder,68.7,56.1,66.0,68.9,56.0,65.0,63.7,Moderate (Madhyama)
HS-OBS-0245,Empirical Lifestyle Survey (Academic Observational Cohort),45,Female,170.0,57.5,19.9,Normal,Educator / Academic,7.5,23.5,7.0,11:30 PM,07:00 AM,Moderate,7.3,6.2,39.0,1.8,Irregular,24.0,4,Good,True,True,Low,Medium,Medium,Irregular,None,85.5,84.7,67.5,77.0,46.0,50.0,69.8,Moderate (Madhyama)
HS-OBS-0246,Empirical Lifestyle Survey (Academic Observational Cohort),20,Female,157.2,62.6,25.3,Overweight,Student,4.5,1.0,5.5,01:00 AM,05:30 AM,Poor,11.4,13.0,5.0,1.6,Irregular,11.0,9,Low,False,False,Low,Medium,High,Irregular,Asthma,42.5,5.0,24.4,71.7,33.8,17.0,29.4,Needs Attention (Hina Vihara)
HS-OBS-0247,Empirical Lifestyle Survey (Academic Observational Cohort),30,Female,166.3,66.8,24.2,Normal,Freelancer / Creative,5.5,0.0,5.5,12:00 AM,05:30 AM,Poor,10.1,9.2,13.0,2.3,Regular,18.0,6,Good,True,False,Medium,Medium,High,Irregular,Thyroid disorder,57.9,33.4,52.5,99.3,75.7,32.0,54.0,Needs Attention (Hina Vihara)
HS-OBS-0248,Empirical Lifestyle Survey (Academic Observational Cohort),28,Female,175.7,72.9,23.6,Normal,Freelancer / Creative,4.0,2.5,6.5,02:30 AM,06:30 AM,Poor,10.7,11.4,8.0,0.9,Irregular,19.0,9,Neutral,False,False,Low,Medium,Medium,Irregular,None,33.8,17.8,26.7,34.4,39.9,30.0,29.6,Needs Attention (Hina Vihara)
HS-OBS-0249,Empirical Lifestyle Survey (Academic Observational Cohort),25,Male,185.2,97.7,28.5,Overweight,Student,5.7,0.5,6.2,12:30 AM,06:12 AM,Moderate,8.0,9.1,17.0,2.9,Irregular,18.0,4,Low,True,False,Medium,High,High,Regular,None,64.0,40.0,63.8,81.4,77.0,12.0,53.6,Needs Attention (Hina Vihara)
HS-OBS-0250,Empirical Lifestyle Survey (Academic Observational Cohort),31,Female,158.0,54.5,21.8,Normal,Working Professional (IT/Corporate),8.0,22.5,6.5,10:30 PM,06:30 AM,Good,6.2,7.0,32.0,2.2,Regular,23.0,5,Good,False,False,High,Low,Low,Regular,None,88.4,72.8,58.2,99.9,93.0,80.0,79.7,Good (Prasanna)
HS-OBS-0251,Empirical Lifestyle Survey (Academic Observational Cohort),26,Male,180.3,81.8,25.2,Overweight,Working Professional (IT/Corporate),4.6,0.5,5.1,12:30 AM,05:06 AM,Poor,8.2,8.3,25.0,0.9,Irregular,17.0,7,Neutral,False,False,Low,High,High,Irregular,Asthma,44.0,54.7,41.7,29.3,53.0,10.0,39.0,Needs Attention (Hina Vihara)
HS-OBS-0252,Empirical Lifestyle Survey (Academic Observational Cohort),39,Female,165.2,60.9,22.3,Normal,Healthcare Worker,7.5,22.0,5.5,10:00 PM,05:30 AM,Good,7.0,4.6,51.0,2.2,Regular,25.0,2,Neutral,True,True,High,Low,Low,Regular,Anxiety/stress-related concerns,88.4,95.0,81.0,86.1,100.0,100.0,91.4,Excellent (Svastha)
HS-OBS-0253,Empirical Lifestyle Survey (Academic Observational Cohort),31,Male,193.4,91.3,24.4,Normal,Student,6.0,1.0,7.0,01:00 AM,07:00 AM,Moderate,10.2,8.5,27.0,3.2,Irregular,23.0,5,Low,True,True,Medium,Medium,High,Irregular,None,68.6,63.0,56.2,99.2,44.4,52.0,62.3,Moderate (Madhyama)
HS-OBS-0254,Empirical Lifestyle Survey (Academic Observational Cohort),35,Female,156.6,59.7,24.3,Normal,Student,6.5,23.0,5.5,11:00 PM,05:30 AM,Moderate,7.4,5.4,47.0,1.8,Regular,35.0,5,Good,True,True,Medium,Medium,Medium,Regular,None,77.8,100.0,60.0,72.5,100.0,65.0,78.1,Good (Prasanna)
HS-OBS-0255,Empirical Lifestyle Survey (Academic Observational Cohort),26,Female,154.7,53.8,22.5,Normal,Self-Employed / Business,6.9,22.75,5.65,10:45 PM,05:39 AM,Good,10.5,6.4,20.0,2.3,Regular,20.0,7,Good,False,True,Medium,Low,Medium,Regular,None,86.4,51.1,43.2,98.5,89.0,80.0,71.8,Good (Prasanna)
HS-OBS-0256,Empirical Lifestyle Survey (Academic Observational Cohort),19,Female,151.1,62.8,27.5,Overweight,Working Professional (IT/Corporate),6.6,23.0,5.6,11:00 PM,05:36 AM,Good,7.5,8.6,5.0,2.0,Irregular,18.0,7,Good,True,True,Low,Low,High,Irregular,Migraine,81.7,23.4,45.0,89.3,59.5,52.0,56.6,Moderate (Madhyama)
HS-OBS-0257,Empirical Lifestyle Survey (Academic Observational Cohort),24,Male,174.6,64.6,21.2,Normal,Self-Employed / Business,7.3,23.0,6.3,11:00 PM,06:18 AM,Moderate,6.7,5.2,23.0,2.6,Irregular,33.0,4,Good,True,False,High,Low,Medium,Regular,Anxiety/stress-related concerns,85.5,65.8,67.5,99.2,80.0,75.0,77.2,Good (Prasanna)
HS-OBS-0258,Empirical Lifestyle Survey (Academic Observational Cohort),36,Male,164.6,56.2,20.7,Normal,Working Professional (IT/Corporate),7.6,22.5,6.1,10:30 PM,06:06 AM,Moderate,9.5,2.9,65.0,2.2,Regular,46.0,4,Good,True,True,High,Low,Low,Regular,None,86.0,100.0,67.5,87.7,90.0,100.0,88.0,Excellent (Svastha)
HS-OBS-0259,Empirical Lifestyle Survey (Academic Observational Cohort),25,Female,164.3,68.5,25.4,Overweight,Freelancer / Creative,6.1,1.5,7.6,01:30 AM,07:36 AM,Moderate,12.2,8.7,0.0,1.1,Irregular,9.0,8,Low,False,False,Low,Medium,Medium,Irregular,None,69.1,6.2,31.9,45.9,34.4,30.0,36.8,Needs Attention (Hina Vihara)
HS-OBS-0260,Empirical Lifestyle Survey (Academic Observational Cohort),41,Female,159.3,58.1,22.9,Normal,Working Professional (IT/Corporate),7.1,22.75,5.85,10:45 PM,05:51 AM,Good,9.2,3.0,28.0,2.5,Regular,28.0,4,Neutral,False,True,Medium,Low,Low,Regular,Digestive problems,87.9,71.6,64.2,98.7,90.0,85.0,81.0,Good (Prasanna)
HS-OBS-0261,Empirical Lifestyle Survey (Academic Observational Cohort),18,Male,178.0,77.3,24.4,Normal,Working Professional (IT/Corporate),4.1,0.5,4.6,12:30 AM,04:36 AM,Poor,9.1,9.6,5.0,1.8,Irregular,0.0,10,Low,False,False,Low,High,High,Irregular,None,36.3,5.0,16.9,65.5,44.5,10.0,26.0,Needs Attention (Hina Vihara)
HS-OBS-0262,Empirical Lifestyle Survey (Academic Observational Cohort),34,Male,166.6,63.8,23.0,Normal,Student,6.3,23.5,5.8,11:30 PM,05:48 AM,Moderate,9.7,8.8,13.0,2.1,Irregular,19.0,8,Good,False,True,High,Medium,Medium,Irregular,Hypertension,74.7,36.0,35.7,89.7,48.5,80.0,59.2,Moderate (Madhyama)
HS-OBS-0263,Empirical Lifestyle Survey (Academic Observational Cohort),41,Male,179.1,69.6,21.7,Normal,Healthcare Worker,8.3,21.75,6.05,09:45 PM,06:03 AM,Good,7.7,3.2,64.0,2.4,Regular,44.0,2,Good,True,True,High,Low,Low,Regular,Hypertension,88.4,100.0,82.5,80.8,100.0,100.0,92.0,Excellent (Svastha)
HS-OBS-0264,Empirical Lifestyle Survey (Academic Observational Cohort),38,Male,177.0,68.9,22.0,Normal,Healthcare Worker,7.8,22.25,6.05,10:15 PM,06:03 AM,Good,9.2,5.5,52.0,2.2,Regular,46.0,3,Good,True,True,High,Low,Low,Regular,None,88.4,100.0,75.0,77.3,90.0,100.0,89.0,Excellent (Svastha)
HS-OBS-0265,Empirical Lifestyle Survey (Academic Observational Cohort),45,Male,172.6,63.7,21.4,Normal,Educator / Academic,6.7,23.25,5.95,11:15 PM,05:57 AM,Moderate,6.5,4.6,31.0,2.2,Irregular,15.0,6,Neutral,True,True,Medium,Low,Low,Irregular,None,80.9,63.2,51.0,88.4,60.0,85.0,70.7,Good (Prasanna)
HS-OBS-0266,Empirical Lifestyle Survey (Academic Observational Cohort),25,Male,183.9,83.8,24.8,Normal,Self-Employed / Business,7.7,22.75,6.45,10:45 PM,06:27 AM,Good,7.1,7.1,22.0,3.0,Regular,35.0,5,Neutral,False,True,High,Low,Medium,Regular,None,87.9,64.2,56.7,99.5,93.0,95.0,80.4,Good (Prasanna)
HS-OBS-0267,Empirical Lifestyle Survey (Academic Observational Cohort),21,Female,156.8,60.1,24.4,Normal,Self-Employed / Business,5.5,0.0,5.5,12:00 AM,05:30 AM,Moderate,9.5,5.1,32.0,2.1,Regular,8.0,7,Neutral,False,False,Low,Medium,Medium,Irregular,Asthma,60.9,57.8,41.7,88.6,70.0,30.0,54.8,Needs Attention (Hina Vihara)
HS-OBS-0268,Empirical Lifestyle Survey (Academic Observational Cohort),21,Male,177.8,84.3,26.7,Overweight,Working Professional (IT/Corporate),4.7,1.0,5.7,01:00 AM,05:42 AM,Poor,8.4,7.0,13.0,1.4,Irregular,1.0,8,Low,False,False,Low,High,High,Irregular,None,45.6,21.2,31.9,45.8,53.0,10.0,33.0,Needs Attention (Hina Vihara)
HS-OBS-0269,Empirical Lifestyle Survey (Academic Observational Cohort),27,Male,172.0,74.5,25.2,Overweight,Working Professional (IT/Corporate),5.7,0.5,6.2,12:30 AM,06:12 AM,Poor,10.8,10.6,14.0,1.7,Irregular,1.0,9,Neutral,False,False,Low,High,Medium,Irregular,Anxiety/stress-related concerns,61.0,12.4,26.7,62.4,43.1,10.0,34.2,Needs Attention (Hina Vihara)
HS-OBS-0270,Empirical Lifestyle Survey (Academic Observational Cohort),24,Female,160.6,59.1,22.9,Normal,Working Professional (IT/Corporate),7.0,22.75,5.75,10:45 PM,05:45 AM,Good,8.5,7.9,48.0,2.3,Irregular,15.0,6,Neutral,False,True,Medium,Low,Medium,Regular,Anxiety/stress-related concerns,87.9,85.0,49.2,99.1,73.0,80.0,77.5,Good (Prasanna)
HS-OBS-0271,Empirical Lifestyle Survey (Academic Observational Cohort),32,Female,168.3,78.8,27.8,Overweight,Student,7.1,23.0,6.1,11:00 PM,06:06 AM,Poor,9.2,9.5,24.0,2.2,Regular,18.0,8,Good,False,True,Low,Low,Medium,Irregular,Hypertension,82.5,49.3,35.7,74.4,65.0,65.0,61.1,Moderate (Madhyama)
HS-OBS-0272,Empirical Lifestyle Survey (Academic Observational Cohort),21,Male,184.0,92.3,27.3,Overweight,Working Professional (IT/Corporate),4.0,1.5,5.5,01:30 AM,05:30 AM,Poor,10.9,7.0,15.0,1.2,Irregular,15.0,9,Neutral,False,False,Low,High,Medium,Irregular,None,33.8,38.3,26.7,35.8,45.8,10.0,30.5,Needs Attention (Hina Vihara)
HS-OBS-0273,Empirical Lifestyle Survey (Academic Observational Cohort),46,Female,159.1,51.8,20.5,Normal,Student,8.0,23.0,7.0,11:00 PM,07:00 AM,Good,10.5,5.8,47.0,1.8,Regular,39.0,4,Good,False,True,Medium,Medium,Medium,Regular,Migraine,87.9,100.0,65.7,81.6,89.0,65.0,81.0,Good (Prasanna)
HS-OBS-0274,Empirical Lifestyle Survey (Academic Observational Cohort),29,Male,185.0,93.8,27.4,Overweight,Student,4.4,0.5,4.9,12:30 AM,04:54 AM,Poor,13.8,8.9,7.0,2.0,Irregular,12.0,9,Low,False,False,Low,Medium,High,Irregular,None,41.0,19.3,24.4,59.9,38.0,17.0,31.0,Needs Attention (Hina Vihara)
HS-OBS-0275,Empirical Lifestyle Survey (Academic Observational Cohort),32,Female,164.7,62.7,23.1,Normal,Student,6.7,23.5,6.2,11:30 PM,06:12 AM,Good,6.0,7.1,25.0,2.1,Regular,9.0,6,Neutral,False,True,Medium,Medium,Low,Irregular,Anxiety/stress-related concerns,83.3,47.9,49.2,87.4,73.0,70.0,66.9,Moderate (Madhyama)
HS-OBS-0276,Empirical Lifestyle Survey (Academic Observational Cohort),31,Female,171.1,71.4,24.4,Normal,Healthcare Worker,5.0,1.5,6.5,01:30 AM,06:30 AM,Moderate,10.1,9.1,12.0,0.9,Irregular,5.0,9,Low,False,False,Low,High,High,Irregular,Migraine,52.2,19.3,24.4,34.6,56.2,10.0,31.8,Needs Attention (Hina Vihara)
HS-OBS-0277,Empirical Lifestyle Survey (Academic Observational Cohort),41,Female,157.3,57.3,23.2,Normal,Healthcare Worker,7.3,22.0,5.3,10:00 PM,05:18 AM,Good,7.5,5.2,50.0,2.2,Regular,42.0,2,Good,True,True,High,Low,Low,Regular,Digestive problems,88.4,100.0,82.5,98.9,100.0,100.0,93.8,Excellent (Svastha)
HS-OBS-0278,Empirical Lifestyle Survey (Academic Observational Cohort),28,Male,169.1,65.9,23.0,Normal,Healthcare Worker,5.5,23.5,5.0,11:30 PM,05:00 AM,Good,8.1,7.1,19.0,1.9,Irregular,16.0,7,Neutral,True,False,Medium,High,Medium,Regular,Anxiety/stress-related concerns,64.8,45.6,43.5,77.1,73.0,25.0,52.1,Needs Attention (Hina Vihara)
HS-OBS-0279,Empirical Lifestyle Survey (Academic Observational Cohort),36,Female,158.2,50.3,20.1,Normal,Freelancer / Creative,5.5,23.5,5.0,11:30 PM,05:00 AM,Moderate,8.1,7.0,13.0,1.4,Irregular,8.0,6,Neutral,False,True,Medium,High,Medium,Irregular,None,62.4,28.2,49.2,70.0,53.0,45.0,50.1,Needs Attention (Hina Vihara)
HS-OBS-0280,Empirical Lifestyle Survey (Academic Observational Cohort),34,Female,158.8,55.5,22.0,Normal,Student,5.6,23.5,5.1,11:30 PM,05:06 AM,Good,8.8,6.1,29.0,1.5,Regular,8.0,7,Neutral,False,True,Medium,High,High,Irregular,Diabetes,66.3,53.1,41.7,68.7,63.0,32.0,52.7,Needs Attention (Hina Vihara)
HS-OBS-0281,Empirical Lifestyle Survey (Academic Observational Cohort),33,Male,191.5,89.4,24.4,Normal,Working Professional (IT/Corporate),6.5,22.5,5.0,10:30 PM,05:00 AM,Moderate,7.9,3.1,34.0,3.5,Regular,18.0,4,Neutral,True,True,High,Low,Medium,Regular,None,78.3,70.9,66.0,99.7,100.0,95.0,82.3,Good (Prasanna)
HS-OBS-0282,Empirical Lifestyle Survey (Academic Observational Cohort),29,Female,158.3,68.1,27.2,Overweight,Self-Employed / Business,6.0,23.5,5.5,11:30 PM,05:30 AM,Moderate,11.5,9.1,28.0,2.2,Regular,21.0,4,Neutral,False,False,Low,Medium,High,Regular,None,70.1,60.2,64.2,84.1,85.0,17.0,60.8,Moderate (Madhyama)
HS-OBS-0283,Empirical Lifestyle Survey (Academic Observational Cohort),28,Female,166.9,63.7,22.9,Normal,Healthcare Worker,5.5,0.0,5.5,12:00 AM,05:30 AM,Moderate,8.7,10.7,37.0,2.4,Regular,18.0,6,Good,False,True,Low,Medium,High,Irregular,None,60.9,64.8,50.7,99.3,59.0,37.0,58.9,Moderate (Madhyama)
HS-OBS-0284,Empirical Lifestyle Survey (Academic Observational Cohort),22,Female,156.6,60.7,24.8,Normal,Working Professional (IT/Corporate),7.5,21.5,5.0,09:30 PM,05:00 AM,Good,6.9,3.8,69.0,2.9,Regular,51.0,2,Good,True,True,High,Low,Low,Regular,Digestive problems,88.4,100.0,82.5,99.1,100.0,100.0,93.9,Excellent (Svastha)
HS-OBS-0285,Empirical Lifestyle Survey (Academic Observational Cohort),34,Female,153.2,62.3,26.5,Overweight,Working Professional (IT/Corporate),6.5,22.75,5.25,10:45 PM,05:15 AM,Moderate,8.3,4.2,28.0,1.9,Regular,18.0,4,Good,True,True,Low,Medium,Medium,Regular,None,77.8,61.6,67.5,78.7,100.0,50.0,70.6,Good (Prasanna)
HS-OBS-0286,Empirical Lifestyle Survey (Academic Observational Cohort),26,Female,166.8,56.6,20.3,Normal,Working Professional (IT/Corporate),6.5,23.5,6.0,11:30 PM,06:00 AM,Poor,10.6,6.7,13.0,2.3,Irregular,16.0,6,Neutral,False,True,Medium,Medium,Medium,Regular,Digestive problems,74.8,36.2,49.2,98.7,68.2,65.0,62.6,Moderate (Madhyama)
HS-OBS-0287,Empirical Lifestyle Survey (Academic Observational Cohort),31,Male,177.1,58.8,18.7,Normal,Student,7.9,22.25,6.15,10:15 PM,06:09 AM,Good,7.7,3.8,42.0,2.3,Regular,31.0,4,Good,True,True,High,Low,Low,Regular,None,88.4,95.3,67.5,99.4,100.0,100.0,90.0,Excellent (Svastha)
HS-OBS-0288,Empirical Lifestyle Survey (Academic Observational Cohort),25,Male,177.0,57.3,18.3,Underweight,Student,5.8,0.5,6.3,12:30 AM,06:18 AM,Moderate,8.8,6.0,11.0,1.9,Irregular,13.0,6,Neutral,False,True,Medium,Low,High,Irregular,None,65.5,30.1,49.2,98.8,50.0,67.0,57.6,Moderate (Madhyama)
HS-OBS-0289,Empirical Lifestyle Survey (Academic Observational Cohort),19,Female,149.7,48.3,21.6,Normal,Homemaker,6.7,23.5,6.2,11:30 PM,06:12 AM,Moderate,6.0,6.7,16.0,1.4,Regular,29.0,7,Neutral,False,False,Medium,Medium,Medium,Irregular,Migraine,80.9,53.9,41.7,70.0,73.0,45.0,59.7,Moderate (Madhyama)
HS-OBS-0290,Empirical Lifestyle Survey (Academic Observational Cohort),25,Female,149.6,61.2,27.3,Overweight,Self-Employed / Business,5.3,0.5,5.8,12:30 AM,05:48 AM,Poor,11.1,14.5,0.0,1.3,Irregular,20.0,9,Low,False,False,Low,High,High,Irregular,Digestive problems,54.8,5.0,24.4,60.7,36.2,10.0,30.1,Needs Attention (Hina Vihara)
HS-OBS-0291,Empirical Lifestyle Survey (Academic Observational Cohort),29,Male,171.2,64.7,22.1,Normal,Working Professional (IT/Corporate),6.6,0.0,6.6,12:00 AM,06:36 AM,Poor,6.5,9.0,17.0,1.7,Regular,9.0,8,Good,True,True,Low,Medium,High,Regular,Anxiety/stress-related concerns,74.8,31.4,37.5,70.7,90.5,37.0,54.2,Needs Attention (Hina Vihara)
HS-OBS-0292,Empirical Lifestyle Survey (Academic Observational Cohort),27,Male,176.3,67.4,21.7,Normal,Healthcare Worker,7.6,23.5,7.1,11:30 PM,07:06 AM,Good,9.0,8.5,33.0,2.4,Regular,33.0,6,Neutral,True,False,High,Medium,Low,Regular,Asthma,87.9,79.3,51.0,98.9,76.0,65.0,74.5,Good (Prasanna)
HS-OBS-0293,Empirical Lifestyle Survey (Academic Observational Cohort),30,Female,166.3,56.8,20.5,Normal,Educator / Academic,7.6,21.75,5.35,09:45 PM,05:21 AM,Good,7.3,4.5,49.0,2.6,Regular,40.0,3,Good,True,True,High,Low,Low,Regular,None,88.4,100.0,75.0,98.9,100.0,100.0,92.3,Excellent (Svastha)
HS-OBS-0294,Empirical Lifestyle Survey (Academic Observational Cohort),27,Female,159.4,59.4,23.4,Normal,Student,5.9,1.0,6.9,01:00 AM,06:54 AM,Poor,11.8,12.9,5.0,0.9,Irregular,9.0,8,Low,False,False,Low,High,High,Irregular,None,64.1,5.0,31.9,42.4,23.6,10.0,30.3,Needs Attention (Hina Vihara)
HS-OBS-0295,Empirical Lifestyle Survey (Academic Observational Cohort),43,Male,171.0,67.6,23.1,Normal,Educator / Academic,7.5,21.75,5.25,09:45 PM,05:15 AM,Good,7.6,2.8,51.0,2.4,Regular,25.0,1,Good,True,True,High,Low,Low,Regular,Asthma,88.4,95.0,90.0,86.0,100.0,100.0,93.1,Excellent (Svastha)
HS-OBS-0296,Empirical Lifestyle Survey (Academic Observational Cohort),41,Female,166.5,66.9,24.1,Normal,Working Professional (IT/Corporate),8.0,23.0,7.0,11:00 PM,07:00 AM,Good,6.7,8.4,46.0,2.8,Regular,24.0,3,Neutral,True,True,High,Low,Medium,Regular,Migraine,87.9,92.4,73.5,99.7,86.0,95.0,88.1,Excellent (Svastha)
HS-OBS-0297,Empirical Lifestyle Survey (Academic Observational Cohort),21,Female,158.5,60.9,24.2,Normal,Working Professional (IT/Corporate),4.3,1.5,5.8,01:30 AM,05:48 AM,Poor,12.4,9.5,13.0,0.9,Irregular,7.0,9,Low,False,False,Low,High,High,Irregular,Digestive problems,38.4,21.2,24.4,40.2,35.8,10.0,27.3,Needs Attention (Hina Vihara)
HS-OBS-0298,Empirical Lifestyle Survey (Academic Observational Cohort),20,Male,173.6,54.5,18.1,Underweight,Working Professional (IT/Corporate),8.5,22.5,7.0,10:30 PM,07:00 AM,Good,8.3,4.3,63.0,2.2,Regular,31.0,3,Good,True,True,High,Low,Low,Regular,Digestive problems,88.4,100.0,75.0,98.8,93.0,100.0,91.5,Excellent (Svastha)
HS-OBS-0299,Empirical Lifestyle Survey (Academic Observational Cohort),38,Female,169.4,65.3,22.8,Normal,Homemaker,7.7,22.25,5.95,10:15 PM,05:57 AM,Good,5.2,3.0,49.0,2.2,Regular,39.0,4,Good,True,True,High,Low,Low,Regular,Anxiety/stress-related concerns,88.4,100.0,67.5,81.7,100.0,100.0,89.1,Excellent (Svastha)
HS-OBS-0300,Empirical Lifestyle Survey (Academic Observational Cohort),30,Female,165.5,70.3,25.7,Overweight,Working Professional (IT/Corporate),4.9,1.5,6.4,01:30 AM,06:24 AM,Poor,8.5,10.2,12.0,1.5,Irregular,3.0,8,Neutral,False,False,Low,Medium,High,Irregular,None,47.7,12.9,34.2,58.6,51.5,17.0,34.8,Needs Attention (Hina Vihara)
HS-OBS-0301,Empirical Lifestyle Survey (Academic Observational Cohort),18,Female,157.0,60.4,24.5,Normal,Working Professional (IT/Corporate),6.5,1.5,8.0,01:30 AM,08:00 AM,Poor,11.2,7.3,14.0,1.8,Irregular,1.0,8,Low,False,False,Low,High,Medium,Irregular,None,72.3,22.8,31.9,80.7,36.4,10.0,40.6,Needs Attention (Hina Vihara)
HS-OBS-0302,Empirical Lifestyle Survey (Academic Observational Cohort),31,Male,182.6,67.6,20.3,Normal,Homemaker,6.5,23.25,5.75,11:15 PM,05:45 AM,Good,7.2,7.4,20.0,2.2,Regular,15.0,5,Low,False,True,Medium,Low,Medium,Regular,Digestive problems,80.2,46.1,54.5,86.9,93.0,80.0,71.1,Good (Prasanna)
HS-OBS-0303,Empirical Lifestyle Survey (Academic Observational Cohort),29,Male,171.0,73.0,25.0,Overweight,Self-Employed / Business,6.0,1.5,7.5,01:30 AM,07:30 AM,Poor,7.0,9.2,12.0,1.2,Irregular,13.0,8,Neutral,False,False,Low,High,High,Irregular,Anxiety/stress-related concerns,64.6,26.9,34.2,45.2,49.5,10.0,38.2,Needs Attention (Hina Vihara)
HS-OBS-0304,Empirical Lifestyle Survey (Academic Observational Cohort),18,Male,169.7,78.1,27.1,Overweight,Homemaker,4.3,1.5,5.8,01:30 AM,05:48 AM,Poor,10.3,10.9,7.0,1.0,Irregular,11.0,8,Low,False,False,Low,High,High,Irregular,None,38.4,10.3,31.9,35.8,45.6,10.0,27.5,Needs Attention (Hina Vihara)
HS-OBS-0305,Empirical Lifestyle Survey (Academic Observational Cohort),34,Male,175.0,67.5,22.0,Normal,Working Professional (IT/Corporate),6.5,0.5,7.0,12:30 AM,07:00 AM,Poor,9.9,4.5,36.0,2.2,Irregular,15.0,8,Neutral,False,False,Low,Medium,Medium,Regular,Digestive problems,73.3,71.0,34.2,82.6,63.0,30.0,57.0,Moderate (Madhyama)
HS-OBS-0306,Empirical Lifestyle Survey (Academic Observational Cohort),21,Female,157.9,55.6,22.3,Normal,Working Professional (IT/Corporate),6.6,23.25,5.85,11:15 PM,05:51 AM,Good,10.4,4.5,28.0,1.8,Regular,28.0,4,Good,False,True,High,Low,Medium,Irregular,Digestive problems,81.7,71.6,65.7,82.6,76.8,95.0,78.6,Good (Prasanna)
HS-OBS-0307,Empirical Lifestyle Survey (Academic Observational Cohort),32,Female,160.1,58.4,22.8,Normal,Educator / Academic,5.9,0.5,6.4,12:30 AM,06:24 AM,Moderate,6.5,8.2,43.0,1.9,Irregular,18.0,7,Good,False,True,High,Low,Medium,Regular,None,67.1,84.1,43.2,79.1,73.0,95.0,72.3,Good (Prasanna)
HS-OBS-0308,Empirical Lifestyle Survey (Academic Observational Cohort),21,Male,185.1,82.2,24.0,Normal,Self-Employed / Business,7.5,0.5,8.0,12:30 AM,08:00 AM,Poor,7.7,10.9,31.0,2.6,Irregular,22.0,6,Good,False,False,Low,High,High,Regular,None,81.0,58.6,50.7,82.9,61.0,10.0,55.9,Moderate (Madhyama)
HS-OBS-0309,Empirical Lifestyle Survey (Academic Observational Cohort),38,Female,162.8,48.4,18.3,Underweight,Student,5.5,0.0,5.5,12:00 AM,05:30 AM,Moderate,8.5,8.2,21.0,1.4,Irregular,28.0,6,Neutral,False,True,Low,Medium,Medium,Regular,None,60.9,59.9,49.2,70.0,73.0,50.0,58.8,Moderate (Madhyama)
HS-OBS-0310,Empirical Lifestyle Survey (Academic Observational Cohort),20,Female,166.4,63.1,22.8,Normal,Homemaker,7.4,23.0,6.4,11:00 PM,06:24 AM,Good,6.8,7.7,48.0,2.2,Regular,32.0,5,Good,True,True,High,Low,Low,Regular,None,87.9,100.0,60.0,84.3,93.0,100.0,86.9,Excellent (Svastha)
HS-OBS-0311,Empirical Lifestyle Survey (Academic Observational Cohort),26,Male,179.6,89.1,27.6,Overweight,Student,7.7,22.75,6.45,10:45 PM,06:27 AM,Good,7.0,6.3,20.0,3.3,Irregular,32.0,2,Good,True,True,High,Low,Medium,Irregular,None,87.9,61.1,82.5,99.9,53.0,95.0,80.3,Good (Prasanna)
HS-OBS-0312,Empirical Lifestyle Survey (Academic Observational Cohort),21,Female,160.4,57.3,22.3,Normal,Homemaker,5.5,0.0,5.5,12:00 AM,05:30 AM,Good,9.4,8.1,20.0,2.2,Irregular,12.0,8,Low,False,True,High,Low,Medium,Regular,Thyroid disorder,63.3,42.7,31.9,99.8,63.0,95.0,62.6,Moderate (Madhyama)
HS-OBS-0313,Empirical Lifestyle Survey (Academic Observational Cohort),22,Female,158.4,66.9,26.7,Overweight,Working Professional (IT/Corporate),4.8,1.0,5.8,01:00 AM,05:48 AM,Poor,9.9,11.5,0.0,1.4,Irregular,18.0,8,Neutral,False,False,Low,High,High,Irregular,Thyroid disorder,47.1,5.0,34.2,59.8,35.0,10.0,30.1,Needs Attention (Hina Vihara)
HS-OBS-0314,Empirical Lifestyle Survey (Academic Observational Cohort),31,Male,173.8,57.9,19.2,Normal,Healthcare Worker,8.0,22.5,6.5,10:30 PM,06:30 AM,Good,8.1,6.5,46.0,2.2,Regular,16.0,4,Neutral,False,False,Medium,Low,Low,Irregular,Digestive problems,88.4,86.0,64.2,98.9,73.0,65.0,78.1,Good (Prasanna)
HS-OBS-0315,Empirical Lifestyle Survey (Academic Observational Cohort),35,Male,160.2,59.7,23.3,Normal,Educator / Academic,5.8,23.5,5.3,11:30 PM,05:18 AM,Moderate,9.4,8.4,14.0,1.7,Regular,12.0,5,Neutral,True,True,Low,High,High,Regular,None,67.0,32.2,58.5,77.1,83.0,17.0,53.0,Needs Attention (Hina Vihara)
HS-OBS-0316,Empirical Lifestyle Survey (Academic Observational Cohort),35,Female,159.9,42.0,16.4,Underweight,Student,6.0,0.0,6.0,12:00 AM,06:00 AM,Moderate,7.2,4.7,7.0,1.9,Irregular,19.0,7,Good,False,False,Low,High,Medium,Regular,Digestive problems,68.6,29.9,43.2,99.4,80.0,10.0,50.5,Needs Attention (Hina Vihara)
HS-OBS-0317,Empirical Lifestyle Survey (Academic Observational Cohort),27,Female,164.6,59.3,21.9,Normal,Educator / Academic,6.7,22.75,5.45,10:45 PM,05:27 AM,Good,6.4,3.2,30.0,2.0,Regular,28.0,4,Neutral,True,True,Medium,Low,Medium,Irregular,None,83.3,74.7,66.0,86.0,80.0,80.0,77.6,Good (Prasanna)
HS-OBS-0318,Empirical Lifestyle Survey (Academic Observational Cohort),23,Male,178.0,64.0,20.2,Normal,Educator / Academic,6.9,0.5,7.4,12:30 AM,07:24 AM,Moderate,7.3,6.2,5.0,2.4,Irregular,14.0,7,Low,False,False,Medium,Medium,High,Irregular,None,82.5,21.8,39.5,99.4,46.0,32.0,51.2,Needs Attention (Hina Vihara)
HS-OBS-0319,Empirical Lifestyle Survey (Academic Observational Cohort),36,Male,177.4,65.3,20.7,Normal,Working Professional (IT/Corporate),6.0,0.0,6.0,12:00 AM,06:00 AM,Good,7.6,10.0,8.0,2.4,Irregular,25.0,9,Neutral,True,True,Low,Medium,Medium,Irregular,Migraine,71.0,29.4,28.5,99.7,52.5,50.0,51.9,Needs Attention (Hina Vihara)
HS-OBS-0320,Empirical Lifestyle Survey (Academic Observational Cohort),22,Other,171.3,84.2,28.7,Overweight,Working Professional (IT/Corporate),4.6,1.5,6.1,01:30 AM,06:06 AM,Poor,7.4,7.0,16.0,1.3,Irregular,0.0,9,Low,False,False,Low,High,High,Irregular,None,43.0,24.9,24.4,42.2,53.0,10.0,31.2,Needs Attention (Hina Vihara)
HS-OBS-0321,Empirical Lifestyle Survey (Academic Observational Cohort),33,Female,164.5,63.7,23.5,Normal,Educator / Academic,7.9,22.5,6.4,10:30 PM,06:24 AM,Good,6.7,4.8,26.0,2.6,Regular,34.0,5,Neutral,True,True,High,Low,Low,Regular,None,88.4,70.4,58.5,99.2,100.0,100.0,83.7,Good (Prasanna)
HS-OBS-0322,Empirical Lifestyle Survey (Academic Observational Cohort),40,Female,155.2,65.0,27.0,Overweight,Working Professional (IT/Corporate),8.0,22.75,6.75,10:45 PM,06:45 AM,Moderate,9.0,8.5,20.0,2.0,Regular,21.0,5,Good,False,True,High,Medium,Low,Regular,None,85.5,50.1,58.2,81.9,76.0,85.0,72.1,Good (Prasanna)
HS-OBS-0323,Empirical Lifestyle Survey (Academic Observational Cohort),24,Male,178.9,86.2,26.9,Overweight,Self-Employed / Business,7.5,23.25,6.75,11:15 PM,06:45 AM,Good,8.4,4.3,25.0,3.3,Regular,38.0,4,Good,True,False,Medium,Low,Low,Regular,Anxiety/stress-related concerns,87.9,68.9,67.5,99.7,93.0,65.0,78.1,Good (Prasanna)
HS-OBS-0324,Empirical Lifestyle Survey (Academic Observational Cohort),28,Male,160.8,53.8,20.8,Normal,Homemaker,8.2,23.0,7.2,11:00 PM,07:12 AM,Good,6.2,6.1,47.0,2.0,Regular,15.0,6,Low,True,True,Medium,Low,Medium,Regular,None,87.9,85.0,48.8,87.9,86.0,80.0,77.9,Good (Prasanna)
HS-OBS-0325,Empirical Lifestyle Survey (Academic Observational Cohort),30,Female,178.6,60.6,19.0,Normal,Working Professional (IT/Corporate),7.1,0.0,7.1,12:00 AM,07:06 AM,Poor,8.5,9.0,27.0,1.9,Irregular,12.0,4,Low,False,True,Low,Medium,Medium,Irregular,Asthma,81.0,50.0,62.0,81.0,50.5,50.0,62.4,Moderate (Madhyama)
HS-OBS-0326,Empirical Lifestyle Survey (Academic Observational Cohort),34,Male,175.9,77.7,25.1,Overweight,Working Professional (IT/Corporate),7.1,23.5,6.6,11:30 PM,06:36 AM,Moderate,9.4,7.9,11.0,2.9,Regular,12.0,8,Neutral,False,True,Medium,Low,Medium,Regular,None,85.5,29.1,34.2,99.6,76.0,80.0,64.4,Moderate (Madhyama)
HS-OBS-0327,Empirical Lifestyle Survey (Academic Observational Cohort),23,Female,162.3,61.5,23.3,Normal,Working Professional (IT/Corporate),6.0,1.5,7.5,01:30 AM,07:30 AM,Moderate,11.4,13.9,3.0,1.5,Irregular,8.0,9,Neutral,False,False,Low,High,High,Irregular,None,67.6,5.0,26.7,68.9,26.8,10.0,33.0,Needs Attention (Hina Vihara)
HS-OBS-0328,Empirical Lifestyle Survey (Academic Observational Cohort),28,Female,156.9,61.8,25.1,Overweight,Healthcare Worker,6.9,0.5,7.4,12:30 AM,07:24 AM,Moderate,7.4,10.0,36.0,1.9,Regular,19.0,7,Neutral,False,True,Medium,Low,Medium,Irregular,None,82.5,67.0,41.7,77.1,65.5,80.0,68.5,Moderate (Madhyama)
HS-OBS-0329,Empirical Lifestyle Survey (Academic Observational Cohort),29,Female,162.2,42.0,16.0,Underweight,Student,8.0,22.0,6.0,10:00 PM,06:00 AM,Good,5.3,6.0,47.0,2.2,Regular,36.0,2,Good,True,True,High,Low,Low,Regular,Digestive problems,88.4,100.0,82.5,98.8,100.0,100.0,93.8,Excellent (Svastha)
HS-OBS-0330,Empirical Lifestyle Survey (Academic Observational Cohort),47,Female,147.6,52.4,24.1,Normal,Self-Employed / Business,7.8,22.0,5.8,10:00 PM,05:48 AM,Good,5.8,2.9,67.0,2.2,Regular,30.0,4,Good,True,True,High,Low,Low,Regular,None,88.4,100.0,67.5,99.0,100.0,100.0,90.8,Excellent (Svastha)
HS-OBS-0331,Empirical Lifestyle Survey (Academic Observational Cohort),25,Female,156.6,63.8,26.0,Overweight,Student,4.3,1.5,5.8,01:30 AM,05:48 AM,Poor,12.2,12.1,14.0,2.1,Irregular,12.0,8,Neutral,False,False,Low,High,High,Irregular,None,38.4,17.4,34.2,89.4,27.4,10.0,32.4,Needs Attention (Hina Vihara)
HS-OBS-0332,Empirical Lifestyle Survey (Academic Observational Cohort),23,Female,164.6,75.9,28.0,Overweight,Freelancer / Creative,6.5,23.0,5.5,11:00 PM,05:30 AM,Good,7.5,6.4,34.0,3.1,Irregular,16.0,7,Good,False,True,Medium,Low,Low,Irregular,None,80.2,68.9,43.2,99.3,53.0,85.0,70.3,Good (Prasanna)
HS-OBS-0333,Empirical Lifestyle Survey (Academic Observational Cohort),25,Male,168.1,62.5,22.1,Normal,Working Professional (IT/Corporate),5.3,2.0,7.3,02:00 AM,07:18 AM,Poor,12.2,11.0,10.0,1.0,Irregular,6.0,9,Neutral,False,False,Low,High,High,Irregular,None,53.8,9.6,26.7,44.0,22.9,10.0,27.9,Needs Attention (Hina Vihara)
HS-OBS-0334,Empirical Lifestyle Survey (Academic Observational Cohort),36,Male,164.0,73.9,27.5,Overweight,Student,6.8,23.5,6.3,11:30 PM,06:18 AM,Moderate,10.9,5.2,6.0,2.4,Regular,17.0,9,Neutral,False,True,Medium,Medium,Medium,Irregular,None,82.4,26.3,26.7,98.9,72.8,65.0,58.5,Moderate (Madhyama)
HS-OBS-0335,Empirical Lifestyle Survey (Academic Observational Cohort),34,Male,172.4,62.2,20.9,Normal,Student,7.3,0.0,7.3,12:00 AM,07:18 AM,Moderate,7.4,10.5,19.0,2.2,Regular,31.0,6,Good,False,False,Low,High,High,Regular,None,84.0,49.6,50.7,99.3,83.0,10.0,59.2,Moderate (Madhyama)
HS-OBS-0336,Empirical Lifestyle Survey (Academic Observational Cohort),28,Male,171.8,72.5,24.6,Normal,Educator / Academic,7.1,22.75,5.85,10:45 PM,05:51 AM,Good,7.2,5.6,36.0,2.7,Regular,15.0,3,Neutral,False,True,Medium,Low,Low,Irregular,None,87.9,71.0,71.7,99.4,80.0,85.0,81.3,Good (Prasanna)
HS-OBS-0337,Empirical Lifestyle Survey (Academic Observational Cohort),19,Female,152.2,49.1,21.2,Normal,Student,4.0,1.5,5.5,01:30 AM,05:30 AM,Moderate,8.9,13.9,6.0,1.6,Irregular,11.0,9,Low,False,False,Low,High,High,Irregular,Anxiety/stress-related concerns,36.8,5.0,24.4,80.0,35.0,10.0,27.9,Needs Attention (Hina Vihara)
HS-OBS-0338,Empirical Lifestyle Survey (Academic Observational Cohort),29,Female,155.1,63.7,26.5,Overweight,Working Professional (IT/Corporate),7.5,23.5,7.0,11:30 PM,07:00 AM,Good,6.3,5.8,19.0,2.1,Irregular,10.0,5,Neutral,False,True,Medium,Medium,High,Regular,Digestive problems,87.9,39.6,56.7,87.9,73.0,52.0,64.7,Moderate (Madhyama)
HS-OBS-0339,Empirical Lifestyle Survey (Academic Observational Cohort),45,Female,168.9,67.1,23.5,Normal,Working Professional (IT/Corporate),7.1,23.5,6.6,11:30 PM,06:36 AM,Moderate,10.5,6.6,12.0,2.4,Regular,19.0,6,Neutral,False,False,High,High,High,Irregular,None,85.5,37.7,49.2,99.8,62.0,27.0,57.7,Moderate (Madhyama)
HS-OBS-0340,Empirical Lifestyle Survey (Academic Observational Cohort),20,Female,157.3,56.5,22.8,Normal,Working Professional (IT/Corporate),7.1,23.0,6.1,11:00 PM,06:06 AM,Good,10.5,3.7,41.0,2.9,Irregular,41.0,4,Neutral,True,False,Medium,Low,Low,Regular,None,87.9,93.8,66.0,96.9,76.0,65.0,79.9,Good (Prasanna)
HS-OBS-0341,Empirical Lifestyle Survey (Academic Observational Cohort),35,Female,165.3,64.1,23.5,Normal,Student,7.0,22.75,5.75,10:45 PM,05:45 AM,Poor,8.6,3.0,43.0,2.2,Regular,27.0,7,Neutral,True,True,High,Medium,Medium,Regular,None,82.5,93.9,43.5,84.6,90.0,80.0,77.4,Good (Prasanna)
HS-OBS-0342,Empirical Lifestyle Survey (Academic Observational Cohort),25,Male,171.4,83.7,28.5,Overweight,Working Professional (IT/Corporate),5.6,23.0,4.6,11:00 PM,04:36 AM,Good,8.0,7.3,32.0,1.8,Regular,20.0,6,Neutral,True,True,Medium,Medium,Medium,Irregular,Digestive problems,66.3,69.8,51.0,56.3,73.0,65.0,63.4,Moderate (Madhyama)
HS-OBS-0343,Empirical Lifestyle Survey (Academic Observational Cohort),27,Female,161.6,62.7,24.0,Normal,Healthcare Worker,7.4,23.0,6.4,11:00 PM,06:24 AM,Moderate,5.5,7.4,38.0,2.4,Irregular,40.0,6,Good,True,True,High,Medium,Low,Regular,Anxiety/stress-related concerns,85.5,89.1,52.5,99.4,73.0,85.0,79.3,Good (Prasanna)
HS-OBS-0344,Empirical Lifestyle Survey (Academic Observational Cohort),35,Male,182.8,82.9,24.8,Normal,Healthcare Worker,7.0,22.75,5.75,10:45 PM,05:45 AM,Good,10.5,7.1,42.0,2.4,Irregular,15.0,5,Good,True,True,Low,Medium,Medium,Irregular,None,87.9,80.3,60.0,73.8,49.0,50.0,68.1,Moderate (Madhyama)
HS-OBS-0345,Empirical Lifestyle Survey (Academic Observational Cohort),31,Male,170.0,68.9,23.8,Normal,Working Professional (IT/Corporate),7.5,0.5,8.0,12:30 AM,08:00 AM,Good,9.8,5.5,21.0,1.9,Regular,12.0,6,Low,False,True,Low,Medium,Medium,Irregular,Diabetes,86.4,44.7,47.0,73.5,63.0,50.0,60.4,Moderate (Madhyama)
HS-OBS-0346,Empirical Lifestyle Survey (Academic Observational Cohort),26,Female,154.7,54.3,22.7,Normal,Working Professional (IT/Corporate),5.9,1.0,6.9,01:00 AM,06:54 AM,Moderate,6.0,11.0,35.0,1.6,Regular,15.0,5,Neutral,False,True,Medium,High,High,Irregular,None,67.1,57.4,56.7,73.0,60.5,32.0,56.8,Moderate (Madhyama)
HS-OBS-0347,Empirical Lifestyle Survey (Academic Observational Cohort),44,Male,186.3,82.9,23.9,Normal,Working Professional (IT/Corporate),7.7,23.5,7.2,11:30 PM,07:12 AM,Good,8.2,3.8,30.0,2.7,Regular,27.0,4,Neutral,True,True,High,Medium,Low,Regular,Anxiety/stress-related concerns,87.9,73.7,66.0,85.7,93.0,85.0,80.8,Good (Prasanna)
HS-OBS-0348,Empirical Lifestyle Survey (Academic Observational Cohort),31,Female,161.5,60.3,23.1,Normal,Homemaker,6.5,23.0,5.5,11:00 PM,05:30 AM,Good,7.0,3.9,47.0,2.6,Regular,15.0,6,Neutral,False,True,Medium,Low,Medium,Irregular,Hypertension,80.2,85.0,49.2,99.5,80.0,80.0,76.7,Good (Prasanna)
HS-OBS-0349,Empirical Lifestyle Survey (Academic Observational Cohort),23,Male,157.1,61.9,25.1,Overweight,Freelancer / Creative,5.0,2.5,7.5,02:30 AM,07:30 AM,Poor,8.4,9.0,22.0,1.0,Irregular,14.0,7,Low,False,False,Low,High,High,Irregular,Digestive problems,49.2,44.2,39.5,42.6,50.5,10.0,38.8,Needs Attention (Hina Vihara)
HS-OBS-0350,Empirical Lifestyle Survey (Academic Observational Cohort),27,Male,172.6,73.7,24.7,Normal,Working Professional (IT/Corporate),5.9,23.5,5.4,11:30 PM,05:24 AM,Good,9.6,11.0,32.0,2.1,Regular,18.0,6,Neutral,False,False,Medium,High,Medium,Irregular,None,71.0,55.8,49.2,73.8,57.5,25.0,54.3,Needs Attention (Hina Vihara)
HS-OBS-0351,Empirical Lifestyle Survey (Academic Observational Cohort),38,Female,158.4,58.0,23.1,Normal,Working Professional (IT/Corporate),6.3,23.5,5.8,11:30 PM,05:48 AM,Moderate,8.0,5.1,26.0,2.0,Irregular,18.0,6,Good,False,True,Medium,High,Medium,Regular,None,74.7,58.4,50.7,89.0,80.0,45.0,63.7,Moderate (Madhyama)
HS-OBS-0352,Empirical Lifestyle Survey (Academic Observational Cohort),45,Male,168.3,73.0,25.8,Overweight,Working Professional (IT/Corporate),7.0,21.5,4.5,09:30 PM,04:30 AM,Good,7.7,4.8,42.0,3.1,Regular,41.0,1,Good,True,True,High,Low,Low,Regular,None,88.4,95.3,90.0,99.2,100.0,100.0,94.5,Excellent (Svastha)
HS-OBS-0353,Empirical Lifestyle Survey (Academic Observational Cohort),40,Male,157.8,47.5,19.1,Normal,Working Professional (IT/Corporate),8.4,22.25,6.65,10:15 PM,06:39 AM,Good,6.5,2.8,48.0,2.2,Regular,55.0,1,Good,True,True,Medium,Low,Low,Regular,Migraine,88.4,100.0,90.0,99.2,93.0,85.0,91.8,Excellent (Svastha)
HS-OBS-0354,Empirical Lifestyle Survey (Academic Observational Cohort),40,Male,186.1,80.5,23.2,Normal,Educator / Academic,5.5,23.5,5.0,11:30 PM,05:00 AM,Good,11.9,10.5,30.0,2.4,Irregular,12.0,6,Neutral,False,False,Medium,High,Medium,Regular,None,64.8,48.7,49.2,78.2,54.8,25.0,51.8,Needs Attention (Hina Vihara)
HS-OBS-0355,Empirical Lifestyle Survey (Academic Observational Cohort),34,Male,183.4,86.4,25.7,Overweight,Homemaker,6.5,22.75,5.25,10:45 PM,05:15 AM,Good,9.9,6.3,43.0,2.6,Regular,41.0,4,Good,False,False,Medium,Medium,Medium,Irregular,None,80.2,96.9,65.7,76.9,63.0,45.0,71.6,Good (Prasanna)
HS-OBS-0356,Empirical Lifestyle Survey (Academic Observational Cohort),26,Male,163.8,65.4,24.4,Normal,Educator / Academic,7.5,0.5,8.0,12:30 AM,08:00 AM,Moderate,6.0,7.5,30.0,1.9,Irregular,19.0,5,Neutral,False,True,Medium,High,Medium,Irregular,Migraine,84.0,65.7,56.7,74.8,46.0,45.0,62.7,Moderate (Madhyama)
HS-OBS-0357,Empirical Lifestyle Survey (Academic Observational Cohort),37,Female,157.6,42.0,16.9,Underweight,Working Professional (IT/Corporate),8.2,21.75,5.95,09:45 PM,05:57 AM,Good,8.4,4.3,52.0,2.2,Regular,47.0,3,Good,True,True,High,Low,Low,Regular,None,88.4,100.0,75.0,98.8,100.0,100.0,92.3,Excellent (Svastha)
HS-OBS-0358,Empirical Lifestyle Survey (Academic Observational Cohort),29,Male,182.5,80.9,24.3,Normal,Working Professional (IT/Corporate),7.2,23.0,6.2,11:00 PM,06:12 AM,Poor,6.2,6.2,25.0,2.5,Regular,20.0,3,Good,True,True,High,Medium,Medium,Regular,None,82.5,58.9,75.0,82.2,93.0,80.0,77.5,Good (Prasanna)
HS-OBS-0359,Empirical Lifestyle Survey (Academic Observational Cohort),52,Female,169.7,73.7,25.6,Overweight,Homemaker,7.0,22.0,5.0,10:00 PM,05:00 AM,Good,7.3,2.6,43.0,3.1,Regular,31.0,2,Good,True,True,High,Low,Low,Regular,None,88.4,96.9,82.5,99.3,100.0,100.0,93.3,Excellent (Svastha)
HS-OBS-0360,Empirical Lifestyle Survey (Academic Observational Cohort),40,Female,165.5,78.1,28.5,Overweight,Educator / Academic,6.5,23.25,5.75,11:15 PM,05:45 AM,Good,9.8,7.5,23.0,2.9,Regular,36.0,4,Good,True,True,Medium,Medium,Low,Irregular,None,80.2,65.8,67.5,99.9,63.0,70.0,73.1,Good (Prasanna)
HS-OBS-0361,Empirical Lifestyle Survey (Academic Observational Cohort),24,Male,169.3,82.0,28.6,Overweight,Working Professional (IT/Corporate),6.3,23.5,5.8,11:30 PM,05:48 AM,Moderate,10.0,6.2,13.0,1.8,Irregular,27.0,6,Low,False,True,Low,High,High,Irregular,Anxiety/stress-related concerns,74.7,47.2,47.0,60.4,43.0,17.0,48.6,Needs Attention (Hina Vihara)
HS-OBS-0362,Empirical Lifestyle Survey (Academic Observational Cohort),32,Female,162.6,59.7,22.6,Normal,Healthcare Worker,7.3,23.25,6.55,11:15 PM,06:33 AM,Good,9.0,6.9,23.0,2.6,Regular,23.0,6,Good,True,True,Medium,Medium,Medium,Regular,None,87.9,58.8,52.5,98.3,76.0,65.0,71.1,Good (Prasanna)
HS-OBS-0363,Empirical Lifestyle Survey (Academic Observational Cohort),19,Male,176.3,65.4,21.0,Normal,Working Professional (IT/Corporate),5.1,0.5,5.6,12:30 AM,05:36 AM,Poor,13.6,8.1,3.0,0.9,Irregular,15.0,8,Low,False,False,Low,High,High,Irregular,None,51.7,19.3,31.9,38.9,33.0,10.0,30.9,Needs Attention (Hina Vihara)
HS-OBS-0364,Empirical Lifestyle Survey (Academic Observational Cohort),36,Male,169.9,66.1,22.9,Normal,Working Professional (IT/Corporate),7.5,22.5,6.0,10:30 PM,06:00 AM,Moderate,8.6,6.2,31.0,2.3,Irregular,30.0,5,Good,True,True,Medium,Low,Medium,Irregular,Anxiety/stress-related concerns,86.0,78.2,60.0,89.4,43.0,80.0,73.5,Good (Prasanna)
HS-OBS-0365,Empirical Lifestyle Survey (Academic Observational Cohort),28,Male,172.8,62.8,21.0,Normal,Self-Employed / Business,7.1,22.75,5.85,10:45 PM,05:51 AM,Moderate,6.9,4.1,38.0,2.5,Regular,28.0,4,Good,True,True,High,Low,Medium,Regular,None,85.5,87.1,67.5,99.9,100.0,95.0,87.1,Excellent (Svastha)
HS-OBS-0366,Empirical Lifestyle Survey (Academic Observational Cohort),32,Female,165.2,65.7,24.1,Normal,Student,5.6,23.5,5.1,11:30 PM,05:06 AM,Good,9.0,8.3,22.0,2.0,Irregular,8.0,9,Good,True,True,Medium,Medium,Medium,Irregular,None,66.3,41.0,30.0,80.6,43.0,65.0,52.9,Needs Attention (Hina Vihara)
HS-OBS-0367,Empirical Lifestyle Survey (Academic Observational Cohort),27,Female,157.8,59.5,23.9,Normal,Self-Employed / Business,6.5,1.0,7.5,01:00 AM,07:30 AM,Moderate,10.6,5.3,31.0,1.7,Irregular,23.0,7,Good,True,True,Medium,High,High,Regular,Digestive problems,76.3,71.2,45.0,72.6,68.2,32.0,59.8,Moderate (Madhyama)
HS-OBS-0368,Empirical Lifestyle Survey (Academic Observational Cohort),39,Male,179.7,66.7,20.7,Normal,Working Professional (IT/Corporate),7.6,23.0,6.6,11:00 PM,06:36 AM,Good,7.9,5.9,36.0,2.8,Regular,24.0,4,Good,False,True,Low,Low,Medium,Regular,Anxiety/stress-related concerns,87.9,80.0,65.7,99.2,93.0,65.0,79.7,Good (Prasanna)
HS-OBS-0369,Empirical Lifestyle Survey (Academic Observational Cohort),27,Male,171.4,64.5,22.0,Normal,Educator / Academic,8.2,21.75,5.95,09:45 PM,05:57 AM,Good,7.9,3.2,75.0,2.8,Regular,40.0,2,Good,True,True,Medium,Low,Low,Regular,Hypertension,88.4,100.0,82.5,99.6,100.0,85.0,91.2,Excellent (Svastha)
HS-OBS-0370,Empirical Lifestyle Survey (Academic Observational Cohort),36,Female,166.9,72.2,25.9,Overweight,Healthcare Worker,7.7,22.75,6.45,10:45 PM,06:27 AM,Good,9.2,5.3,28.0,2.9,Regular,29.0,4,Good,True,True,Medium,Low,Medium,Regular,None,87.9,72.6,67.5,99.4,90.0,80.0,81.0,Good (Prasanna)
HS-OBS-0371,Empirical Lifestyle Survey (Academic Observational Cohort),44,Female,170.4,54.6,18.8,Normal,Student,7.2,22.0,5.2,10:00 PM,05:12 AM,Moderate,7.0,4.6,45.0,2.2,Regular,49.0,3,Neutral,True,True,High,Low,Low,Regular,None,86.0,100.0,73.5,99.5,100.0,100.0,91.6,Excellent (Svastha)
HS-OBS-0372,Empirical Lifestyle Survey (Academic Observational Cohort),19,Male,165.4,66.2,24.2,Normal,Educator / Academic,5.5,23.0,4.5,11:00 PM,04:30 AM,Moderate,10.3,7.3,45.0,1.9,Irregular,35.0,6,Low,False,False,Low,Medium,Medium,Regular,None,62.4,100.0,47.0,70.6,70.6,30.0,62.1,Moderate (Madhyama)
HS-OBS-0373,Empirical Lifestyle Survey (Academic Observational Cohort),28,Male,185.1,75.1,21.9,Normal,Student,3.7,1.0,4.7,01:00 AM,04:42 AM,Poor,9.1,11.2,14.0,0.9,Irregular,16.0,6,Low,False,False,Low,High,High,Irregular,Digestive problems,30.2,25.0,47.0,32.8,36.5,10.0,30.0,Needs Attention (Hina Vihara)
HS-OBS-0374,Empirical Lifestyle Survey (Academic Observational Cohort),38,Male,168.6,52.5,18.5,Normal,Homemaker,7.2,23.0,6.2,11:00 PM,06:12 AM,Good,9.1,5.6,30.0,1.8,Regular,24.0,3,Good,True,True,Medium,Low,Medium,Regular,None,87.9,70.7,75.0,86.2,90.0,80.0,80.9,Good (Prasanna)
HS-OBS-0375,Empirical Lifestyle Survey (Academic Observational Cohort),21,Male,177.4,84.4,26.8,Overweight,Student,5.2,1.5,6.7,01:30 AM,06:42 AM,Poor,8.4,9.6,0.0,2.0,Irregular,11.0,7,Low,False,False,Low,High,High,Irregular,None,52.3,5.0,39.5,67.7,47.5,10.0,34.6,Needs Attention (Hina Vihara)
HS-OBS-0376,Empirical Lifestyle Survey (Academic Observational Cohort),25,Male,176.1,82.6,26.6,Overweight,Working Professional (IT/Corporate),5.9,0.0,5.9,12:00 AM,05:54 AM,Moderate,7.8,4.5,23.0,2.6,Regular,34.0,6,Neutral,True,False,Medium,Low,Medium,Regular,None,67.1,65.8,51.0,84.3,100.0,60.0,68.0,Moderate (Madhyama)
HS-OBS-0377,Empirical Lifestyle Survey (Academic Observational Cohort),25,Male,173.9,72.5,24.0,Normal,Working Professional (IT/Corporate),5.8,1.5,7.3,01:30 AM,07:18 AM,Poor,10.6,10.0,2.0,1.7,Irregular,18.0,8,Low,False,False,Low,High,High,Irregular,Thyroid disorder,61.5,13.1,31.9,66.6,40.7,10.0,35.6,Needs Attention (Hina Vihara)
HS-OBS-0378,Empirical Lifestyle Survey (Academic Observational Cohort),39,Male,170.8,62.9,21.6,Normal,Self-Employed / Business,6.6,22.5,5.1,10:30 PM,05:06 AM,Moderate,5.5,6.5,20.0,1.8,Irregular,15.0,4,Good,True,False,Medium,Low,Medium,Regular,None,79.8,46.1,67.5,76.0,73.0,60.0,66.5,Moderate (Madhyama)
HS-OBS-0379,Empirical Lifestyle Survey (Academic Observational Cohort),34,Female,160.1,47.4,18.5,Normal,Homemaker,7.0,22.5,5.5,10:30 PM,05:30 AM,Good,7.8,3.5,53.0,2.2,Regular,31.0,4,Good,True,True,High,Low,Low,Regular,None,88.4,100.0,67.5,99.4,100.0,100.0,90.9,Excellent (Svastha)
HS-OBS-0380,Empirical Lifestyle Survey (Academic Observational Cohort),34,Female,159.6,60.2,23.6,Normal,Healthcare Worker,6.1,23.5,5.6,11:30 PM,05:36 AM,Good,8.8,7.0,20.0,1.4,Irregular,20.0,5,Neutral,True,False,Medium,Medium,High,Regular,None,74.0,51.1,58.5,61.6,63.0,32.0,56.7,Moderate (Madhyama)
HS-OBS-0381,Empirical Lifestyle Survey (Academic Observational Cohort),21,Female,152.7,46.8,20.1,Normal,Student,7.2,23.5,6.7,11:30 PM,06:42 AM,Good,6.8,6.6,35.0,1.9,Regular,15.0,5,Good,True,False,Medium,Low,Medium,Regular,Anxiety/stress-related concerns,87.9,69.4,60.0,99.4,86.0,60.0,74.9,Good (Prasanna)
HS-OBS-0382,Empirical Lifestyle Survey (Academic Observational Cohort),23,Female,164.4,56.6,20.9,Normal,Educator / Academic,6.4,1.0,7.4,01:00 AM,07:24 AM,Moderate,6.9,4.5,17.0,1.5,Irregular,17.0,5,Low,False,True,Low,Low,High,Irregular,None,74.8,43.4,54.5,70.7,53.0,52.0,58.0,Moderate (Madhyama)
HS-OBS-0383,Empirical Lifestyle Survey (Academic Observational Cohort),29,Female,163.6,61.3,22.9,Normal,Self-Employed / Business,7.2,22.5,5.7,10:30 PM,05:42 AM,Moderate,7.1,7.6,21.0,2.6,Regular,31.0,5,Neutral,True,True,High,Medium,Low,Regular,None,86.0,62.7,58.5,98.5,93.0,85.0,78.2,Good (Prasanna)
HS-OBS-0384,Empirical Lifestyle Survey (Academic Observational Cohort),30,Male,170.6,75.9,26.1,Overweight,Working Professional (IT/Corporate),6.5,23.25,5.75,11:15 PM,05:45 AM,Good,6.6,5.2,50.0,2.3,Irregular,30.0,4,Good,False,True,High,Medium,Low,Regular,None,80.2,100.0,65.7,74.8,80.0,85.0,81.2,Good (Prasanna)
HS-OBS-0385,Empirical Lifestyle Survey (Academic Observational Cohort),22,Male,169.4,81.6,28.4,Overweight,Student,4.0,1.5,5.5,01:30 AM,05:30 AM,Poor,13.1,11.7,19.0,1.3,Irregular,7.0,7,Low,False,False,Low,High,High,Irregular,None,33.8,21.8,39.5,43.1,25.0,10.0,28.4,Needs Attention (Hina Vihara)
HS-OBS-0386,Empirical Lifestyle Survey (Academic Observational Cohort),22,Female,164.9,77.8,28.6,Overweight,Healthcare Worker,4.2,2.0,6.2,02:00 AM,06:12 AM,Poor,9.5,9.7,0.0,1.1,Irregular,14.0,8,Neutral,False,False,Low,High,High,Irregular,Digestive problems,36.9,7.2,34.2,40.4,44.0,10.0,27.4,Needs Attention (Hina Vihara)
HS-OBS-0387,Empirical Lifestyle Survey (Academic Observational Cohort),28,Female,157.4,56.9,23.0,Normal,Student,7.0,23.0,6.0,11:00 PM,06:00 AM,Good,7.5,4.7,39.0,2.0,Regular,43.0,6,Good,True,True,High,Low,Low,Regular,None,87.9,90.7,52.5,86.3,100.0,100.0,84.8,Good (Prasanna)
HS-OBS-0388,Empirical Lifestyle Survey (Academic Observational Cohort),21,Female,162.9,54.0,20.3,Normal,Student,6.5,22.5,5.0,10:30 PM,05:00 AM,Good,7.0,7.6,46.0,1.8,Regular,28.0,4,Good,True,True,Medium,Medium,Low,Regular,None,80.7,98.0,67.5,79.2,93.0,70.0,80.6,Good (Prasanna)
HS-OBS-0389,Empirical Lifestyle Survey (Academic Observational Cohort),32,Female,163.0,49.4,18.6,Normal,Healthcare Worker,5.6,0.5,6.1,12:30 AM,06:06 AM,Moderate,8.7,8.6,5.0,1.5,Regular,17.0,7,Neutral,False,True,High,Medium,High,Regular,None,62.4,22.4,41.7,75.0,89.5,67.0,56.4,Moderate (Madhyama)
HS-OBS-0390,Empirical Lifestyle Survey (Academic Observational Cohort),34,Female,165.4,57.7,21.1,Normal,Working Professional (IT/Corporate),5.5,1.0,6.5,01:00 AM,06:30 AM,Good,8.2,9.4,39.0,1.9,Regular,24.0,7,Low,False,True,Medium,High,Medium,Irregular,Migraine,63.3,79.1,39.5,81.0,75.5,45.0,61.3,Moderate (Madhyama)
HS-OBS-0391,Empirical Lifestyle Survey (Academic Observational Cohort),31,Female,161.2,65.0,25.0,Overweight,Homemaker,7.1,22.5,5.6,10:30 PM,05:36 AM,Good,9.1,3.8,63.0,2.6,Regular,27.0,2,Good,True,True,High,Low,Low,Regular,Anxiety/stress-related concerns,88.4,97.0,82.5,99.1,90.0,100.0,92.1,Excellent (Svastha)
HS-OBS-0392,Empirical Lifestyle Survey (Academic Observational Cohort),24,Female,163.3,62.5,23.4,Normal,Student,7.2,21.75,4.95,09:45 PM,04:57 AM,Good,5.4,4.1,49.0,2.6,Regular,42.0,2,Good,True,True,High,Low,Low,Regular,None,88.4,100.0,82.5,100.0,100.0,100.0,93.9,Excellent (Svastha)
HS-OBS-0393,Empirical Lifestyle Survey (Academic Observational Cohort),42,Male,175.5,69.7,22.6,Normal,Student,5.5,0.0,5.5,12:00 AM,05:30 AM,Moderate,8.4,7.0,34.0,1.5,Irregular,22.0,6,Neutral,False,True,Medium,Medium,High,Regular,Anxiety/stress-related concerns,60.9,74.9,49.2,55.1,73.0,52.0,60.3,Moderate (Madhyama)
HS-OBS-0394,Empirical Lifestyle Survey (Academic Observational Cohort),41,Female,170.9,67.6,23.1,Normal,Working Professional (IT/Corporate),8.0,22.25,6.25,10:15 PM,06:15 AM,Good,7.3,4.7,62.0,2.4,Regular,27.0,2,Good,True,True,High,Low,Low,Regular,Hypertension,88.4,97.0,82.5,83.3,100.0,100.0,91.7,Excellent (Svastha)
HS-OBS-0395,Empirical Lifestyle Survey (Academic Observational Cohort),32,Female,169.1,61.7,21.6,Normal,Working Professional (IT/Corporate),5.5,1.0,6.5,01:00 AM,06:30 AM,Moderate,8.2,9.2,28.0,1.7,Irregular,21.0,5,Neutral,False,True,Medium,High,Medium,Regular,None,60.9,59.8,56.7,71.0,76.5,45.0,59.9,Moderate (Madhyama)
HS-OBS-0396,Empirical Lifestyle Survey (Academic Observational Cohort),33,Female,157.2,69.8,28.2,Overweight,Working Professional (IT/Corporate),6.8,23.5,6.3,11:30 PM,06:18 AM,Moderate,7.9,6.5,21.0,2.6,Irregular,16.0,6,Neutral,False,True,High,High,High,Irregular,Hypertension,82.4,48.7,49.2,99.9,53.0,47.0,61.5,Moderate (Madhyama)
HS-OBS-0397,Empirical Lifestyle Survey (Academic Observational Cohort),21,Female,173.0,76.7,25.6,Overweight,Working Professional (IT/Corporate),5.7,1.0,6.7,01:00 AM,06:42 AM,Poor,9.1,10.7,12.0,2.2,Irregular,0.0,10,Neutral,False,False,Low,High,High,Irregular,None,61.0,7.9,19.2,79.0,32.0,10.0,32.2,Needs Attention (Hina Vihara)
HS-OBS-0398,Empirical Lifestyle Survey (Academic Observational Cohort),22,Male,166.8,74.8,26.9,Overweight,Working Professional (IT/Corporate),5.2,1.0,6.2,01:00 AM,06:12 AM,Poor,10.8,10.4,14.0,1.6,Irregular,19.0,7,Low,False,False,Low,Medium,Medium,Irregular,None,53.3,31.2,39.5,58.5,44.1,30.0,41.8,Needs Attention (Hina Vihara)
HS-OBS-0399,Empirical Lifestyle Survey (Academic Observational Cohort),39,Female,171.5,89.9,30.6,Obesity Range,Student,5.5,0.0,5.5,12:00 AM,05:30 AM,Poor,9.2,4.5,29.0,3.2,Irregular,14.0,5,Low,True,False,Low,Medium,Low,Regular,Thyroid disorder,57.9,59.1,56.2,99.3,70.0,35.0,59.2,Moderate (Madhyama)
HS-OBS-0400,Empirical Lifestyle Survey (Academic Observational Cohort),18,Female,159.3,52.7,20.8,Normal,Working Professional (IT/Corporate),5.7,2.5,8.2,02:30 AM,08:12 AM,Poor,7.0,10.1,0.0,2.1,Irregular,8.0,9,Low,False,False,Low,Medium,High,Irregular,Digestive problems,60.0,5.0,24.4,99.4,39.0,17.0,36.7,Needs Attention (Hina Vihara)
HS-OBS-0401,Empirical Lifestyle Survey (Academic Observational Cohort),21,Female,161.8,66.9,25.6,Overweight,Student,5.5,1.0,6.5,01:00 AM,06:30 AM,Moderate,7.7,11.2,0.0,1.2,Irregular,6.0,9,Neutral,False,False,Low,Medium,High,Irregular,Digestive problems,60.9,5.0,26.7,51.2,46.5,17.0,33.4,Needs Attention (Hina Vihara)
HS-OBS-0402,Empirical Lifestyle Survey (Academic Observational Cohort),36,Female,153.8,44.1,18.6,Normal,Self-Employed / Business,7.7,22.0,5.7,10:00 PM,05:42 AM,Good,7.1,3.5,45.0,2.2,Regular,44.0,2,Good,True,True,High,Low,Low,Regular,None,88.4,100.0,82.5,98.8,100.0,100.0,93.8,Excellent (Svastha)
HS-OBS-0403,Empirical Lifestyle Survey (Academic Observational Cohort),45,Female,153.7,43.8,18.5,Normal,Healthcare Worker,6.9,0.0,6.9,12:00 AM,06:54 AM,Moderate,7.8,7.0,13.0,2.1,Regular,16.0,7,Good,False,True,High,Medium,Medium,Regular,Digestive problems,82.5,36.2,43.2,99.4,86.0,80.0,68.0,Moderate (Madhyama)
HS-OBS-0404,Empirical Lifestyle Survey (Academic Observational Cohort),42,Female,153.8,43.1,18.2,Underweight,Healthcare Worker,7.0,22.0,5.0,10:00 PM,05:00 AM,Moderate,6.2,5.3,55.0,2.2,Regular,36.0,2,Good,True,True,High,Low,Low,Regular,Thyroid disorder,86.0,100.0,82.5,98.8,100.0,100.0,93.3,Excellent (Svastha)
HS-OBS-0405,Empirical Lifestyle Survey (Academic Observational Cohort),25,Male,179.0,70.4,22.0,Normal,Working Professional (IT/Corporate),5.3,1.0,6.3,01:00 AM,06:18 AM,Poor,11.9,9.2,16.0,1.4,Irregular,20.0,9,Low,False,False,Low,High,High,Irregular,Digestive problems,54.8,40.1,24.4,53.9,41.3,10.0,36.3,Needs Attention (Hina Vihara)
HS-OBS-0406,Empirical Lifestyle Survey (Academic Observational Cohort),26,Female,163.1,64.1,24.1,Normal,Healthcare Worker,7.2,23.0,6.2,11:00 PM,06:12 AM,Good,6.6,6.1,53.0,2.6,Regular,30.0,4,Good,False,True,Medium,Low,Medium,Irregular,None,87.9,100.0,65.7,99.6,73.0,80.0,83.6,Good (Prasanna)
HS-OBS-0407,Empirical Lifestyle Survey (Academic Observational Cohort),37,Male,175.8,65.3,21.1,Normal,Healthcare Worker,7.3,23.0,6.3,11:00 PM,06:18 AM,Good,6.6,4.9,37.0,1.8,Regular,29.0,6,Good,True,True,Medium,Medium,Low,Regular,None,87.9,86.6,52.5,69.4,100.0,70.0,77.0,Good (Prasanna)
HS-OBS-0408,Empirical Lifestyle Survey (Academic Observational Cohort),34,Female,157.9,48.1,19.3,Normal,Self-Employed / Business,6.2,0.0,6.2,12:00 AM,06:12 AM,Good,8.1,7.8,18.0,1.4,Regular,8.0,6,Neutral,False,False,Low,Medium,Medium,Regular,Anxiety/stress-related concerns,74.1,36.0,49.2,70.0,93.0,30.0,56.2,Moderate (Madhyama)
HS-OBS-0409,Empirical Lifestyle Survey (Academic Observational Cohort),34,Female,158.0,67.5,27.0,Overweight,Working Professional (IT/Corporate),5.5,23.5,5.0,11:30 PM,05:00 AM,Good,10.8,7.2,32.0,2.6,Regular,19.0,6,Low,False,False,Medium,Medium,Medium,Irregular,None,64.8,68.8,47.0,99.9,66.6,45.0,62.1,Moderate (Madhyama)
HS-OBS-0410,Empirical Lifestyle Survey (Academic Observational Cohort),22,Male,183.2,77.9,23.2,Normal,Homemaker,6.5,23.5,6.0,11:30 PM,06:00 AM,Moderate,10.7,5.7,29.0,2.3,Regular,13.0,6,Good,False,False,Low,Medium,Low,Irregular,None,77.8,58.1,50.7,77.5,74.4,35.0,60.7,Moderate (Madhyama)
HS-OBS-0411,Empirical Lifestyle Survey (Academic Observational Cohort),20,Male,168.9,76.7,26.9,Overweight,Working Professional (IT/Corporate),7.6,23.0,6.6,11:00 PM,06:36 AM,Good,7.9,6.2,31.0,2.6,Regular,40.0,5,Good,True,True,Medium,Low,Medium,Regular,Hypertension,87.9,78.2,60.0,88.4,86.0,80.0,79.0,Good (Prasanna)
HS-OBS-0412,Empirical Lifestyle Survey (Academic Observational Cohort),40,Male,168.9,78.2,27.4,Overweight,Working Professional (IT/Corporate),6.5,22.75,5.25,10:45 PM,05:15 AM,Good,10.3,5.2,32.0,2.6,Regular,15.0,3,Neutral,True,True,High,Medium,Medium,Regular,Anxiety/stress-related concerns,80.2,64.8,73.5,86.6,97.6,80.0,78.8,Good (Prasanna)
HS-OBS-0413,Empirical Lifestyle Survey (Academic Observational Cohort),31,Male,173.1,71.6,23.9,Normal,Educator / Academic,7.7,22.25,5.95,10:15 PM,05:57 AM,Good,7.6,2.9,41.0,2.4,Regular,52.0,4,Neutral,True,True,High,Low,Low,Regular,None,88.4,93.8,66.0,84.3,100.0,100.0,88.0,Excellent (Svastha)
HS-OBS-0414,Empirical Lifestyle Survey (Academic Observational Cohort),30,Male,174.0,79.3,26.2,Overweight,Healthcare Worker,7.9,23.0,6.9,11:00 PM,06:54 AM,Good,7.8,5.2,34.0,3.1,Regular,29.0,5,Neutral,True,True,High,Medium,Low,Regular,None,87.9,81.9,58.5,99.8,93.0,85.0,82.2,Good (Prasanna)
HS-OBS-0415,Empirical Lifestyle Survey (Academic Observational Cohort),40,Female,171.5,64.5,21.9,Normal,Educator / Academic,7.8,21.75,5.55,09:45 PM,05:33 AM,Good,5.4,1.5,54.0,2.2,Regular,37.0,3,Good,True,True,High,Low,Low,Regular,None,88.4,100.0,75.0,81.3,100.0,100.0,90.6,Excellent (Svastha)
HS-OBS-0416,Empirical Lifestyle Survey (Academic Observational Cohort),29,Male,181.3,78.0,23.7,Normal,Healthcare Worker,5.7,23.0,4.7,11:00 PM,04:42 AM,Good,10.3,7.2,28.0,2.0,Regular,14.0,6,Good,False,True,Low,Low,Low,Irregular,None,67.9,57.6,50.7,67.5,70.6,70.0,63.3,Moderate (Madhyama)
HS-OBS-0417,Empirical Lifestyle Survey (Academic Observational Cohort),30,Other,169.9,64.5,22.3,Normal,Working Professional (IT/Corporate),5.5,23.0,4.5,11:00 PM,04:30 AM,Good,8.2,9.0,18.0,2.4,Irregular,16.0,5,Neutral,False,True,Medium,High,High,Regular,None,64.8,40.0,56.7,100.0,77.5,32.0,57.9,Moderate (Madhyama)
HS-OBS-0418,Empirical Lifestyle Survey (Academic Observational Cohort),19,Female,161.1,56.7,21.8,Normal,Self-Employed / Business,5.5,0.5,6.0,12:30 AM,06:00 AM,Poor,8.5,8.5,22.0,2.6,Regular,20.0,6,Neutral,True,False,Low,Medium,Medium,Irregular,None,57.9,52.2,51.0,97.5,73.0,30.0,56.2,Moderate (Madhyama)
HS-OBS-0419,Empirical Lifestyle Survey (Academic Observational Cohort),31,Female,159.0,53.0,21.0,Normal,Student,5.8,0.0,5.8,12:00 AM,05:48 AM,Moderate,8.1,8.2,45.0,1.4,Irregular,12.0,6,Good,False,True,Medium,Medium,Medium,Irregular,Digestive problems,65.5,81.2,50.7,62.8,53.0,65.0,63.5,Moderate (Madhyama)
HS-OBS-0420,Empirical Lifestyle Survey (Academic Observational Cohort),32,Male,175.7,82.5,26.7,Overweight,Healthcare Worker,5.5,0.5,6.0,12:30 AM,06:00 AM,Moderate,6.0,6.7,35.0,1.4,Irregular,8.0,7,Neutral,False,True,Low,High,Medium,Regular,None,60.9,62.4,41.7,44.0,73.0,30.0,51.5,Needs Attention (Hina Vihara)
HS-OBS-0421,Empirical Lifestyle Survey (Academic Observational Cohort),33,Male,166.9,58.6,21.0,Normal,Educator / Academic,6.5,23.25,5.75,11:15 PM,05:45 AM,Good,8.2,4.9,41.0,1.8,Regular,15.0,3,Low,True,True,Low,Medium,Medium,Regular,Anxiety/stress-related concerns,80.2,78.8,71.2,75.2,100.0,50.0,74.6,Good (Prasanna)
HS-OBS-0422,Empirical Lifestyle Survey (Academic Observational Cohort),23,Male,170.5,81.4,28.0,Overweight,Working Professional (IT/Corporate),3.6,1.0,4.6,01:00 AM,04:36 AM,Poor,10.3,11.1,25.0,1.5,Irregular,7.0,6,Low,False,False,Low,High,High,Irregular,None,28.6,33.5,47.0,49.1,44.6,10.0,33.8,Needs Attention (Hina Vihara)
HS-OBS-0423,Empirical Lifestyle Survey (Academic Observational Cohort),18,Female,166.9,71.0,25.5,Overweight,Student,6.0,0.5,6.5,12:30 AM,06:30 AM,Moderate,7.7,11.0,25.0,1.5,Irregular,13.0,8,Neutral,False,False,Low,Medium,High,Irregular,None,68.6,39.9,34.2,55.7,47.5,17.0,43.4,Needs Attention (Hina Vihara)
HS-OBS-0424,Empirical Lifestyle Survey (Academic Observational Cohort),19,Male,182.8,73.4,22.0,Normal,Student,6.7,1.0,7.7,01:00 AM,07:42 AM,Good,6.5,5.5,39.0,2.9,Irregular,15.0,6,Neutral,False,True,High,High,Low,Regular,Digestive problems,81.8,75.7,49.2,100.0,73.0,65.0,71.9,Good (Prasanna)
HS-OBS-0425,Empirical Lifestyle Survey (Academic Observational Cohort),19,Male,179.8,71.2,22.0,Normal,Working Professional (IT/Corporate),6.9,23.0,5.9,11:00 PM,05:54 AM,Poor,8.8,4.8,24.0,2.4,Irregular,35.0,6,Good,False,True,Medium,Medium,High,Regular,None,81.0,67.3,50.7,89.2,70.0,52.0,66.8,Moderate (Madhyama)
HS-OBS-0426,Empirical Lifestyle Survey (Academic Observational Cohort),40,Male,175.4,73.9,24.0,Normal,Working Professional (IT/Corporate),6.5,22.5,5.0,10:30 PM,05:00 AM,Good,8.3,7.4,25.0,2.5,Regular,40.0,3,Good,True,True,Medium,Low,Low,Regular,None,80.7,68.9,75.0,89.5,93.0,85.0,80.6,Good (Prasanna)
HS-OBS-0427,Empirical Lifestyle Survey (Academic Observational Cohort),39,Female,160.3,63.8,24.8,Normal,Student,6.9,23.0,5.9,11:00 PM,05:54 AM,Good,7.9,6.5,38.0,1.8,Regular,15.0,6,Good,True,True,Medium,Low,Low,Regular,None,86.4,74.1,52.5,70.6,93.0,85.0,76.4,Good (Prasanna)
HS-OBS-0428,Empirical Lifestyle Survey (Academic Observational Cohort),34,Female,159.0,44.8,17.7,Underweight,Working Professional (IT/Corporate),7.1,22.0,5.1,10:00 PM,05:06 AM,Good,4.8,4.1,44.0,2.2,Regular,30.0,3,Good,True,True,High,Low,Low,Regular,Anxiety/stress-related concerns,88.4,98.4,75.0,98.8,100.0,100.0,92.0,Excellent (Svastha)
HS-OBS-0429,Empirical Lifestyle Survey (Academic Observational Cohort),47,Male,164.2,71.2,26.4,Overweight,Educator / Academic,7.7,23.0,6.7,11:00 PM,06:42 AM,Good,6.9,6.1,30.0,3.1,Regular,28.0,5,Low,False,True,Medium,Medium,Medium,Regular,Anxiety/stress-related concerns,87.9,74.7,54.5,98.4,86.0,65.0,75.5,Good (Prasanna)
HS-OBS-0430,Empirical Lifestyle Survey (Academic Observational Cohort),33,Female,159.5,49.5,19.5,Normal,Student,6.1,23.5,5.6,11:30 PM,05:36 AM,Poor,10.6,4.9,9.0,1.4,Irregular,19.0,5,Good,False,True,Low,High,High,Regular,None,68.6,33.0,58.2,70.0,75.2,17.0,51.8,Needs Attention (Hina Vihara)
HS-OBS-0431,Empirical Lifestyle Survey (Academic Observational Cohort),27,Female,154.1,49.1,20.7,Normal,Working Professional (IT/Corporate),6.9,23.5,6.4,11:30 PM,06:24 AM,Good,6.8,4.7,14.0,1.4,Irregular,24.0,6,Good,True,True,Low,High,Medium,Irregular,None,86.4,45.8,52.5,70.0,60.0,30.0,57.4,Moderate (Madhyama)
HS-OBS-0432,Empirical Lifestyle Survey (Academic Observational Cohort),32,Female,151.9,55.8,24.2,Normal,Healthcare Worker,7.3,23.0,6.3,11:00 PM,06:18 AM,Poor,7.4,7.3,21.0,2.0,Regular,37.0,4,Good,True,False,High,Medium,Low,Regular,None,82.5,62.7,67.5,99.2,93.0,65.0,75.7,Good (Prasanna)
HS-OBS-0433,Empirical Lifestyle Survey (Academic Observational Cohort),29,Female,161.4,67.5,25.9,Overweight,Homemaker,5.5,0.0,5.5,12:00 AM,05:30 AM,Moderate,7.7,9.5,15.0,2.9,Regular,25.0,6,Neutral,False,False,Low,Medium,Low,Regular,Migraine,60.9,42.3,49.2,97.9,95.0,35.0,58.3,Moderate (Madhyama)
HS-OBS-0434,Empirical Lifestyle Survey (Academic Observational Cohort),34,Female,155.3,59.8,24.8,Normal,Working Professional (IT/Corporate),6.5,0.0,6.5,12:00 AM,06:30 AM,Moderate,9.5,6.4,5.0,1.4,Regular,22.0,6,Low,False,False,Low,Medium,Medium,Irregular,None,76.3,29.8,47.0,65.6,63.0,30.0,51.1,Needs Attention (Hina Vihara)
HS-OBS-0435,Empirical Lifestyle Survey (Academic Observational Cohort),36,Female,163.1,73.6,27.7,Overweight,Healthcare Worker,7.1,23.5,6.6,11:30 PM,06:36 AM,Good,7.8,7.6,21.0,1.7,Regular,8.0,5,Low,True,False,Medium,Low,Medium,Regular,Diabetes,87.9,40.7,56.2,61.8,86.0,60.0,65.2,Moderate (Madhyama)
HS-OBS-0436,Empirical Lifestyle Survey (Academic Observational Cohort),20,Female,162.3,59.0,22.4,Normal,Working Professional (IT/Corporate),6.5,22.75,5.25,10:45 PM,05:15 AM,Good,8.6,6.9,38.0,2.3,Regular,23.0,5,Good,False,False,Medium,Medium,Medium,Regular,None,80.2,82.1,58.2,99.6,83.0,45.0,72.1,Good (Prasanna)
HS-OBS-0437,Empirical Lifestyle Survey (Academic Observational Cohort),34,Female,157.2,58.5,23.7,Normal,Working Professional (IT/Corporate),7.8,23.0,6.8,11:00 PM,06:48 AM,Good,7.2,8.5,29.0,1.8,Irregular,26.0,5,Good,True,True,Low,Medium,Low,Regular,None,87.9,69.1,60.0,78.6,66.0,55.0,69.5,Moderate (Madhyama)
HS-OBS-0438,Empirical Lifestyle Survey (Academic Observational Cohort),22,Female,158.8,46.3,18.4,Underweight,Self-Employed / Business,7.7,22.0,5.7,10:00 PM,05:42 AM,Good,8.4,5.0,35.0,2.2,Regular,54.0,2,Neutral,True,True,High,Low,Low,Regular,Anxiety/stress-related concerns,88.4,84.4,81.0,98.8,100.0,100.0,90.7,Excellent (Svastha)
HS-OBS-0439,Empirical Lifestyle Survey (Academic Observational Cohort),33,Female,163.0,56.9,21.4,Normal,Educator / Academic,7.2,23.0,6.2,11:00 PM,06:12 AM,Good,7.1,5.2,27.0,2.0,Regular,15.0,5,Good,True,True,Medium,Low,Low,Regular,Migraine,87.9,57.0,60.0,98.8,100.0,85.0,78.8,Good (Prasanna)
HS-OBS-0440,Empirical Lifestyle Survey (Academic Observational Cohort),35,Male,179.3,78.2,24.3,Normal,Working Professional (IT/Corporate),6.8,23.0,5.8,11:00 PM,05:48 AM,Good,9.2,3.8,24.0,3.2,Regular,16.0,6,Low,True,True,Medium,Low,Medium,Regular,Diabetes,84.8,53.3,48.8,98.9,90.0,80.0,73.1,Good (Prasanna)
HS-OBS-0441,Empirical Lifestyle Survey (Academic Observational Cohort),26,Male,181.0,78.0,23.8,Normal,Working Professional (IT/Corporate),5.4,0.5,5.9,12:30 AM,05:54 AM,Moderate,10.0,11.7,9.0,1.6,Irregular,8.0,9,Low,False,False,Low,High,High,Irregular,Asthma,59.4,7.2,24.4,57.0,35.0,10.0,30.9,Needs Attention (Hina Vihara)
HS-OBS-0442,Empirical Lifestyle Survey (Academic Observational Cohort),30,Male,173.6,56.8,18.8,Normal,Self-Employed / Business,7.0,21.75,4.75,09:45 PM,04:45 AM,Good,7.4,4.9,53.0,2.2,Regular,25.0,1,Good,True,True,High,Low,Low,Regular,None,88.4,95.0,90.0,98.8,100.0,100.0,94.4,Excellent (Svastha)
HS-OBS-0443,Empirical Lifestyle Survey (Academic Observational Cohort),39,Female,155.7,63.1,26.0,Overweight,Educator / Academic,7.1,0.0,7.1,12:00 AM,07:06 AM,Poor,7.4,5.6,26.0,1.9,Irregular,11.0,6,Good,True,True,High,High,High,Regular,None,81.0,51.4,52.5,78.3,73.0,47.0,62.6,Moderate (Madhyama)
HS-OBS-0444,Empirical Lifestyle Survey (Academic Observational Cohort),20,Female,149.1,52.3,23.5,Normal,Freelancer / Creative,6.8,23.25,6.05,11:15 PM,06:03 AM,Good,7.2,6.8,49.0,1.8,Regular,23.0,5,Good,True,True,High,Low,Low,Irregular,None,84.8,93.0,60.0,80.4,73.0,100.0,82.2,Good (Prasanna)
HS-OBS-0445,Empirical Lifestyle Survey (Academic Observational Cohort),25,Female,163.3,59.5,22.3,Normal,Educator / Academic,7.9,21.5,5.4,09:30 PM,05:24 AM,Good,4.9,3.3,41.0,2.3,Regular,39.0,4,Good,True,True,High,Low,Low,Regular,Digestive problems,88.4,93.8,67.5,99.4,100.0,100.0,89.8,Excellent (Svastha)
HS-OBS-0446,Empirical Lifestyle Survey (Academic Observational Cohort),26,Male,170.8,76.9,26.4,Overweight,Self-Employed / Business,6.5,23.5,6.0,11:30 PM,06:00 AM,Moderate,10.7,8.1,8.0,1.5,Regular,8.0,7,Neutral,False,True,Medium,Low,High,Regular,Anxiety/stress-related concerns,77.8,20.0,41.7,54.4,87.4,67.0,57.0,Moderate (Madhyama)
HS-OBS-0447,Empirical Lifestyle Survey (Academic Observational Cohort),40,Male,186.0,88.6,25.6,Overweight,Working Professional (IT/Corporate),7.8,23.0,6.8,11:00 PM,06:48 AM,Moderate,7.2,4.1,45.0,3.1,Regular,30.0,5,Good,True,True,Medium,Medium,Medium,Regular,Digestive problems,85.5,100.0,60.0,89.2,93.0,65.0,80.6,Good (Prasanna)
HS-OBS-0448,Empirical Lifestyle Survey (Academic Observational Cohort),32,Female,169.4,74.9,26.1,Overweight,Self-Employed / Business,6.7,23.0,5.7,11:00 PM,05:42 AM,Poor,10.1,8.5,16.0,1.5,Irregular,24.0,8,Neutral,False,False,Low,Medium,Low,Irregular,None,77.9,46.9,34.2,54.4,52.2,35.0,50.4,Needs Attention (Hina Vihara)
HS-OBS-0449,Empirical Lifestyle Survey (Academic Observational Cohort),19,Male,175.9,73.9,23.9,Normal,Student,5.5,1.0,6.5,01:00 AM,06:30 AM,Poor,10.1,7.0,13.0,1.8,Irregular,7.0,8,Neutral,False,False,Low,High,High,Irregular,Digestive problems,57.9,27.2,34.2,66.8,52.2,10.0,39.2,Needs Attention (Hina Vihara)
HS-OBS-0450,Empirical Lifestyle Survey (Academic Observational Cohort),32,Male,167.8,62.0,22.0,Normal,Student,5.9,23.5,5.4,11:30 PM,05:24 AM,Good,10.1,10.6,12.0,1.4,Regular,27.0,5,Neutral,False,False,Low,Medium,Medium,Regular,None,71.0,35.3,56.7,61.7,88.7,30.0,55.5,Moderate (Madhyama)
HS-OBS-0451,Empirical Lifestyle Survey (Academic Observational Cohort),24,Female,154.2,45.7,19.2,Normal,Student,7.3,22.5,5.8,10:30 PM,05:48 AM,Moderate,7.7,6.4,43.0,1.9,Irregular,29.0,4,Neutral,False,False,High,Medium,Low,Regular,Anxiety/stress-related concerns,86.0,95.9,64.2,99.4,73.0,65.0,79.4,Good (Prasanna)
HS-OBS-0452,Empirical Lifestyle Survey (Academic Observational Cohort),19,Male,180.9,80.3,24.5,Normal,Freelancer / Creative,4.4,2.0,6.4,02:00 AM,06:24 AM,Poor,9.9,8.2,7.0,1.5,Irregular,12.0,7,Low,False,False,Low,High,Medium,Irregular,Anxiety/stress-related concerns,40.0,22.1,39.5,52.3,43.0,10.0,32.9,Needs Attention (Hina Vihara)
HS-OBS-0453,Empirical Lifestyle Survey (Academic Observational Cohort),22,Female,168.2,75.5,26.7,Overweight,Student,6.5,2.5,9.0,02:30 AM,09:00 AM,Moderate,12.3,12.3,0.0,1.4,Irregular,15.0,8,Low,False,False,Low,High,High,Irregular,Digestive problems,75.3,5.0,31.9,53.0,13.6,10.0,32.6,Needs Attention (Hina Vihara)
HS-OBS-0454,Empirical Lifestyle Survey (Academic Observational Cohort),33,Female,167.5,67.9,24.2,Normal,Student,6.6,23.5,6.1,11:30 PM,06:06 AM,Good,9.0,4.8,38.0,2.3,Regular,23.0,5,Good,True,False,High,Low,Low,Irregular,None,81.7,82.1,60.0,85.4,70.0,80.0,76.1,Good (Prasanna)
HS-OBS-0455,Empirical Lifestyle Survey (Academic Observational Cohort),22,Male,186.6,66.0,19.0,Normal,Healthcare Worker,5.8,23.0,4.8,11:00 PM,04:48 AM,Moderate,9.4,8.7,21.0,2.2,Irregular,18.0,6,Neutral,True,True,High,Medium,High,Irregular,None,67.0,47.9,51.0,88.5,49.0,67.0,60.4,Moderate (Madhyama)
HS-OBS-0456,Empirical Lifestyle Survey (Academic Observational Cohort),39,Male,179.5,82.7,25.7,Overweight,Working Professional (IT/Corporate),5.5,0.0,5.5,12:00 AM,05:30 AM,Poor,8.7,7.1,10.0,2.2,Regular,21.0,7,Neutral,False,False,Low,High,High,Irregular,Migraine,57.9,36.6,41.7,73.9,63.0,10.0,44.4,Needs Attention (Hina Vihara)
HS-OBS-0457,Empirical Lifestyle Survey (Academic Observational Cohort),22,Male,185.2,72.9,21.3,Normal,Homemaker,6.5,23.5,6.0,11:30 PM,06:00 AM,Good,10.0,6.6,32.0,2.9,Regular,8.0,6,Neutral,False,False,Medium,High,Low,Regular,Digestive problems,80.2,57.8,49.2,99.6,83.0,30.0,63.2,Moderate (Madhyama)
HS-OBS-0458,Empirical Lifestyle Survey (Academic Observational Cohort),25,Female,160.3,64.1,24.9,Normal,Student,5.8,23.5,5.3,11:30 PM,05:18 AM,Moderate,7.7,7.2,8.0,1.6,Irregular,33.0,7,Good,False,False,Medium,Medium,High,Regular,None,67.0,42.4,43.2,69.3,73.0,32.0,52.5,Needs Attention (Hina Vihara)
HS-OBS-0459,Empirical Lifestyle Survey (Academic Observational Cohort),31,Male,167.6,66.0,23.5,Normal,Working Professional (IT/Corporate),6.9,23.0,5.9,11:00 PM,05:54 AM,Moderate,8.5,9.7,34.0,1.7,Regular,25.0,5,Neutral,False,False,Medium,Low,Medium,Irregular,None,84.0,71.1,56.7,65.6,74.0,60.0,68.9,Moderate (Madhyama)
HS-OBS-0460,Empirical Lifestyle Survey (Academic Observational Cohort),31,Male,175.3,70.3,22.9,Normal,Educator / Academic,7.0,22.0,5.0,10:00 PM,05:00 AM,Good,7.2,4.4,47.0,2.7,Regular,48.0,4,Good,True,True,High,Low,Low,Regular,None,88.4,100.0,67.5,99.3,100.0,100.0,90.9,Excellent (Svastha)
HS-OBS-0461,Empirical Lifestyle Survey (Academic Observational Cohort),23,Female,167.4,82.5,29.4,Overweight,Student,6.1,1.5,7.6,01:30 AM,07:36 AM,Poor,8.2,9.5,7.0,1.7,Irregular,13.0,7,Neutral,False,False,Low,High,High,Irregular,None,66.1,17.9,41.7,57.7,48.0,10.0,39.4,Needs Attention (Hina Vihara)
HS-OBS-0462,Empirical Lifestyle Survey (Academic Observational Cohort),32,Female,150.3,59.8,26.5,Overweight,Working Professional (IT/Corporate),6.8,23.25,6.05,11:15 PM,06:03 AM,Good,8.1,5.3,49.0,2.1,Regular,15.0,4,Good,True,False,Medium,Low,Medium,Irregular,None,84.8,85.0,67.5,84.0,80.0,60.0,76.3,Good (Prasanna)
HS-OBS-0463,Empirical Lifestyle Survey (Academic Observational Cohort),22,Other,177.4,65.4,20.8,Normal,Working Professional (IT/Corporate),5.7,1.0,6.7,01:00 AM,06:42 AM,Good,10.8,12.5,5.0,1.8,Irregular,6.0,9,Low,False,False,Low,High,Medium,Irregular,Digestive problems,66.4,5.0,24.4,77.2,31.6,10.0,33.7,Needs Attention (Hina Vihara)
HS-OBS-0464,Empirical Lifestyle Survey (Academic Observational Cohort),19,Male,170.5,71.1,24.5,Normal,Working Professional (IT/Corporate),7.0,23.0,6.0,11:00 PM,06:00 AM,Moderate,7.8,4.5,28.0,1.4,Regular,8.0,4,Neutral,False,False,Medium,Low,Medium,Irregular,Anxiety/stress-related concerns,85.5,51.6,64.2,51.4,80.0,60.0,66.5,Moderate (Madhyama)
HS-OBS-0465,Empirical Lifestyle Survey (Academic Observational Cohort),35,Female,162.7,59.5,22.5,Normal,Working Professional (IT/Corporate),7.4,23.0,6.4,11:00 PM,06:24 AM,Moderate,9.8,10.5,5.0,1.4,Irregular,18.0,6,Neutral,False,False,Medium,High,High,Regular,Anxiety/stress-related concerns,85.5,15.8,49.2,65.9,60.0,12.0,47.4,Needs Attention (Hina Vihara)
HS-OBS-0466,Empirical Lifestyle Survey (Academic Observational Cohort),28,Female,165.6,63.4,23.1,Normal,Homemaker,6.8,0.0,6.8,12:00 AM,06:48 AM,Moderate,9.9,11.0,18.0,2.0,Regular,10.0,5,Neutral,False,False,Low,High,Medium,Regular,None,80.9,26.0,56.7,84.4,70.5,10.0,52.5,Needs Attention (Hina Vihara)
HS-OBS-0467,Empirical Lifestyle Survey (Academic Observational Cohort),40,Female,160.4,55.7,21.6,Normal,Working Professional (IT/Corporate),5.9,0.5,6.4,12:30 AM,06:24 AM,Moderate,9.9,7.3,14.0,1.4,Irregular,31.0,6,Neutral,False,False,Medium,Medium,High,Irregular,None,67.1,51.8,49.2,67.8,43.0,32.0,51.6,Needs Attention (Hina Vihara)
HS-OBS-0468,Empirical Lifestyle Survey (Academic Observational Cohort),36,Male,163.4,65.9,24.7,Normal,Student,6.5,23.0,5.5,11:00 PM,05:30 AM,Good,9.2,4.4,43.0,2.7,Irregular,37.0,5,Good,True,False,High,Low,Medium,Regular,Digestive problems,80.2,96.9,60.0,99.8,70.0,75.0,79.0,Good (Prasanna)
HS-OBS-0469,Empirical Lifestyle Survey (Academic Observational Cohort),28,Female,158.7,66.8,26.5,Overweight,Self-Employed / Business,5.7,0.5,6.2,12:30 AM,06:12 AM,Good,7.2,8.8,12.0,1.4,Regular,10.0,6,Neutral,True,False,Medium,High,Medium,Irregular,Hypertension,66.4,25.5,51.0,57.4,78.5,25.0,49.1,Needs Attention (Hina Vihara)
HS-OBS-0470,Empirical Lifestyle Survey (Academic Observational Cohort),31,Female,163.4,67.5,25.3,Overweight,Working Professional (IT/Corporate),7.4,23.0,6.4,11:00 PM,06:24 AM,Moderate,7.7,5.5,41.0,2.4,Regular,39.0,4,Good,False,True,Medium,Low,Medium,Irregular,None,85.5,93.8,65.7,88.8,80.0,80.0,81.7,Good (Prasanna)
HS-OBS-0471,Empirical Lifestyle Survey (Academic Observational Cohort),28,Male,164.6,62.8,23.2,Normal,Student,7.9,21.5,5.4,09:30 PM,05:24 AM,Good,7.9,4.0,64.0,2.6,Regular,34.0,2,Good,True,True,High,Low,Low,Regular,None,88.4,100.0,82.5,99.4,100.0,100.0,93.9,Excellent (Svastha)
HS-OBS-0472,Empirical Lifestyle Survey (Academic Observational Cohort),22,Male,177.9,85.5,27.0,Overweight,Working Professional (IT/Corporate),5.4,1.5,6.9,01:30 AM,06:54 AM,Poor,10.3,9.9,25.0,1.7,Irregular,17.0,9,Low,False,False,Low,Medium,Medium,Irregular,None,55.4,48.3,24.4,53.1,43.6,30.0,41.7,Needs Attention (Hina Vihara)
HS-OBS-0473,Empirical Lifestyle Survey (Academic Observational Cohort),28,Male,177.4,82.0,26.1,Overweight,Freelancer / Creative,4.9,1.5,6.4,01:30 AM,06:24 AM,Moderate,10.1,7.0,12.0,2.0,Irregular,7.0,8,Low,False,False,Low,High,High,Irregular,None,50.7,25.7,31.9,67.3,52.2,10.0,37.0,Needs Attention (Hina Vihara)
HS-OBS-0474,Empirical Lifestyle Survey (Academic Observational Cohort),23,Male,173.7,63.0,20.9,Normal,Self-Employed / Business,7.4,23.0,6.4,11:00 PM,06:24 AM,Good,8.4,7.2,26.0,1.8,Regular,26.0,5,Neutral,True,False,Medium,Low,Medium,Regular,None,87.9,66.4,58.5,74.3,93.0,60.0,72.4,Good (Prasanna)
HS-OBS-0475,Empirical Lifestyle Survey (Academic Observational Cohort),33,Male,177.2,73.8,23.5,Normal,Working Professional (IT/Corporate),6.6,23.5,6.1,11:30 PM,06:06 AM,Good,11.2,7.1,24.0,1.8,Regular,9.0,6,Neutral,False,False,Medium,Medium,High,Regular,None,81.7,46.3,49.2,64.7,83.4,32.0,58.4,Moderate (Madhyama)
HS-OBS-0476,Empirical Lifestyle Survey (Academic Observational Cohort),37,Male,172.3,68.0,22.9,Normal,Educator / Academic,6.0,23.0,5.0,11:00 PM,05:00 AM,Moderate,8.0,8.1,5.0,1.7,Irregular,28.0,7,Good,False,True,Low,Medium,Medium,Irregular,None,70.1,35.4,43.2,70.2,53.0,50.0,52.8,Needs Attention (Hina Vihara)
HS-OBS-0477,Empirical Lifestyle Survey (Academic Observational Cohort),19,Female,165.9,74.6,27.1,Overweight,Student,5.4,1.0,6.4,01:00 AM,06:24 AM,Poor,8.4,10.5,1.0,1.8,Irregular,8.0,9,Neutral,False,False,Low,High,High,Irregular,Digestive problems,56.4,5.0,26.7,68.7,50.0,10.0,33.3,Needs Attention (Hina Vihara)
HS-OBS-0478,Empirical Lifestyle Survey (Academic Observational Cohort),36,Male,167.7,65.0,23.1,Normal,Self-Employed / Business,7.6,21.5,5.1,09:30 PM,05:06 AM,Moderate,4.4,5.1,50.0,2.2,Regular,48.0,1,Good,True,True,Medium,Low,Low,Regular,None,86.0,100.0,90.0,81.7,100.0,85.0,90.4,Excellent (Svastha)
HS-OBS-0479,Empirical Lifestyle Survey (Academic Observational Cohort),34,Male,175.9,59.6,19.3,Normal,Working Professional (IT/Corporate),6.5,22.5,5.0,10:30 PM,05:00 AM,Good,10.5,5.3,44.0,1.8,Regular,19.0,4,Good,False,True,Low,Low,Low,Irregular,Anxiety/stress-related concerns,80.7,87.4,65.7,73.4,76.0,70.0,75.7,Good (Prasanna)
HS-OBS-0480,Empirical Lifestyle Survey (Academic Observational Cohort),23,Female,159.7,64.3,25.2,Overweight,Working Professional (IT/Corporate),5.3,1.0,6.3,01:00 AM,06:18 AM,Poor,9.9,7.5,14.0,0.9,Irregular,0.0,9,Low,False,False,Low,High,High,Irregular,None,54.8,21.8,24.4,38.0,43.0,10.0,31.6,Needs Attention (Hina Vihara)
HS-OBS-0481,Empirical Lifestyle Survey (Academic Observational Cohort),35,Male,173.6,60.3,20.0,Normal,Healthcare Worker,6.7,22.5,5.2,10:30 PM,05:12 AM,Moderate,7.6,3.4,26.0,2.7,Irregular,33.0,4,Neutral,True,True,High,Medium,Medium,Irregular,None,81.4,70.4,66.0,98.0,60.0,80.0,75.2,Good (Prasanna)
HS-OBS-0482,Empirical Lifestyle Survey (Academic Observational Cohort),27,Female,150.9,61.7,27.1,Overweight,Student,4.5,2.0,6.5,02:00 AM,06:30 AM,Poor,10.8,9.5,21.0,1.7,Irregular,5.0,8,Good,False,False,Low,High,High,Irregular,Anxiety/stress-related concerns,41.5,31.7,35.7,72.8,48.6,10.0,36.9,Needs Attention (Hina Vihara)
HS-OBS-0483,Empirical Lifestyle Survey (Academic Observational Cohort),28,Male,172.8,63.9,21.4,Normal,Working Professional (IT/Corporate),6.3,0.0,6.3,12:00 AM,06:18 AM,Moderate,8.7,8.0,23.0,2.4,Regular,24.0,5,Low,False,True,Medium,Medium,High,Regular,Hypertension,73.2,59.8,54.5,99.9,83.0,52.0,67.1,Moderate (Madhyama)
HS-OBS-0484,Empirical Lifestyle Survey (Academic Observational Cohort),38,Male,166.3,69.1,25.0,Overweight,Healthcare Worker,7.5,22.75,6.25,10:45 PM,06:15 AM,Good,5.3,5.9,29.0,3.0,Regular,18.0,4,Neutral,True,True,High,Medium,Low,Regular,Digestive problems,87.9,63.1,66.0,98.4,100.0,85.0,81.0,Good (Prasanna)
HS-OBS-0485,Empirical Lifestyle Survey (Academic Observational Cohort),25,Female,162.4,65.0,24.6,Normal,Working Professional (IT/Corporate),7.0,23.5,6.5,11:30 PM,06:30 AM,Moderate,9.6,6.6,20.0,2.1,Regular,21.0,5,Good,True,True,Medium,Medium,Medium,Irregular,Migraine,85.5,52.1,60.0,86.0,63.0,65.0,68.0,Moderate (Madhyama)
HS-OBS-0486,Empirical Lifestyle Survey (Academic Observational Cohort),19,Male,190.6,90.2,24.8,Normal,Student,6.4,23.5,5.9,11:30 PM,05:54 AM,Moderate,10.6,11.0,32.0,2.7,Regular,26.0,6,Neutral,True,True,Medium,High,Medium,Regular,None,76.3,63.8,51.0,78.9,82.7,45.0,64.4,Moderate (Madhyama)
HS-OBS-0487,Empirical Lifestyle Survey (Academic Observational Cohort),26,Female,157.2,52.8,21.4,Normal,Working Professional (IT/Corporate),5.5,1.0,6.5,01:00 AM,06:30 AM,Moderate,8.7,4.6,24.0,1.6,Irregular,18.0,6,Neutral,True,True,Medium,Medium,High,Regular,Digestive problems,60.9,55.3,51.0,78.1,70.0,52.0,59.1,Moderate (Madhyama)
HS-OBS-0488,Empirical Lifestyle Survey (Academic Observational Cohort),51,Female,169.9,57.8,20.0,Normal,Homemaker,6.5,1.0,7.5,01:00 AM,07:30 AM,Good,7.9,5.8,6.0,1.4,Irregular,21.0,7,Neutral,False,False,Medium,High,High,Regular,None,78.7,30.3,41.7,67.5,73.0,12.0,48.8,Needs Attention (Hina Vihara)
HS-OBS-0489,Empirical Lifestyle Survey (Academic Observational Cohort),39,Female,170.0,60.6,21.0,Normal,Self-Employed / Business,7.4,22.75,6.15,10:45 PM,06:09 AM,Good,8.9,5.1,26.0,2.2,Regular,42.0,5,Good,True,True,Medium,Medium,Low,Regular,None,87.9,70.4,60.0,99.3,90.0,70.0,77.3,Good (Prasanna)
HS-OBS-0490,Empirical Lifestyle Survey (Academic Observational Cohort),24,Female,154.9,51.9,21.6,Normal,Working Professional (IT/Corporate),6.2,23.5,5.7,11:30 PM,05:42 AM,Moderate,7.2,7.6,5.0,1.9,Regular,9.0,7,Good,False,False,Medium,Medium,Low,Regular,None,73.2,16.8,43.2,99.4,93.0,50.0,57.9,Moderate (Madhyama)
HS-OBS-0491,Empirical Lifestyle Survey (Academic Observational Cohort),29,Male,167.4,58.7,20.9,Normal,Self-Employed / Business,6.9,22.5,5.4,10:30 PM,05:24 AM,Moderate,8.9,7.2,29.0,2.2,Regular,15.0,4,Good,False,False,Medium,Medium,Medium,Irregular,None,84.5,60.1,65.7,99.5,63.0,45.0,68.2,Moderate (Madhyama)
HS-OBS-0492,Empirical Lifestyle Survey (Academic Observational Cohort),26,Female,169.7,72.0,25.0,Overweight,Student,6.4,0.0,6.4,12:00 AM,06:24 AM,Poor,6.9,8.0,35.0,2.8,Irregular,15.0,8,Low,True,False,Low,Medium,Medium,Regular,None,71.8,69.4,33.8,99.9,73.0,30.0,59.2,Moderate (Madhyama)
HS-OBS-0493,Empirical Lifestyle Survey (Academic Observational Cohort),41,Male,176.0,77.3,25.0,Overweight,Student,7.4,23.5,6.9,11:30 PM,06:54 AM,Moderate,9.5,6.7,17.0,1.7,Regular,20.0,6,Neutral,True,False,Low,Medium,High,Regular,None,85.5,46.4,51.0,59.7,76.0,17.0,55.5,Moderate (Madhyama)
HS-OBS-0494,Empirical Lifestyle Survey (Academic Observational Cohort),40,Male,159.8,69.8,27.3,Overweight,Self-Employed / Business,7.8,23.0,6.8,11:00 PM,06:48 AM,Good,7.4,6.6,35.0,2.8,Regular,38.0,3,Neutral,True,True,High,Low,Low,Irregular,None,87.9,84.4,73.5,99.7,66.0,100.0,85.1,Excellent (Svastha)
HS-OBS-0495,Empirical Lifestyle Survey (Academic Observational Cohort),34,Male,172.7,70.7,23.7,Normal,Working Professional (IT/Corporate),5.7,0.5,6.2,12:30 AM,06:12 AM,Good,11.4,9.5,13.0,1.9,Regular,8.0,7,Neutral,False,True,Low,High,High,Regular,None,66.4,22.2,41.7,73.6,83.8,17.0,47.4,Needs Attention (Hina Vihara)
HS-OBS-0496,Empirical Lifestyle Survey (Academic Observational Cohort),25,Female,169.3,78.5,27.4,Overweight,Student,5.9,1.0,6.9,01:00 AM,06:54 AM,Poor,10.8,7.2,8.0,1.4,Irregular,16.0,9,Neutral,False,False,Low,High,High,Irregular,None,64.1,28.4,26.7,49.7,39.6,10.0,36.1,Needs Attention (Hina Vihara)
HS-OBS-0497,Empirical Lifestyle Survey (Academic Observational Cohort),23,Male,167.3,71.9,25.7,Overweight,Working Professional (IT/Corporate),5.3,0.5,5.8,12:30 AM,05:48 AM,Poor,9.0,9.5,2.0,1.3,Irregular,17.0,10,Neutral,False,False,Low,High,Medium,Irregular,Migraine,54.8,14.1,19.2,51.3,45.0,10.0,30.8,Needs Attention (Hina Vihara)
HS-OBS-0498,Empirical Lifestyle Survey (Academic Observational Cohort),40,Female,161.5,53.7,20.6,Normal,Healthcare Worker,5.5,0.0,5.5,12:00 AM,05:30 AM,Moderate,6.6,5.1,39.0,1.8,Regular,19.0,4,Neutral,False,True,Low,Medium,Medium,Irregular,None,60.9,79.7,64.2,81.7,80.0,50.0,67.4,Moderate (Madhyama)
HS-OBS-0499,Empirical Lifestyle Survey (Academic Observational Cohort),23,Female,167.1,66.1,23.7,Normal,Student,7.0,23.25,6.25,11:15 PM,06:15 AM,Good,8.8,8.3,32.0,2.4,Regular,27.0,7,Neutral,True,True,High,Medium,Low,Regular,Migraine,87.9,75.6,43.5,99.1,83.0,85.0,76.8,Good (Prasanna)
HS-OBS-0500,Empirical Lifestyle Survey (Academic Observational Cohort),18,Female,166.0,69.5,25.2,Overweight,Student,5.6,1.0,6.6,01:00 AM,06:36 AM,Moderate,9.0,9.9,16.0,1.7,Irregular,20.0,7,Neutral,False,False,Low,High,High,Irregular,None,62.4,37.3,41.7,66.3,36.0,10.0,41.5,Needs Attention (Hina Vihara)
HS-OBS-0501,Empirical Lifestyle Survey (Academic Observational Cohort),27,Female,159.4,47.5,18.7,Normal,Educator / Academic,6.0,23.5,5.5,11:30 PM,05:30 AM,Poor,9.9,5.3,35.0,1.4,Irregular,22.0,6,Neutral,True,True,Medium,Medium,High,Regular,Digestive problems,67.1,76.4,51.0,70.0,70.0,52.0,63.5,Moderate (Madhyama)
HS-OBS-0502,Empirical Lifestyle Survey (Academic Observational Cohort),41,Female,166.3,63.7,23.0,Normal,Student,6.1,0.5,6.6,12:30 AM,06:36 AM,Moderate,8.9,6.7,5.0,2.0,Irregular,34.0,7,Neutral,True,True,Medium,High,High,Irregular,None,70.1,37.8,43.5,88.1,36.0,32.0,49.8,Needs Attention (Hina Vihara)
HS-OBS-0503,Empirical Lifestyle Survey (Academic Observational Cohort),24,Female,157.7,62.3,25.1,Overweight,Student,3.8,0.5,4.3,12:30 AM,04:18 AM,Moderate,14.3,7.5,2.0,1.9,Irregular,7.0,8,Neutral,False,False,Low,Medium,High,Irregular,None,34.7,10.1,34.2,86.5,33.0,17.0,32.0,Needs Attention (Hina Vihara)
HS-OBS-0504,Empirical Lifestyle Survey (Academic Observational Cohort),21,Male,182.2,84.1,25.3,Overweight,Student,6.7,0.0,6.7,12:00 AM,06:42 AM,Moderate,9.9,11.0,45.0,3.2,Irregular,13.0,7,Neutral,True,True,Medium,Medium,Low,Irregular,None,79.4,71.0,43.5,99.6,30.5,70.0,65.2,Moderate (Madhyama)
HS-OBS-0505,Empirical Lifestyle Survey (Academic Observational Cohort),35,Male,163.0,61.3,23.1,Normal,Educator / Academic,6.6,22.75,5.35,10:45 PM,05:21 AM,Good,9.2,7.4,20.0,2.6,Regular,26.0,4,Good,False,True,Medium,Low,Low,Regular,Diabetes,81.7,57.1,65.7,98.4,83.0,85.0,76.5,Good (Prasanna)
HS-OBS-0506,Empirical Lifestyle Survey (Academic Observational Cohort),41,Female,164.0,58.7,21.8,Normal,Working Professional (IT/Corporate),7.5,22.25,5.75,10:15 PM,05:45 AM,Good,5.7,2.9,57.0,2.2,Regular,38.0,2,Good,True,True,High,Low,Low,Regular,None,88.4,100.0,82.5,87.0,100.0,100.0,92.6,Excellent (Svastha)
HS-OBS-0507,Empirical Lifestyle Survey (Academic Observational Cohort),33,Female,168.1,57.1,20.2,Normal,Educator / Academic,7.0,21.75,4.75,09:45 PM,04:45 AM,Moderate,8.1,4.0,50.0,2.2,Regular,51.0,3,Good,True,True,High,Low,Low,Regular,None,86.0,100.0,75.0,98.9,100.0,100.0,91.8,Excellent (Svastha)
HS-OBS-0508,Empirical Lifestyle Survey (Academic Observational Cohort),19,Female,160.7,69.6,27.0,Overweight,Student,3.9,2.0,5.9,02:00 AM,05:54 AM,Poor,10.6,10.2,10.0,1.5,Irregular,16.0,10,Neutral,False,False,Low,High,Medium,Irregular,None,32.3,22.8,19.2,59.5,46.7,10.0,28.4,Needs Attention (Hina Vihara)
HS-OBS-0509,Empirical Lifestyle Survey (Academic Observational Cohort),28,Female,162.8,56.2,21.2,Normal,Educator / Academic,7.1,21.5,4.6,09:30 PM,04:36 AM,Good,8.3,6.5,50.0,2.2,Regular,42.0,2,Good,True,True,High,Low,Low,Regular,None,88.4,100.0,82.5,99.0,93.0,100.0,93.0,Excellent (Svastha)
HS-OBS-0510,Empirical Lifestyle Survey (Academic Observational Cohort),18,Male,169.4,64.6,22.5,Normal,Student,6.5,2.5,9.0,02:30 AM,09:00 AM,Poor,10.0,9.3,17.0,1.1,Irregular,3.0,8,Low,False,False,Low,Medium,High,Irregular,Migraine,72.3,24.2,31.9,45.8,33.0,17.0,38.2,Needs Attention (Hina Vihara)
HS-OBS-0511,Empirical Lifestyle Survey (Academic Observational Cohort),37,Female,164.9,64.2,23.6,Normal,Healthcare Worker,6.4,0.0,6.4,12:00 AM,06:24 AM,Moderate,9.4,8.0,10.0,1.4,Regular,18.0,6,Good,False,True,Medium,High,Medium,Regular,Digestive problems,74.8,33.6,50.7,60.1,83.0,45.0,56.7,Moderate (Madhyama)
HS-OBS-0512,Empirical Lifestyle Survey (Academic Observational Cohort),32,Female,176.7,65.3,20.9,Normal,Educator / Academic,7.0,22.0,5.0,10:00 PM,05:00 AM,Good,7.0,4.8,67.0,2.2,Regular,33.0,3,Good,True,True,High,Low,Low,Regular,None,88.4,100.0,75.0,77.4,100.0,100.0,90.2,Excellent (Svastha)
HS-OBS-0513,Empirical Lifestyle Survey (Academic Observational Cohort),20,Male,171.2,67.0,22.9,Normal,Working Professional (IT/Corporate),6.2,0.0,6.2,12:00 AM,06:12 AM,Moderate,9.8,6.4,19.0,2.1,Regular,18.0,6,Good,True,True,Low,High,High,Irregular,None,71.7,47.6,52.5,83.9,63.0,17.0,53.9,Needs Attention (Hina Vihara)
HS-OBS-0514,Empirical Lifestyle Survey (Academic Observational Cohort),35,Female,166.9,66.7,23.9,Normal,Self-Employed / Business,7.4,23.0,6.4,11:00 PM,06:24 AM,Poor,5.8,5.9,41.0,2.1,Regular,33.0,4,Good,True,False,Medium,Low,Low,Regular,None,82.5,93.8,67.5,78.5,100.0,65.0,80.1,Good (Prasanna)
HS-OBS-0515,Empirical Lifestyle Survey (Academic Observational Cohort),22,Female,165.1,76.3,28.0,Overweight,Working Professional (IT/Corporate),4.8,1.0,5.8,01:00 AM,05:48 AM,Poor,11.8,10.2,9.0,1.7,Irregular,9.0,9,Neutral,False,False,Low,High,High,Irregular,Anxiety/stress-related concerns,47.1,14.2,26.7,61.9,37.1,10.0,30.7,Needs Attention (Hina Vihara)
HS-OBS-0516,Empirical Lifestyle Survey (Academic Observational Cohort),45,Male,168.5,70.4,24.8,Normal,Working Professional (IT/Corporate),5.9,0.0,5.9,12:00 AM,05:54 AM,Poor,7.5,7.6,24.0,2.0,Irregular,35.0,5,Neutral,False,True,High,High,Medium,Regular,None,64.1,67.3,56.7,75.1,73.0,60.0,64.6,Moderate (Madhyama)
HS-OBS-0517,Empirical Lifestyle Survey (Academic Observational Cohort),38,Male,160.5,54.8,21.3,Normal,Healthcare Worker,7.6,22.0,5.6,10:00 PM,05:36 AM,Good,8.2,5.4,45.0,2.2,Regular,37.0,1,Neutral,True,True,High,Low,Low,Regular,None,88.4,100.0,88.5,99.5,100.0,100.0,95.1,Excellent (Svastha)
HS-OBS-0518,Empirical Lifestyle Survey (Academic Observational Cohort),34,Female,154.6,52.6,22.0,Normal,Working Professional (IT/Corporate),6.5,23.0,5.5,11:00 PM,05:30 AM,Good,8.8,8.5,20.0,1.8,Regular,15.0,5,Neutral,True,False,Medium,Low,Low,Regular,None,80.2,44.1,58.5,89.7,83.0,65.0,67.9,Moderate (Madhyama)
HS-OBS-0519,Empirical Lifestyle Survey (Academic Observational Cohort),25,Male,171.1,74.6,25.5,Overweight,Educator / Academic,5.4,1.0,6.4,01:00 AM,06:24 AM,Poor,12.1,7.0,7.0,1.0,Irregular,11.0,10,Low,False,False,Low,Medium,High,Irregular,None,56.4,21.9,16.9,37.5,36.2,17.0,30.9,Needs Attention (Hina Vihara)
HS-OBS-0520,Empirical Lifestyle Survey (Academic Observational Cohort),25,Male,173.7,75.1,24.9,Normal,Student,5.8,0.0,5.8,12:00 AM,05:48 AM,Moderate,6.0,6.8,34.0,1.8,Regular,15.0,7,Neutral,False,True,Low,Medium,Medium,Irregular,Digestive problems,65.5,67.9,41.7,61.8,73.0,50.0,58.9,Moderate (Madhyama)
HS-OBS-0521,Empirical Lifestyle Survey (Academic Observational Cohort),23,Male,170.7,76.8,26.4,Overweight,Student,5.7,0.5,6.2,12:30 AM,06:12 AM,Good,14.5,11.7,19.0,1.0,Irregular,7.0,8,Low,False,False,Low,High,High,Irregular,None,66.4,21.8,31.9,35.1,25.0,10.0,33.2,Needs Attention (Hina Vihara)
HS-OBS-0522,Empirical Lifestyle Survey (Academic Observational Cohort),24,Female,155.7,60.8,25.1,Overweight,Student,5.4,0.5,5.9,12:30 AM,05:54 AM,Moderate,10.8,11.0,12.0,1.2,Irregular,7.0,7,Low,False,False,Low,High,High,Irregular,Anxiety/stress-related concerns,59.4,13.7,39.5,53.9,41.1,10.0,35.6,Needs Attention (Hina Vihara)
HS-OBS-0523,Empirical Lifestyle Survey (Academic Observational Cohort),45,Male,174.1,69.5,22.9,Normal,Working Professional (IT/Corporate),6.5,23.0,5.5,11:00 PM,05:30 AM,Good,10.5,4.2,30.0,2.7,Regular,30.0,6,Good,True,True,High,Low,Low,Irregular,None,80.2,76.7,52.5,99.9,76.0,100.0,79.1,Good (Prasanna)
HS-OBS-0524,Empirical Lifestyle Survey (Academic Observational Cohort),45,Male,177.3,65.6,20.9,Normal,Educator / Academic,6.9,23.0,5.9,11:00 PM,05:54 AM,Moderate,8.4,8.5,20.0,2.4,Regular,38.0,6,Good,True,True,Medium,Medium,Medium,Regular,None,84.0,59.1,52.5,99.7,93.0,65.0,72.4,Good (Prasanna)
HS-OBS-0525,Empirical Lifestyle Survey (Academic Observational Cohort),31,Male,168.5,72.1,25.4,Overweight,Working Professional (IT/Corporate),7.5,22.75,6.25,10:45 PM,06:15 AM,Good,9.4,5.8,28.0,2.9,Regular,15.0,5,Neutral,True,True,Medium,Medium,Medium,Regular,None,87.9,58.6,58.5,99.4,90.0,65.0,74.0,Good (Prasanna)
HS-OBS-0526,Empirical Lifestyle Survey (Academic Observational Cohort),28,Female,158.9,50.2,19.9,Normal,Working Professional (IT/Corporate),7.0,22.25,5.25,10:15 PM,05:15 AM,Good,6.2,2.8,46.0,2.2,Regular,32.0,4,Good,True,True,High,Low,Low,Regular,Anxiety/stress-related concerns,88.4,100.0,67.5,99.7,100.0,100.0,90.9,Excellent (Svastha)
HS-OBS-0527,Empirical Lifestyle Survey (Academic Observational Cohort),46,Female,157.5,53.7,21.6,Normal,Working Professional (IT/Corporate),7.8,21.75,5.55,09:45 PM,05:33 AM,Good,8.6,3.2,61.0,2.2,Regular,34.0,3,Good,True,True,High,Low,Low,Regular,Migraine,88.4,100.0,75.0,99.0,90.0,100.0,91.1,Excellent (Svastha)
HS-OBS-0528,Empirical Lifestyle Survey (Academic Observational Cohort),29,Male,190.8,83.7,23.0,Normal,Student,5.7,2.0,7.7,02:00 AM,07:42 AM,Poor,9.5,11.6,0.0,1.1,Irregular,2.0,8,Neutral,False,False,Low,Medium,Medium,Irregular,None,60.0,5.0,34.2,37.5,28.0,30.0,33.4,Needs Attention (Hina Vihara)
HS-OBS-0529,Empirical Lifestyle Survey (Academic Observational Cohort),27,Male,178.3,82.9,26.1,Overweight,Student,7.5,23.5,7.0,11:30 PM,07:00 AM,Moderate,10.3,6.4,20.0,2.7,Irregular,40.0,6,Good,True,True,Low,Low,Medium,Irregular,None,85.5,61.1,52.5,88.0,43.6,65.0,66.0,Moderate (Madhyama)
HS-OBS-0530,Empirical Lifestyle Survey (Academic Observational Cohort),30,Female,164.6,59.4,21.9,Normal,Student,4.4,2.0,6.4,02:00 AM,06:24 AM,Poor,12.6,9.7,11.0,1.7,Irregular,15.0,9,Low,False,False,Low,High,High,Irregular,None,40.0,25.3,24.4,78.3,34.0,10.0,31.9,Needs Attention (Hina Vihara)
HS-OBS-0531,Empirical Lifestyle Survey (Academic Observational Cohort),30,Female,160.2,64.3,25.1,Overweight,Student,7.4,23.5,6.9,11:30 PM,06:54 AM,Good,7.6,7.4,33.0,1.9,Regular,17.0,3,Good,True,True,Medium,Medium,Low,Regular,Asthma,87.9,68.3,75.0,75.2,86.0,70.0,77.1,Good (Prasanna)
HS-OBS-0532,Empirical Lifestyle Survey (Academic Observational Cohort),23,Male,182.0,79.5,24.0,Normal,Student,5.3,1.5,6.8,01:30 AM,06:48 AM,Moderate,9.0,9.5,0.0,1.3,Irregular,9.0,9,Low,False,False,Low,Medium,High,Irregular,Migraine,56.8,5.0,24.4,46.7,38.0,17.0,30.6,Needs Attention (Hina Vihara)
HS-OBS-0533,Empirical Lifestyle Survey (Academic Observational Cohort),31,Male,166.2,72.4,26.2,Overweight,Healthcare Worker,6.5,0.5,7.0,12:30 AM,07:00 AM,Moderate,9.1,7.6,16.0,2.4,Irregular,20.0,4,Neutral,True,False,Medium,High,Medium,Irregular,None,76.3,44.9,66.0,90.0,36.0,25.0,55.9,Moderate (Madhyama)
HS-OBS-0534,Empirical Lifestyle Survey (Academic Observational Cohort),22,Female,160.5,67.3,26.1,Overweight,Freelancer / Creative,6.1,1.0,7.1,01:00 AM,07:06 AM,Poor,8.8,9.0,6.0,1.3,Irregular,5.0,9,Neutral,False,False,Low,High,High,Irregular,Hypertension,67.1,10.3,26.7,54.0,40.5,10.0,34.0,Needs Attention (Hina Vihara)
HS-OBS-0535,Empirical Lifestyle Survey (Academic Observational Cohort),20,Male,176.8,68.0,21.8,Normal,Healthcare Worker,4.7,2.0,6.7,02:00 AM,06:42 AM,Poor,9.6,13.3,8.0,0.9,Irregular,0.0,8,Low,False,False,Low,Medium,Medium,Irregular,Thyroid disorder,44.6,5.0,31.9,36.8,28.0,30.0,29.5,Needs Attention (Hina Vihara)
HS-OBS-0536,Empirical Lifestyle Survey (Academic Observational Cohort),34,Female,164.2,63.1,23.4,Normal,Self-Employed / Business,7.2,0.5,7.7,12:30 AM,07:42 AM,Poor,8.0,9.2,5.0,1.4,Irregular,11.0,6,Low,False,False,Low,Medium,High,Irregular,None,81.0,14.0,47.0,62.2,49.5,17.0,45.0,Needs Attention (Hina Vihara)
HS-OBS-0537,Empirical Lifestyle Survey (Academic Observational Cohort),35,Female,162.7,56.0,21.2,Normal,Educator / Academic,7.1,22.0,5.1,10:00 PM,05:06 AM,Good,7.0,2.4,64.0,2.2,Regular,36.0,4,Good,True,True,High,Low,Low,Regular,Anxiety/stress-related concerns,88.4,100.0,67.5,88.2,100.0,100.0,89.8,Excellent (Svastha)
HS-OBS-0538,Empirical Lifestyle Survey (Academic Observational Cohort),22,Female,155.5,49.3,20.4,Normal,Student,7.1,23.0,6.1,11:00 PM,06:06 AM,Poor,8.6,6.9,65.0,2.0,Regular,15.0,4,Neutral,False,False,High,Medium,Low,Regular,None,82.5,85.0,64.2,88.2,83.0,65.0,76.8,Good (Prasanna)
HS-OBS-0539,Empirical Lifestyle Survey (Academic Observational Cohort),25,Male,170.0,61.3,21.2,Normal,Educator / Academic,7.5,23.5,7.0,11:30 PM,07:00 AM,Moderate,10.1,7.6,38.0,1.4,Irregular,8.0,4,Neutral,False,False,High,Medium,Low,Irregular,Anxiety/stress-related concerns,85.5,67.1,64.2,56.9,45.2,65.0,66.5,Moderate (Madhyama)
HS-OBS-0540,Empirical Lifestyle Survey (Academic Observational Cohort),21,Male,175.1,80.5,26.3,Overweight,Student,5.2,1.5,6.7,01:30 AM,06:42 AM,Poor,7.7,11.6,12.0,0.9,Irregular,14.0,9,Low,False,False,Low,High,High,Irregular,None,52.3,18.3,24.4,30.8,38.0,10.0,29.1,Needs Attention (Hina Vihara)
HS-OBS-0541,Empirical Lifestyle Survey (Academic Observational Cohort),23,Male,171.4,73.0,24.8,Normal,Student,7.2,23.0,6.2,11:00 PM,06:12 AM,Good,6.8,5.8,20.0,2.5,Irregular,38.0,6,Neutral,True,True,Medium,Medium,Low,Irregular,None,87.9,61.1,51.0,99.0,60.0,70.0,70.2,Good (Prasanna)
HS-OBS-0542,Empirical Lifestyle Survey (Academic Observational Cohort),26,Female,159.0,53.5,21.2,Normal,Self-Employed / Business,7.0,0.0,7.0,12:00 AM,07:00 AM,Poor,7.7,8.8,17.0,1.4,Regular,8.0,5,Neutral,False,True,Medium,Medium,Medium,Irregular,Hypertension,81.0,31.2,56.7,69.5,71.5,65.0,62.0,Moderate (Madhyama)
HS-OBS-0543,Empirical Lifestyle Survey (Academic Observational Cohort),32,Male,166.3,71.4,25.8,Overweight,Working Professional (IT/Corporate),7.0,22.5,5.5,10:30 PM,05:30 AM,Good,7.8,6.8,47.0,2.2,Regular,26.0,2,Good,False,True,High,Medium,Medium,Regular,None,88.4,96.0,80.7,76.1,93.0,80.0,86.0,Excellent (Svastha)
HS-OBS-0544,Empirical Lifestyle Survey (Academic Observational Cohort),26,Female,158.4,58.4,23.3,Normal,Homemaker,6.9,23.5,6.4,11:30 PM,06:24 AM,Moderate,9.0,4.9,34.0,2.2,Regular,38.0,4,Low,True,True,Medium,Low,Medium,Regular,None,84.0,82.9,63.8,99.3,90.0,80.0,81.3,Good (Prasanna)
HS-OBS-0545,Empirical Lifestyle Survey (Academic Observational Cohort),22,Male,169.9,68.9,23.9,Normal,Working Professional (IT/Corporate),4.7,1.0,5.7,01:00 AM,05:42 AM,Poor,11.6,9.6,0.0,1.5,Irregular,20.0,7,Neutral,False,False,Low,Medium,High,Irregular,None,45.6,13.6,41.7,62.2,41.7,17.0,35.1,Needs Attention (Hina Vihara)
HS-OBS-0546,Empirical Lifestyle Survey (Academic Observational Cohort),26,Female,162.6,71.6,27.1,Overweight,Student,5.5,23.0,4.5,11:00 PM,04:30 AM,Moderate,10.3,10.1,14.0,1.6,Irregular,16.0,6,Low,False,False,High,Medium,Low,Irregular,None,62.4,29.4,47.0,61.0,49.6,65.0,52.2,Needs Attention (Hina Vihara)
HS-OBS-0547,Empirical Lifestyle Survey (Academic Observational Cohort),31,Male,178.3,83.4,26.2,Overweight,Working Professional (IT/Corporate),6.7,23.5,6.2,11:30 PM,06:12 AM,Moderate,5.2,5.8,39.0,2.8,Regular,28.0,5,Good,False,True,High,Low,Low,Regular,None,80.9,88.7,58.2,86.3,100.0,100.0,84.0,Good (Prasanna)
HS-OBS-0548,Empirical Lifestyle Survey (Academic Observational Cohort),40,Female,164.2,59.6,22.1,Normal,Freelancer / Creative,5.9,1.0,6.9,01:00 AM,06:54 AM,Moderate,8.5,10.5,20.0,1.5,Regular,18.0,8,Neutral,False,True,Medium,High,Low,Regular,Hypertension,67.1,39.1,34.2,66.6,83.0,50.0,54.3,Needs Attention (Hina Vihara)
HS-OBS-0549,Empirical Lifestyle Survey (Academic Observational Cohort),46,Female,164.6,62.9,23.2,Normal,Healthcare Worker,7.1,22.75,5.85,10:45 PM,05:51 AM,Moderate,5.0,6.9,37.0,1.9,Regular,30.0,4,Neutral,True,False,Medium,Medium,Low,Irregular,Anxiety/stress-related concerns,85.5,87.6,66.0,75.7,73.0,50.0,73.1,Good (Prasanna)
HS-OBS-0550,Empirical Lifestyle Survey (Academic Observational Cohort),22,Female,167.9,69.3,24.6,Normal,Working Professional (IT/Corporate),6.5,1.5,8.0,01:30 AM,08:00 AM,Poor,11.0,7.4,9.0,0.9,Irregular,6.0,10,Low,False,False,Low,Medium,Medium,Irregular,None,72.3,20.0,16.9,36.0,38.0,30.0,36.4,Needs Attention (Hina Vihara)
HS-OBS-0551,Empirical Lifestyle Survey (Academic Observational Cohort),41,Male,177.5,69.0,21.9,Normal,Educator / Academic,7.0,22.0,5.0,10:00 PM,05:00 AM,Moderate,6.6,5.2,39.0,2.5,Regular,25.0,2,Good,True,True,High,Low,Low,Regular,Asthma,86.0,85.7,82.5,98.9,100.0,100.0,90.7,Excellent (Svastha)
HS-OBS-0552,Empirical Lifestyle Survey (Academic Observational Cohort),30,Male,178.7,80.1,25.1,Overweight,Working Professional (IT/Corporate),6.5,0.5,7.0,12:30 AM,07:00 AM,Good,10.6,4.9,28.0,1.8,Regular,23.0,4,Low,False,True,Medium,High,Medium,Regular,Asthma,78.7,66.6,62.0,59.3,88.2,45.0,66.3,Moderate (Madhyama)
HS-OBS-0553,Empirical Lifestyle Survey (Academic Observational Cohort),26,Female,158.2,62.1,24.8,Normal,Student,6.7,23.5,6.2,11:30 PM,06:12 AM,Moderate,6.8,4.9,48.0,2.1,Regular,26.0,4,Good,False,True,High,Low,Medium,Regular,None,80.9,96.0,65.7,81.6,100.0,95.0,85.5,Excellent (Svastha)
HS-OBS-0554,Empirical Lifestyle Survey (Academic Observational Cohort),41,Male,169.1,76.6,26.8,Overweight,Working Professional (IT/Corporate),7.2,23.0,6.2,11:00 PM,06:12 AM,Good,7.8,8.5,22.0,2.2,Regular,22.0,6,Neutral,False,True,Medium,Medium,Low,Regular,Digestive problems,87.9,54.2,49.2,76.8,93.0,70.0,70.4,Good (Prasanna)
HS-OBS-0555,Empirical Lifestyle Survey (Academic Observational Cohort),31,Male,184.9,99.3,29.0,Overweight,Student,4.9,1.0,5.9,01:00 AM,05:54 AM,Poor,9.5,7.0,25.0,1.2,Irregular,13.0,10,Low,False,False,Low,High,High,Irregular,Anxiety/stress-related concerns,48.7,51.9,16.9,32.6,43.0,10.0,33.7,Needs Attention (Hina Vihara)
HS-OBS-0556,Empirical Lifestyle Survey (Academic Observational Cohort),24,Male,176.6,71.9,23.1,Normal,Healthcare Worker,7.5,23.0,6.5,11:00 PM,06:30 AM,Good,7.9,3.6,36.0,2.5,Irregular,36.0,5,Good,False,True,Medium,Low,Medium,Regular,None,87.9,86.0,58.2,88.8,80.0,80.0,79.3,Good (Prasanna)
HS-OBS-0557,Empirical Lifestyle Survey (Academic Observational Cohort),27,Female,161.8,51.1,19.5,Normal,Student,8.0,21.5,5.5,09:30 PM,05:30 AM,Good,7.2,5.0,61.0,2.2,Regular,44.0,2,Good,True,True,High,Low,Low,Regular,None,88.4,100.0,82.5,99.5,100.0,100.0,93.9,Excellent (Svastha)
HS-OBS-0558,Empirical Lifestyle Survey (Academic Observational Cohort),31,Female,158.9,56.0,22.2,Normal,Student,6.9,23.0,5.9,11:00 PM,05:54 AM,Good,6.6,3.0,27.0,1.8,Regular,28.0,5,Neutral,True,True,Medium,Low,Medium,Regular,None,86.4,70.0,58.5,82.4,100.0,80.0,77.9,Good (Prasanna)
HS-OBS-0559,Empirical Lifestyle Survey (Academic Observational Cohort),43,Male,180.6,90.1,27.6,Overweight,Working Professional (IT/Corporate),6.6,1.0,7.6,01:00 AM,07:36 AM,Poor,10.6,6.3,14.0,3.2,Irregular,8.0,8,Neutral,True,False,Low,Low,Medium,Regular,None,74.8,29.8,36.0,99.7,61.2,45.0,54.4,Needs Attention (Hina Vihara)
HS-OBS-0560,Empirical Lifestyle Survey (Academic Observational Cohort),27,Female,160.5,54.6,21.2,Normal,Educator / Academic,7.3,23.25,6.55,11:15 PM,06:33 AM,Poor,9.6,3.2,40.0,2.0,Regular,23.0,5,Neutral,True,True,Low,Low,Medium,Regular,None,82.5,85.2,58.5,89.1,83.0,65.0,75.8,Good (Prasanna)
HS-OBS-0561,Empirical Lifestyle Survey (Academic Observational Cohort),34,Female,161.4,53.4,20.5,Normal,Working Professional (IT/Corporate),8.1,21.5,5.6,09:30 PM,05:36 AM,Moderate,7.7,4.5,37.0,2.2,Regular,35.0,3,Good,True,True,High,Low,Low,Regular,Anxiety/stress-related concerns,86.0,87.6,75.0,99.9,100.0,100.0,89.7,Excellent (Svastha)
HS-OBS-0562,Empirical Lifestyle Survey (Academic Observational Cohort),34,Female,172.2,75.6,25.5,Overweight,Healthcare Worker,6.4,0.5,6.9,12:30 AM,06:54 AM,Moderate,8.0,4.5,20.0,2.4,Irregular,15.0,6,Neutral,False,True,Medium,Medium,Medium,Irregular,None,74.8,46.1,49.2,85.3,53.0,65.0,61.2,Moderate (Madhyama)
HS-OBS-0563,Empirical Lifestyle Survey (Academic Observational Cohort),23,Male,162.4,62.4,23.7,Normal,Student,5.5,1.5,7.0,01:30 AM,07:00 AM,Moderate,13.3,9.8,13.0,1.1,Irregular,16.0,9,Low,False,False,Low,High,High,Irregular,Digestive problems,59.9,29.0,24.4,48.0,26.5,10.0,33.1,Needs Attention (Hina Vihara)
HS-OBS-0564,Empirical Lifestyle Survey (Academic Observational Cohort),21,Male,179.6,85.1,26.4,Overweight,Working Professional (IT/Corporate),5.3,1.5,6.8,01:30 AM,06:48 AM,Poor,8.8,11.4,25.0,1.3,Irregular,4.0,9,Low,False,False,Low,High,High,Irregular,Anxiety/stress-related concerns,53.8,29.3,24.4,40.8,28.5,10.0,31.3,Needs Attention (Hina Vihara)
HS-OBS-0565,Empirical Lifestyle Survey (Academic Observational Cohort),35,Male,170.4,47.7,16.4,Underweight,Educator / Academic,7.4,0.0,7.4,12:00 AM,07:24 AM,Good,9.9,4.5,15.0,2.1,Regular,31.0,7,Neutral,False,True,Medium,Low,Medium,Regular,Thyroid disorder,86.4,53.3,41.7,99.4,83.0,80.0,71.2,Good (Prasanna)
HS-OBS-0566,Empirical Lifestyle Survey (Academic Observational Cohort),30,Male,174.5,70.6,23.2,Normal,Student,7.8,22.75,6.55,10:45 PM,06:33 AM,Good,6.8,4.6,47.0,3.0,Irregular,26.0,4,Good,True,True,Low,Low,Medium,Regular,None,87.9,96.0,67.5,99.4,73.0,65.0,80.5,Good (Prasanna)
HS-OBS-0567,Empirical Lifestyle Survey (Academic Observational Cohort),31,Male,168.0,66.4,23.5,Normal,Freelancer / Creative,6.5,23.25,5.75,11:15 PM,05:45 AM,Good,7.3,3.6,43.0,1.8,Regular,33.0,6,Neutral,False,True,High,Medium,Low,Regular,None,80.2,96.9,49.2,67.1,100.0,85.0,78.9,Good (Prasanna)
HS-OBS-0568,Empirical Lifestyle Survey (Academic Observational Cohort),50,Male,174.3,66.5,21.9,Normal,Student,8.2,22.75,6.95,10:45 PM,06:57 AM,Poor,6.2,5.8,37.0,2.5,Regular,39.0,4,Good,True,True,Medium,Medium,Low,Irregular,Hypertension,82.5,87.6,67.5,99.4,73.0,70.0,78.7,Good (Prasanna)
HS-OBS-0569,Empirical Lifestyle Survey (Academic Observational Cohort),28,Female,160.0,47.6,18.6,Normal,Healthcare Worker,7.6,22.0,5.6,10:00 PM,05:36 AM,Good,6.5,2.4,63.0,2.2,Regular,34.0,2,Good,True,True,High,Low,Low,Regular,None,88.4,100.0,82.5,99.9,100.0,100.0,93.9,Excellent (Svastha)
HS-OBS-0570,Empirical Lifestyle Survey (Academic Observational Cohort),32,Female,151.9,54.9,23.8,Normal,Self-Employed / Business,6.5,22.75,5.25,10:45 PM,05:15 AM,Good,10.4,6.6,30.0,1.9,Regular,19.0,5,Neutral,True,True,High,Medium,Low,Irregular,None,80.2,65.7,58.5,87.5,69.8,85.0,73.6,Good (Prasanna)
HS-OBS-0571,Empirical Lifestyle Survey (Academic Observational Cohort),35,Male,172.6,64.5,21.7,Normal,Self-Employed / Business,7.3,22.5,5.8,10:30 PM,05:48 AM,Good,6.8,1.7,60.0,2.2,Regular,40.0,4,Good,True,True,High,Low,Low,Regular,Anxiety/stress-related concerns,88.4,100.0,67.5,79.8,100.0,100.0,88.9,Excellent (Svastha)
HS-OBS-0572,Empirical Lifestyle Survey (Academic Observational Cohort),24,Male,167.3,78.8,28.2,Overweight,Student,5.4,1.0,6.4,01:00 AM,06:24 AM,Poor,10.9,9.1,14.0,1.6,Irregular,8.0,6,Low,False,False,Low,High,High,Irregular,Anxiety/stress-related concerns,56.4,25.4,47.0,55.7,49.8,10.0,39.7,Needs Attention (Hina Vihara)
HS-OBS-0573,Empirical Lifestyle Survey (Academic Observational Cohort),28,Female,172.0,62.6,21.2,Normal,Self-Employed / Business,6.7,22.75,5.45,10:45 PM,05:27 AM,Good,7.4,4.0,20.0,2.2,Regular,24.0,4,Neutral,True,False,Medium,Low,Low,Irregular,None,83.3,55.1,66.0,99.2,80.0,65.0,72.7,Good (Prasanna)
HS-OBS-0574,Empirical Lifestyle Survey (Academic Observational Cohort),28,Female,162.2,67.0,25.5,Overweight,Educator / Academic,6.1,0.0,6.1,12:00 AM,06:06 AM,Moderate,7.9,7.1,29.0,1.7,Regular,29.0,6,Low,False,True,Medium,Low,High,Regular,None,70.1,74.1,47.0,65.7,93.0,67.0,67.9,Moderate (Madhyama)
HS-OBS-0575,Empirical Lifestyle Survey (Academic Observational Cohort),38,Male,167.5,60.5,21.6,Normal,Homemaker,7.0,21.5,4.5,09:30 PM,04:30 AM,Good,5.1,4.6,46.0,2.2,Regular,40.0,2,Neutral,True,True,High,Low,Low,Regular,None,88.4,100.0,81.0,88.0,100.0,100.0,92.4,Excellent (Svastha)
HS-OBS-0576,Empirical Lifestyle Survey (Academic Observational Cohort),29,Male,166.0,74.3,27.0,Overweight,Healthcare Worker,5.5,1.0,6.5,01:00 AM,06:30 AM,Moderate,8.5,5.7,29.0,2.0,Irregular,15.0,7,Good,False,False,Low,Medium,Medium,Irregular,None,60.9,60.1,43.2,70.4,60.0,30.0,52.5,Needs Attention (Hina Vihara)
HS-OBS-0577,Empirical Lifestyle Survey (Academic Observational Cohort),30,Male,177.4,66.2,21.0,Normal,Student,5.5,23.5,5.0,11:30 PM,05:00 AM,Moderate,9.0,7.0,30.0,2.1,Irregular,17.0,4,Low,False,True,Medium,High,High,Irregular,Hypertension,62.4,63.7,62.0,81.8,43.0,32.0,56.7,Moderate (Madhyama)
HS-OBS-0578,Empirical Lifestyle Survey (Academic Observational Cohort),43,Female,161.0,64.0,24.7,Normal,Student,5.6,23.5,5.1,11:30 PM,05:06 AM,Moderate,9.3,5.3,27.0,1.9,Regular,15.0,7,Neutral,False,False,Medium,Low,Medium,Irregular,None,63.9,57.0,41.7,77.1,70.0,60.0,59.6,Moderate (Madhyama)
HS-OBS-0579,Empirical Lifestyle Survey (Academic Observational Cohort),21,Female,158.0,60.2,24.1,Normal,Student,7.5,0.5,8.0,12:30 AM,08:00 AM,Good,8.6,8.7,21.0,1.4,Regular,34.0,6,Neutral,False,False,High,Medium,Medium,Irregular,None,86.4,59.9,49.2,61.3,62.0,60.0,64.0,Moderate (Madhyama)
HS-OBS-0580,Empirical Lifestyle Survey (Academic Observational Cohort),22,Male,157.7,55.3,22.2,Normal,Working Professional (IT/Corporate),7.7,21.75,5.45,09:45 PM,05:27 AM,Good,6.9,4.1,81.0,2.2,Regular,36.0,2,Good,True,True,Medium,Low,Low,Regular,Migraine,88.4,100.0,82.5,84.3,100.0,85.0,89.7,Excellent (Svastha)
HS-OBS-0581,Empirical Lifestyle Survey (Academic Observational Cohort),25,Male,172.5,74.3,25.0,Overweight,Healthcare Worker,6.5,1.5,8.0,01:30 AM,08:00 AM,Poor,12.3,10.3,0.0,2.2,Irregular,8.0,8,Low,False,False,Low,High,High,Irregular,Digestive problems,72.3,5.0,31.9,84.6,25.6,10.0,36.5,Needs Attention (Hina Vihara)
HS-OBS-0582,Empirical Lifestyle Survey (Academic Observational Cohort),37,Male,183.4,80.9,24.1,Normal,Healthcare Worker,5.6,0.0,5.6,12:00 AM,05:36 AM,Moderate,6.0,8.8,12.0,1.8,Irregular,19.0,6,Neutral,False,False,Medium,Medium,High,Regular,None,62.4,34.5,49.2,61.4,78.5,32.0,51.1,Needs Attention (Hina Vihara)
HS-OBS-0583,Empirical Lifestyle Survey (Academic Observational Cohort),24,Female,163.6,61.1,22.8,Normal,Student,6.1,1.0,7.1,01:00 AM,07:06 AM,Poor,9.1,7.0,9.0,1.5,Irregular,10.0,10,Low,False,False,Low,High,High,Irregular,None,67.1,24.0,16.9,67.8,36.0,10.0,35.4,Needs Attention (Hina Vihara)
HS-OBS-0584,Empirical Lifestyle Survey (Academic Observational Cohort),28,Female,161.3,53.0,20.4,Normal,Working Professional (IT/Corporate),7.0,1.0,8.0,01:00 AM,08:00 AM,Moderate,9.1,6.8,5.0,1.4,Irregular,30.0,5,Low,False,True,Medium,High,Medium,Irregular,None,84.0,37.8,54.5,70.0,36.0,45.0,55.6,Moderate (Madhyama)
HS-OBS-0585,Empirical Lifestyle Survey (Academic Observational Cohort),34,Female,155.1,46.7,19.4,Normal,Educator / Academic,6.5,23.5,6.0,11:30 PM,06:00 AM,Good,9.0,5.0,65.0,1.8,Regular,16.0,4,Low,True,True,Medium,Medium,Low,Regular,Diabetes,80.2,86.0,63.8,82.7,90.0,70.0,77.6,Good (Prasanna)
HS-OBS-0586,Empirical Lifestyle Survey (Academic Observational Cohort),33,Male,170.9,73.1,25.0,Overweight,Educator / Academic,6.5,22.5,5.0,10:30 PM,05:00 AM,Good,6.1,3.1,20.0,2.4,Regular,21.0,4,Good,False,False,Medium,Medium,Low,Regular,Hypertension,80.7,52.1,65.7,88.1,100.0,50.0,70.1,Good (Prasanna)
HS-OBS-0587,Empirical Lifestyle Survey (Academic Observational Cohort),41,Male,182.0,75.1,22.7,Normal,Healthcare Worker,6.5,23.5,6.0,11:30 PM,06:00 AM,Moderate,7.2,4.9,27.0,2.4,Regular,19.0,4,Good,False,True,High,Low,Low,Regular,Hypertension,77.8,61.0,65.7,84.1,100.0,100.0,79.6,Good (Prasanna)
HS-OBS-0588,Empirical Lifestyle Survey (Academic Observational Cohort),27,Male,175.4,75.1,24.4,Normal,Educator / Academic,6.6,22.75,5.35,10:45 PM,05:21 AM,Good,9.8,4.3,20.0,2.3,Irregular,30.0,5,Good,True,False,High,Medium,Medium,Regular,None,81.7,61.1,60.0,82.3,70.0,60.0,68.4,Moderate (Madhyama)
HS-OBS-0589,Empirical Lifestyle Survey (Academic Observational Cohort),19,Male,183.1,84.4,25.2,Overweight,Working Professional (IT/Corporate),5.5,23.0,4.5,11:00 PM,04:30 AM,Good,6.6,10.6,13.0,1.4,Regular,11.0,6,Neutral,False,False,Medium,High,Medium,Irregular,None,64.8,20.8,49.2,45.7,69.5,25.0,45.3,Needs Attention (Hina Vihara)
HS-OBS-0590,Empirical Lifestyle Survey (Academic Observational Cohort),23,Female,166.1,61.1,22.1,Normal,Student,3.9,2.0,5.9,02:00 AM,05:54 AM,Poor,11.0,12.0,0.0,1.4,Irregular,16.0,10,Neutral,False,False,Low,Medium,High,Irregular,Migraine,32.3,5.0,19.2,65.5,37.0,17.0,25.9,Needs Attention (Hina Vihara)
HS-OBS-0591,Empirical Lifestyle Survey (Academic Observational Cohort),29,Female,147.4,49.2,22.6,Normal,Student,7.1,0.5,7.6,12:30 AM,07:36 AM,Moderate,7.5,6.9,20.0,2.3,Regular,8.0,5,Neutral,False,False,Medium,Medium,Medium,Regular,None,84.0,39.1,56.7,98.1,86.0,45.0,65.1,Moderate (Madhyama)
HS-OBS-0592,Empirical Lifestyle Survey (Academic Observational Cohort),35,Female,161.5,67.9,26.0,Overweight,Working Professional (IT/Corporate),7.3,22.75,6.05,10:45 PM,06:03 AM,Good,7.7,4.5,45.0,2.6,Regular,15.0,3,Neutral,True,True,Medium,Low,Low,Regular,None,87.9,85.0,73.5,99.3,100.0,85.0,86.6,Excellent (Svastha)
HS-OBS-0593,Empirical Lifestyle Survey (Academic Observational Cohort),29,Female,162.9,71.8,27.1,Overweight,Student,5.2,2.0,7.2,02:00 AM,07:12 AM,Poor,7.0,8.3,15.0,1.9,Irregular,11.0,9,Low,False,False,Low,High,High,Irregular,None,52.3,33.1,24.4,72.0,46.0,10.0,36.9,Needs Attention (Hina Vihara)
HS-OBS-0594,Empirical Lifestyle Survey (Academic Observational Cohort),28,Female,157.4,52.6,21.2,Normal,Healthcare Worker,7.0,22.0,5.0,10:00 PM,05:00 AM,Good,9.2,4.7,62.0,2.3,Regular,25.0,4,Good,True,True,Medium,Low,Low,Regular,None,88.4,95.0,67.5,99.7,90.0,85.0,86.1,Excellent (Svastha)
HS-OBS-0595,Empirical Lifestyle Survey (Academic Observational Cohort),19,Male,179.0,83.3,26.0,Overweight,Student,3.9,1.5,5.4,01:30 AM,05:24 AM,Moderate,11.1,11.7,5.0,0.9,Irregular,17.0,7,Low,False,False,Low,High,High,Irregular,Anxiety/stress-related concerns,35.3,10.0,39.5,30.4,36.2,10.0,26.7,Needs Attention (Hina Vihara)
HS-OBS-0596,Empirical Lifestyle Survey (Academic Observational Cohort),33,Male,174.2,65.9,21.7,Normal,Working Professional (IT/Corporate),7.6,23.5,7.1,11:30 PM,07:06 AM,Moderate,8.7,7.1,34.0,2.1,Irregular,32.0,7,Good,True,False,Medium,Low,Low,Regular,Asthma,85.5,82.9,45.0,81.1,56.0,65.0,69.3,Moderate (Madhyama)
HS-OBS-0597,Empirical Lifestyle Survey (Academic Observational Cohort),29,Male,187.7,76.1,21.6,Normal,Educator / Academic,7.0,22.0,5.0,10:00 PM,05:00 AM,Good,8.8,4.4,59.0,2.9,Regular,48.0,2,Good,True,True,High,Low,Low,Regular,Anxiety/stress-related concerns,88.4,100.0,82.5,99.0,90.0,100.0,92.6,Excellent (Svastha)
HS-OBS-0598,Empirical Lifestyle Survey (Academic Observational Cohort),36,Male,174.0,76.3,25.2,Overweight,Student,5.5,0.5,6.0,12:30 AM,06:00 AM,Good,9.5,6.5,42.0,2.4,Regular,23.0,7,Neutral,False,True,Medium,High,Medium,Irregular,Asthma,63.3,88.3,41.7,79.5,63.0,45.0,61.8,Moderate (Madhyama)
HS-OBS-0599,Empirical Lifestyle Survey (Academic Observational Cohort),24,Male,184.6,97.0,28.5,Overweight,Working Professional (IT/Corporate),7.3,22.75,6.05,10:45 PM,06:03 AM,Moderate,10.2,4.9,25.0,3.6,Regular,26.0,4,Good,True,False,Medium,Low,Low,Regular,Anxiety/stress-related concerns,85.5,64.9,67.5,100.0,98.4,65.0,77.5,Good (Prasanna)
HS-OBS-0600,Empirical Lifestyle Survey (Academic Observational Cohort),40,Female,163.8,49.9,18.6,Normal,Homemaker,7.9,22.0,5.9,10:00 PM,05:54 AM,Good,8.2,4.4,62.0,2.2,Regular,28.0,1,Neutral,True,True,High,Low,Low,Regular,Digestive problems,88.4,98.0,88.5,99.7,100.0,100.0,94.8,Excellent (Svastha)
HS-OBS-0601,Empirical Lifestyle Survey (Academic Observational Cohort),22,Male,169.9,61.0,21.1,Normal,Healthcare Worker,5.9,23.0,4.9,11:00 PM,04:54 AM,Moderate,8.5,9.1,18.0,2.4,Regular,8.0,5,Low,False,False,Medium,High,High,Regular,Digestive problems,68.6,31.6,54.5,99.4,97.0,12.0,55.4,Moderate (Madhyama)
HS-OBS-0602,Empirical Lifestyle Survey (Academic Observational Cohort),29,Female,164.6,63.6,23.5,Normal,Working Professional (IT/Corporate),7.2,1.0,8.2,01:00 AM,08:12 AM,Moderate,9.5,6.0,45.0,1.8,Irregular,20.0,7,Neutral,True,True,High,Medium,Medium,Regular,Digestive problems,84.0,90.0,43.5,69.2,57.0,80.0,71.5,Good (Prasanna)
HS-OBS-0603,Empirical Lifestyle Survey (Academic Observational Cohort),33,Male,176.6,92.7,29.7,Overweight,Working Professional (IT/Corporate),6.9,22.75,5.65,10:45 PM,05:39 AM,Moderate,7.6,6.0,48.0,2.5,Regular,15.0,4,Neutral,True,True,High,Low,Medium,Regular,None,84.0,85.0,66.0,68.6,100.0,95.0,82.9,Good (Prasanna)
HS-OBS-0604,Empirical Lifestyle Survey (Academic Observational Cohort),19,Male,171.2,72.6,24.8,Normal,Healthcare Worker,5.6,0.0,5.6,12:00 AM,05:36 AM,Moderate,6.7,7.7,32.0,2.6,Irregular,8.0,7,Neutral,True,True,Low,Medium,High,Regular,Anxiety/stress-related concerns,62.4,57.8,43.5,99.1,73.0,37.0,58.2,Moderate (Madhyama)
HS-OBS-0605,Empirical Lifestyle Survey (Academic Observational Cohort),28,Male,181.9,104.2,31.5,Obesity Range,Working Professional (IT/Corporate),4.8,1.0,5.8,01:00 AM,05:48 AM,Poor,10.4,9.2,10.0,0.9,Irregular,19.0,7,Low,False,False,Low,Medium,High,Irregular,Thyroid disorder,47.1,29.8,39.5,24.1,53.3,17.0,35.5,Needs Attention (Hina Vihara)
HS-OBS-0606,Empirical Lifestyle Survey (Academic Observational Cohort),47,Male,180.6,67.2,20.6,Normal,Healthcare Worker,8.0,22.5,6.5,10:30 PM,06:30 AM,Good,7.6,6.0,51.0,3.3,Regular,46.0,3,Good,True,True,High,Low,Low,Regular,None,88.4,100.0,75.0,97.6,100.0,100.0,92.2,Excellent (Svastha)
HS-OBS-0607,Empirical Lifestyle Survey (Academic Observational Cohort),30,Male,178.7,72.1,22.6,Normal,Student,7.5,23.5,7.0,11:30 PM,07:00 AM,Moderate,9.1,7.1,12.0,2.6,Irregular,27.0,6,Neutral,True,True,Medium,High,Medium,Irregular,None,85.5,45.7,51.0,99.9,36.0,45.0,59.6,Moderate (Madhyama)
HS-OBS-0608,Empirical Lifestyle Survey (Academic Observational Cohort),40,Female,153.3,50.4,21.4,Normal,Working Professional (IT/Corporate),7.8,21.75,5.55,09:45 PM,05:33 AM,Good,9.2,3.3,37.0,2.2,Regular,31.0,4,Good,True,True,High,Low,Low,Regular,Migraine,88.4,87.6,67.5,99.2,90.0,100.0,87.4,Excellent (Svastha)
HS-OBS-0609,Empirical Lifestyle Survey (Academic Observational Cohort),40,Male,176.1,82.3,26.5,Overweight,Working Professional (IT/Corporate),6.4,23.5,5.9,11:30 PM,05:54 AM,Moderate,8.7,7.0,18.0,2.6,Irregular,8.0,6,Neutral,True,True,Medium,High,Low,Irregular,Digestive problems,76.3,36.0,51.0,85.8,43.0,50.0,56.2,Moderate (Madhyama)
HS-OBS-0610,Empirical Lifestyle Survey (Academic Observational Cohort),35,Male,174.6,70.4,23.1,Normal,Student,5.6,23.0,4.6,11:00 PM,04:36 AM,Moderate,8.9,8.9,8.0,2.2,Regular,19.0,5,Neutral,False,True,Medium,Low,Medium,Irregular,None,63.9,27.8,56.7,86.9,68.0,80.0,61.7,Moderate (Madhyama)
HS-OBS-0611,Empirical Lifestyle Survey (Academic Observational Cohort),25,Male,175.5,63.7,20.7,Normal,Working Professional (IT/Corporate),6.6,23.5,6.1,11:30 PM,06:06 AM,Moderate,7.5,9.5,45.0,2.2,Irregular,11.0,5,Good,True,False,Low,Medium,Medium,Irregular,Anxiety/stress-related concerns,79.3,75.0,60.0,84.5,55.0,30.0,63.4,Moderate (Madhyama)
HS-OBS-0612,Empirical Lifestyle Survey (Academic Observational Cohort),39,Male,165.8,67.9,24.7,Normal,Educator / Academic,6.6,23.0,5.6,11:00 PM,05:36 AM,Good,7.7,4.3,45.0,2.6,Regular,18.0,4,Good,True,True,Medium,Medium,Low,Regular,None,81.7,88.0,67.5,99.3,100.0,70.0,81.8,Good (Prasanna)
HS-OBS-0613,Empirical Lifestyle Survey (Academic Observational Cohort),31,Male,175.0,66.1,21.6,Normal,Working Professional (IT/Corporate),7.2,22.75,5.95,10:45 PM,05:57 AM,Moderate,10.1,4.6,49.0,2.0,Irregular,41.0,3,Good,True,True,Low,Medium,Low,Irregular,None,85.5,100.0,75.0,73.5,59.2,55.0,76.2,Good (Prasanna)
HS-OBS-0614,Empirical Lifestyle Survey (Academic Observational Cohort),34,Female,158.8,69.3,27.5,Overweight,Working Professional (IT/Corporate),7.1,22.5,5.6,10:30 PM,05:36 AM,Good,6.9,4.1,48.0,2.4,Regular,20.0,6,Neutral,True,True,High,Medium,Low,Regular,Hypertension,88.4,90.0,51.0,84.9,100.0,85.0,81.6,Good (Prasanna)
HS-OBS-0615,Empirical Lifestyle Survey (Academic Observational Cohort),26,Female,161.7,60.0,22.9,Normal,Healthcare Worker,6.8,0.0,6.8,12:00 AM,06:48 AM,Poor,9.7,7.2,23.0,1.4,Regular,15.0,7,Neutral,True,False,High,High,Medium,Regular,Digestive problems,77.9,50.8,43.5,61.1,76.0,40.0,57.4,Moderate (Madhyama)
HS-OBS-0616,Empirical Lifestyle Survey (Academic Observational Cohort),51,Female,156.9,47.1,19.1,Normal,Student,7.2,21.75,4.95,09:45 PM,04:57 AM,Good,8.1,4.7,48.0,2.2,Regular,31.0,1,Good,True,True,High,Low,Low,Regular,Digestive problems,88.4,100.0,90.0,99.1,100.0,100.0,95.4,Excellent (Svastha)
HS-OBS-0617,Empirical Lifestyle Survey (Academic Observational Cohort),25,Female,167.1,62.8,22.5,Normal,Working Professional (IT/Corporate),3.9,1.0,4.9,01:00 AM,04:54 AM,Poor,13.0,8.8,19.0,1.3,Irregular,9.0,9,Good,False,False,Low,High,High,Irregular,None,33.3,35.4,28.2,55.2,38.5,10.0,31.3,Needs Attention (Hina Vihara)
HS-OBS-0618,Empirical Lifestyle Survey (Academic Observational Cohort),28,Female,162.8,53.2,20.1,Normal,Working Professional (IT/Corporate),7.0,22.0,5.0,10:00 PM,05:00 AM,Good,7.6,3.9,48.0,2.4,Regular,28.0,3,Good,True,True,High,Low,Low,Regular,None,88.4,98.0,75.0,99.2,100.0,100.0,92.0,Excellent (Svastha)
HS-OBS-0619,Empirical Lifestyle Survey (Academic Observational Cohort),39,Male,172.0,56.7,19.2,Normal,Educator / Academic,8.2,22.75,6.95,10:45 PM,06:57 AM,Good,7.9,4.7,40.0,2.0,Regular,38.0,6,Good,True,False,Low,Low,Medium,Irregular,None,87.9,92.2,52.5,86.3,73.0,45.0,71.9,Good (Prasanna)
HS-OBS-0620,Empirical Lifestyle Survey (Academic Observational Cohort),28,Female,155.8,58.0,23.9,Normal,Student,5.9,2.0,7.9,02:00 AM,07:54 AM,Poor,7.0,9.7,0.0,1.3,Irregular,7.0,8,Neutral,False,False,Low,Medium,Medium,Irregular,Hypertension,63.1,5.0,34.2,64.0,47.0,30.0,39.1,Needs Attention (Hina Vihara)
HS-OBS-0621,Empirical Lifestyle Survey (Academic Observational Cohort),22,Female,155.6,75.1,31.0,Obesity Range,Student,6.5,2.5,9.0,02:30 AM,09:00 AM,Moderate,8.1,13.2,7.0,1.4,Irregular,11.0,8,Low,False,False,Low,High,High,Irregular,Anxiety/stress-related concerns,75.3,5.0,31.9,52.1,32.0,10.0,34.7,Needs Attention (Hina Vihara)
HS-OBS-0622,Empirical Lifestyle Survey (Academic Observational Cohort),28,Female,162.7,64.5,24.4,Normal,Student,4.1,1.5,5.6,01:30 AM,05:36 AM,Poor,8.6,7.0,10.0,1.3,Irregular,3.0,10,Low,False,False,Low,High,High,Irregular,None,35.3,18.6,16.9,55.5,43.0,10.0,27.0,Needs Attention (Hina Vihara)
HS-OBS-0623,Empirical Lifestyle Survey (Academic Observational Cohort),38,Male,173.8,70.3,23.3,Normal,Self-Employed / Business,7.5,1.0,8.5,01:00 AM,08:30 AM,Poor,9.6,7.0,5.0,2.5,Irregular,21.0,5,Neutral,True,True,Low,Medium,High,Irregular,None,81.0,28.8,58.5,100.0,30.0,37.0,55.0,Moderate (Madhyama)
HS-OBS-0624,Empirical Lifestyle Survey (Academic Observational Cohort),32,Female,159.9,57.7,22.6,Normal,Working Professional (IT/Corporate),5.5,23.5,5.0,11:30 PM,05:00 AM,Good,8.5,9.3,14.0,1.4,Regular,18.0,7,Good,False,True,Medium,Low,High,Regular,None,64.8,34.6,43.2,65.5,96.0,67.0,59.3,Moderate (Madhyama)
HS-OBS-0625,Empirical Lifestyle Survey (Academic Observational Cohort),23,Female,156.6,70.4,28.7,Overweight,Student,5.8,2.0,7.8,02:00 AM,07:48 AM,Poor,9.1,11.0,14.0,0.9,Irregular,14.0,10,Neutral,False,False,Low,High,High,Irregular,None,61.5,23.8,19.2,34.9,30.5,10.0,30.6,Needs Attention (Hina Vihara)
HS-OBS-0626,Empirical Lifestyle Survey (Academic Observational Cohort),31,Female,159.9,69.9,27.3,Overweight,Healthcare Worker,7.8,22.0,5.8,10:00 PM,05:48 AM,Good,6.7,1.6,64.0,2.3,Regular,27.0,2,Good,True,True,High,Low,Low,Regular,None,88.4,97.0,82.5,77.2,100.0,100.0,91.1,Excellent (Svastha)
HS-OBS-0627,Empirical Lifestyle Survey (Academic Observational Cohort),42,Male,179.0,74.0,23.1,Normal,Working Professional (IT/Corporate),7.3,22.75,6.05,10:45 PM,06:03 AM,Good,7.2,6.0,36.0,3.0,Regular,36.0,5,Good,True,True,Medium,Medium,Low,Irregular,Thyroid disorder,87.9,86.0,60.0,99.5,80.0,70.0,79.0,Good (Prasanna)
HS-OBS-0628,Empirical Lifestyle Survey (Academic Observational Cohort),33,Female,166.3,57.5,20.8,Normal,Student,7.1,21.75,4.85,09:45 PM,04:51 AM,Good,6.7,4.3,59.0,2.2,Regular,37.0,3,Good,True,True,High,Low,Low,Regular,Migraine,88.4,100.0,75.0,87.9,100.0,100.0,91.2,Excellent (Svastha)
HS-OBS-0629,Empirical Lifestyle Survey (Academic Observational Cohort),30,Female,163.1,67.1,25.2,Overweight,Healthcare Worker,7.1,1.0,8.1,01:00 AM,08:06 AM,Poor,7.9,6.5,10.0,2.7,Irregular,24.0,6,Good,False,False,Medium,Medium,High,Regular,None,81.0,39.6,50.7,98.6,60.0,32.0,57.9,Moderate (Madhyama)
HS-OBS-0630,Empirical Lifestyle Survey (Academic Observational Cohort),28,Male,183.5,83.4,24.8,Normal,Working Professional (IT/Corporate),6.6,0.0,6.6,12:00 AM,06:36 AM,Good,7.0,8.8,11.0,2.3,Irregular,9.0,5,Neutral,False,True,Low,Medium,High,Irregular,Digestive problems,80.2,22.9,56.7,76.4,51.5,37.0,53.6,Needs Attention (Hina Vihara)
HS-OBS-0631,Empirical Lifestyle Survey (Academic Observational Cohort),28,Male,164.6,70.2,25.9,Overweight,Working Professional (IT/Corporate),7.2,23.5,6.7,11:30 PM,06:42 AM,Good,6.0,9.4,12.0,2.1,Regular,25.0,6,Good,True,True,Low,Medium,High,Irregular,None,87.9,38.1,52.5,82.1,68.5,37.0,59.8,Moderate (Madhyama)
HS-OBS-0632,Empirical Lifestyle Survey (Academic Observational Cohort),23,Male,181.9,75.8,22.9,Normal,Student,5.6,1.0,6.6,01:00 AM,06:36 AM,Poor,12.2,11.4,25.0,1.8,Irregular,7.0,8,Low,False,False,Low,High,High,Irregular,None,59.4,32.3,31.9,62.9,20.9,10.0,35.9,Needs Attention (Hina Vihara)
HS-OBS-0633,Empirical Lifestyle Survey (Academic Observational Cohort),45,Male,174.0,62.2,20.5,Normal,Homemaker,8.3,21.5,5.8,09:30 PM,05:48 AM,Moderate,6.6,2.5,45.0,2.7,Regular,43.0,3,Good,True,True,High,Low,Low,Regular,Anxiety/stress-related concerns,86.0,100.0,75.0,99.3,100.0,100.0,91.8,Excellent (Svastha)
HS-OBS-0634,Empirical Lifestyle Survey (Academic Observational Cohort),39,Male,165.2,61.1,22.4,Normal,Freelancer / Creative,6.1,23.5,5.6,11:30 PM,05:36 AM,Moderate,8.6,7.8,30.0,1.9,Regular,14.0,6,Neutral,True,True,Low,Medium,Low,Regular,None,71.6,60.7,51.0,79.5,83.0,55.0,64.7,Moderate (Madhyama)
HS-OBS-0635,Empirical Lifestyle Survey (Academic Observational Cohort),28,Male,173.3,63.5,21.1,Normal,Educator / Academic,7.5,21.5,5.0,09:30 PM,05:00 AM,Good,7.2,4.3,46.0,2.2,Regular,48.0,2,Neutral,True,True,High,Low,Low,Regular,None,88.4,100.0,81.0,84.4,100.0,100.0,92.1,Excellent (Svastha)
HS-OBS-0636,Empirical Lifestyle Survey (Academic Observational Cohort),49,Female,156.0,48.1,19.8,Normal,Student,6.9,0.0,6.9,12:00 AM,06:54 AM,Moderate,6.0,7.2,45.0,1.4,Regular,8.0,4,Low,False,True,Medium,High,Medium,Irregular,Hypertension,82.5,78.0,62.0,68.0,66.0,45.0,67.4,Moderate (Madhyama)
HS-OBS-0637,Empirical Lifestyle Survey (Academic Observational Cohort),43,Female,168.5,56.1,19.8,Normal,Healthcare Worker,7.9,22.0,5.9,10:00 PM,05:54 AM,Good,8.9,6.3,48.0,2.2,Regular,25.0,2,Good,True,True,Medium,Low,Low,Regular,Anxiety/stress-related concerns,88.4,95.0,82.5,99.1,83.0,85.0,88.2,Excellent (Svastha)
HS-OBS-0638,Empirical Lifestyle Survey (Academic Observational Cohort),28,Male,172.8,78.5,26.3,Overweight,Working Professional (IT/Corporate),7.3,23.0,6.3,11:00 PM,06:18 AM,Moderate,8.5,9.6,26.0,2.8,Regular,19.0,6,Neutral,False,False,Low,Low,Low,Irregular,Digestive problems,85.5,53.0,49.2,99.3,74.5,50.0,66.1,Moderate (Madhyama)
HS-OBS-0639,Empirical Lifestyle Survey (Academic Observational Cohort),47,Male,164.7,60.3,22.2,Normal,Working Professional (IT/Corporate),7.0,23.0,6.0,11:00 PM,06:00 AM,Moderate,8.6,7.7,35.0,2.4,Regular,15.0,5,Good,True,False,Medium,Low,Medium,Regular,Thyroid disorder,85.5,69.4,60.0,100.0,83.0,60.0,74.1,Good (Prasanna)
HS-OBS-0640,Empirical Lifestyle Survey (Academic Observational Cohort),20,Male,174.0,59.1,19.5,Normal,Working Professional (IT/Corporate),6.7,23.5,6.2,11:30 PM,06:12 AM,Good,6.7,7.0,36.0,2.4,Regular,15.0,3,Neutral,True,True,Medium,Medium,Medium,Regular,None,83.3,71.0,73.5,99.8,93.0,65.0,78.6,Good (Prasanna)
HS-OBS-0641,Empirical Lifestyle Survey (Academic Observational Cohort),25,Male,168.7,71.4,25.1,Overweight,Freelancer / Creative,5.5,0.5,6.0,12:30 AM,06:00 AM,Poor,11.1,12.7,9.0,1.2,Irregular,12.0,9,Neutral,False,False,Low,High,High,Irregular,None,57.9,7.2,26.7,46.6,36.2,10.0,30.2,Needs Attention (Hina Vihara)
HS-OBS-0642,Empirical Lifestyle Survey (Academic Observational Cohort),33,Female,161.4,48.6,18.7,Normal,Student,6.6,0.0,6.6,12:00 AM,06:36 AM,Good,9.3,6.4,7.0,1.7,Irregular,30.0,6,Neutral,False,False,Medium,Medium,Medium,Regular,Digestive problems,80.2,40.9,49.2,85.0,56.0,45.0,58.2,Moderate (Madhyama)
HS-OBS-0643,Empirical Lifestyle Survey (Academic Observational Cohort),22,Female,157.2,64.6,26.1,Overweight,Working Professional (IT/Corporate),6.4,23.5,5.9,11:30 PM,05:54 AM,Poor,8.0,8.5,12.0,2.6,Regular,30.0,6,Neutral,False,False,Medium,Medium,Medium,Irregular,None,73.3,46.7,49.2,98.7,73.0,45.0,61.1,Moderate (Madhyama)
HS-OBS-0644,Empirical Lifestyle Survey (Academic Observational Cohort),30,Male,157.0,43.9,17.8,Underweight,Educator / Academic,7.0,21.5,4.5,09:30 PM,04:30 AM,Good,7.4,3.8,37.0,2.2,Regular,36.0,3,Good,True,True,High,Low,Low,Regular,Anxiety/stress-related concerns,88.4,87.6,75.0,98.8,100.0,100.0,90.1,Excellent (Svastha)
HS-OBS-0645,Empirical Lifestyle Survey (Academic Observational Cohort),20,Male,173.2,60.1,20.0,Normal,Self-Employed / Business,7.6,23.25,6.85,11:15 PM,06:51 AM,Good,9.1,4.5,26.0,1.8,Regular,21.0,5,Neutral,False,True,Medium,Low,Low,Irregular,Thyroid disorder,87.9,61.4,56.7,77.6,63.0,85.0,72.4,Good (Prasanna)
HS-OBS-0646,Empirical Lifestyle Survey (Academic Observational Cohort),29,Female,167.6,57.2,20.4,Normal,Student,6.7,22.75,5.45,10:45 PM,05:27 AM,Poor,5.9,4.3,21.0,1.8,Irregular,36.0,5,Good,True,True,Medium,Medium,Medium,Regular,None,77.9,62.7,60.0,82.7,80.0,65.0,70.0,Good (Prasanna)
HS-OBS-0647,Empirical Lifestyle Survey (Academic Observational Cohort),29,Female,154.6,54.0,22.6,Normal,Working Professional (IT/Corporate),7.5,23.0,6.5,11:00 PM,06:30 AM,Good,6.3,7.0,25.0,2.1,Regular,21.0,4,Good,True,False,Medium,Low,Low,Regular,None,87.9,59.9,67.5,100.0,93.0,65.0,76.5,Good (Prasanna)
HS-OBS-0648,Empirical Lifestyle Survey (Academic Observational Cohort),32,Female,160.2,59.8,23.3,Normal,Student,6.5,23.25,5.75,11:15 PM,05:45 AM,Good,5.4,6.7,47.0,2.0,Regular,17.0,5,Good,True,True,Medium,Medium,Medium,Regular,Diabetes,80.2,87.0,60.0,80.5,93.0,65.0,76.2,Good (Prasanna)
HS-OBS-0649,Empirical Lifestyle Survey (Academic Observational Cohort),27,Female,150.2,52.7,23.4,Normal,Homemaker,4.8,1.5,6.3,01:30 AM,06:18 AM,Good,11.5,14.5,8.0,1.6,Irregular,2.0,10,Neutral,False,False,Low,High,Medium,Irregular,Anxiety/stress-related concerns,51.5,5.0,19.2,80.0,33.0,10.0,29.8,Needs Attention (Hina Vihara)
HS-OBS-0650,Empirical Lifestyle Survey (Academic Observational Cohort),32,Male,168.1,73.2,25.9,Overweight,Self-Employed / Business,7.5,22.75,6.25,10:45 PM,06:15 AM,Moderate,6.6,6.4,47.0,2.5,Regular,38.0,4,Good,True,True,High,Low,Medium,Regular,Diabetes,85.5,100.0,67.5,84.6,93.0,95.0,87.0,Excellent (Svastha)
